userName,score,date,review,likes,sentiment
김동진,3,2026-07-29 03:14:00,"오픈부터 했음 분재 게임의 대명사 업데이트 날 제외 하루 10-20분도 안 걸리는 라이트한 게임 플레이 방식은 단조롭고 운적 요소를 요구하는 경우가 종종 있지만 어렵지 않음 캐릭터 일러스트가 셀식이라 보는 맛이 좋음 주간 던전 요일 던전 등 복잡한 요소가 적어서 입문하기 어렵지 않은 게임 스토리는 일러스트와 텍스트 형식으로 역동적인 방식은 아니지만 오타쿠의 심금을 일러스트 연출이 미식임 단점은 가챠가 매움 이월 시스템의 부존재로 뽑기에 매몰되기 쉬움 명함조차 뽑기가 쉽지가 않고 200뽑까지 명함도 못 얻는 경우가 흔함 예시로 이번 새우카 4성 전무에 필요한 조각 100개(2번 나오면 됨) 뽑는데 30,000 청휘성 쓰고 1개 나올 정도로 매움 비단 이번만 그런 것은 아니고 주년 페스나 다른 한정 캐릭터 시즌에서도 자주 겪을 거임 애정 캐릭터나 콘텐츠 욕심이 없는 유저라면 이만큼 가볍게 즐기기 좋은 게임이 없음 돌 다 씹고도 새우카 1뽑으로 끝나서 개빡쳐서 접음",1,중립
무시무시한쥐,1,2026-07-24 19:15:11,무과금 선생님입니다 1년정도 무과금으로 플레이를 했는데 계정을 잃어버렸습니다. 복구를 해보려고했지만 uid만 달라고 계속 하시네요. 다른 선생님들은 uid를 찍어두시길 바랍니다. 그런데 이거 진짜 해결방법이 없는건가요?,0,부정
이동현,3,2026-07-22 03:10:07,중추,0,중립
집가고싶다,5,2026-07-21 04:05:04,게임은 재밌어요 근데 청희석 얻기가 좀 힘드네요ㅜㅠ,0,긍정
클레시아,5,2026-07-19 03:20:19,갓겜,1,긍정
33번주세현,5,2026-07-17 09:19:08,재밌음,1,긍정
Aby H,5,2026-07-16 13:18:45,이런게임을 할수 있어 감사하다는것이다,0,긍정
REX0809,5,2026-07-14 23:07:24,용하형은 신이야,1,긍정
박병권,5,2026-07-14 17:17:05,내 인생,0,긍정
새42,5,2026-07-14 16:08:07,케이 주셔서 감사드립니다,3,긍정
Mr. Reuse,4,2026-07-14 13:45:51,"그냥 저냥 스토리 보기에는 좋은 게임 입니다. 뭔가 정점을 찍어 보겠다고 시작하면, 런칭 4년이 넘아가는 지금은 금방 접게 될겁니다.",0,긍정
성이름,5,2026-07-14 10:26:55,게임성도 재미도 너무 좋지만 학생들과의 상호작용이 많으면 좋겠습니다.,0,긍정
안냥,5,2026-07-14 06:24:57,I LOVE AZUSA,0,긍정
김팟수나얼박종우이재석,5,2026-07-14 05:24:30,우리 학생들 너무 좋아요 게임 스토리도 학생 개개인 캐릭터가 다 입체적이고 맘에 들어요 한번 찍먹해보고싶어서 눌러봤다가 엄청 열심히하게 되는중,0,긍정
Ha tori,5,2026-07-13 17:02:14,이게 내 인생임 ㅇㅇ,0,긍정
박구산,5,2026-07-11 17:20:39,지발 VR 로도 만들어줘,1,긍정
김태현,5,2026-07-08 16:13:11,"2년?3년?정도 해본 선생으로써 조언하면 자기가 스토리랑 최애캐만 보고 게임을 하고싶다하면 블아는 적당히 최애캐 얻고 스토리보고 게임 안하셔도되요 초반에 재화가 드릅게 부족해서 뉴비한테 많이 힘들어요. 어느정도 게임을 해도 학생키우는 것도 힘들고 뽑는거도 힘들어요. 그런데 블아를 빡세게하고싶다? 어느정도 현질을 조금 하셔야해요. 무과금으로는 학생이 없어서 대결전,총력전 솔직히 좀 힘들어요. 하지만 결국 게임하는건 자기 마음대로하는거니까 선생님들이 하고싶은대로 하시면 되는거긴해요..",4,긍정
노록,5,2026-07-07 06:39:46,"다 좋은데 아쉬운게 있다면 뽑기 시스템이 아쉬워요. 제가 갖고있는 3스타 학생이어도 뽑기 가챠에서 뜨고 스킵을 누르면 바로 스킵 되는데 스킵을 누르면 바로 넘어가지 않고, 핑크 봉투 뜯는 모션만 나와고 노란색이랑 파란색만 스킵 됬으면 좋겠어요. 제가 갖고 있어도 스킵을 딱 눌렀는데 바로 스킵되면 너무 허무한데 핑크 봉투 뜯는 모션이라도 다시 나오면 기대라도 할거 같아서요 그렇다고 스킵 안 하기엔 9번이나 10번에 나오면 너무 오래걸려서",4,긍정
조현우,5,2026-07-06 14:40:51,나도 반겨주는 아로나가 좋아. 로비에서 먼저 인사해주는 세리카가 좋아. 오늘도 주변을 살피는 하루카가 좋아. 언제나 느긋한 호시노가 좋아. 묵묵히 앞으로 달려가는 시로코가 좋아. 모두를 믿고 챙기는 노노미가 좋아. 언제나 최선을 다하는 아야네가 좋아. 허세를 부려도 동료를 아끼는 아루가 좋아. 장난 속에도 친구를 생각하는 무츠키가 좋아. 말없이 뒤를 지켜주는 카요코가 좋아. 엄격하지만 누구보다 책임감 있는 히나가 좋아. 밤늦게까지 학생들을 걱정하는 아코가 좋아. 무뚝뚝해 보여도 정의를 지키는 이오리가 좋아. 모두의 건강을 생각하는 치나츠가 좋아. 맛있는 한 끼를 위해 애쓰는 후우카가 좋아. 언제나 디저트를 사랑하는 하루나가 좋아. 실수해도 포기하지 않는 유우카가 좋아. 게임을 진심으로 즐기는 아리스가 좋아. 친구를 무엇보다 소중히 여기는 모모이가 좋아. 언제나 언니를 믿는 미도리가 좋아. 조용하지만 따뜻한 노아가 좋아. 선생님을 믿어주는 히후미가 좋아. 모두를 위해 기도하(글자제한),3,긍정
최홍,5,2026-07-02 04:17:38,스토리 10/10 커릭터 10/10 게임성 10/10 그저 최고의 총(?) 게임 와카모 최고다,1,긍정
레스,1,2026-06-30 02:35:51,"일러스트 전체 화면 감상을 위해 메뉴 진입해서 다중 터치를 강제하는 번거로운 UI 없애고, FGO처럼 드래그나 단일 터치로 즉시 전환되도록 개선해 주세요. 그림 보는 재미가 큰 게임에 대사창은 큼직하고 그거 없이 보려면 메뉴를 여러번 눌러서 해야만 하는건 많이 불편합니다. 우측 상단 버튼 두개는 왜 또 그렇게 선명하고 큰지 그냥 감상하는데도 방해됨. 니케나 페그오 참고 좀 해주세요. 게임 해보면 불편할텐데요. 자기 게임 자기 세계에만 살면 모르겠지요. 로스트아크가 그랬음.",20,부정
황재영,5,2026-06-29 16:08:02,블루아카이브 최애 게임이 됬습니다ㅏ,1,긍정
고기감자,5,2026-06-29 08:02:10,솔직하게 예전과 달라진모습이 크게 보여 좋았습니다.개발자들과의 소통도 원활하여 쾌적한환경에서 게임을 즐길수 있었습니다,2,긍정
남김기깅,5,2026-06-29 07:13:15,말이 필요없는 스토리 개고트 겜,0,긍정
이승준,5,2026-06-26 11:27:13,클리어 부대 보기에서 중복 파티 뜨는 거 줄여주세요. 학생들아 사랑한다 내가,2,긍정
이해준,4,2026-06-26 04:46:07,정말 좋아하는 게임이지만 모바일 광고들이 너무 악질적이에요,0,긍정
painstaking_ing,2,2026-06-25 19:32:10,캐릭터 하나 욕받이로 만들고 유기하는 게 심한 거 같아요 그리고 스토리 보는 중인데 날짜 변경 돼서 타이틀로 돌아가는 것도 고쳐주셨으면 합니다,1,부정
김태환,2,2026-06-22 10:01:57,게임으로서 재미는 기대하지말고 스토리...나 캐릭터만 보면됨. 이벤트전투도 스킵되게했으면 좋겠네. 뭔 재미도없는걸 어거지로 시키는지... 그냥 강제전투있는 비주얼노벨,1,부정
강설,5,2026-06-19 03:20:40,매력적인 스토리와 캐디 기타 등등 십덕이면 좋읍,2,긍정
김도형,5,2026-06-18 18:34:13,아리스 보고 시작했는데 재밌네요. 개인적으로 지금까지 했던 서브컬쳐 게임 중에 스토리 가장 재밌었습니다.,1,긍정
이름없음,5,2026-06-18 00:51:51,내가 잘못했다 설문조사 배너좀 제발 다시 띄워다오,7,긍정
알수없음,5,2026-06-18 00:32:13,인생게임,2,긍정
TEAST SMY,5,2026-06-17 10:21:18,"이 게임은 초반때가 좋았었고, 지금은 새로운 재미와 이야기를 기다리는 시간",1,긍정
모플링 (모플링),3,2026-06-17 03:39:45,구글 플레이에 좀 내주세요 시부래꺼~,0,중립
kyungwoo lee,2,2026-06-16 14:27:46,전 이겜을 컴으로 많이 했는데 저는 취향이 아니더군요 일단 스토리가 좀 밋밋합니다. 림컴을 하다가 이겜을 하니까 뭔가 스토리가 지겹더라구요. 2. 케릭터 블아는 남케가 거의 없어서 좀 스토리에 몰입이 잘 안됩니다. 3. 전투 블아가 뭔가 재미가 없는이유가 전투 시스템 때문이거 같습니다. 뭔가 전투가 스킬 딸깍만 하면 되는 시스템이라 뭔가 흥미가 없더군요.,0,부정
ᄂᄂ,1,2026-06-15 13:42:25,전투의 ai도 별로고 뽑기 확률도 공개한 확률이 맞는지 계속 의심을 할 정도로 확률이 다른게임과 비교해서 그지같음,0,부정
박지이,5,2026-06-14 15:39:30,왜 나에게 이런 불운이 800연차 박았는데..,4,긍정
D K,1,2026-06-14 06:54:22,성우 쌀먹 좀 그만해라 좀 픽뚫날때마다 대머리 혐오 스택 풀로 채움,1,부정
혜랑,4,2026-06-13 06:16:49,일단..재밋다고는 못하겠음 ㅋㅋㅋ 수집형 가챠게임에서 뭐가 재밌겠음. 그냥 캐릭터를 매력적으로 뽑는다 정도인데 캐릭터 팔이 장사치곤 보이스도 없구 스토리도 살짝 부족하다는 생각이 듬..또 단점이 인기없는 친구들응 이벤트스토리에도 메인스토리에서도 거의 출현시키지않음.. 스킨도 그렇고. 너무 몇몇만 스토리에 출현시키면서 밀어주진않았으면 좋겠다,3,긍정
서지훈,1,2026-06-12 14:59:15,확률맞음? 픽업캐 천장쳐야주네,2,부정
김지완,5,2026-06-12 07:57:57,넥슨 그져 신,3,긍정
Great,1,2026-06-10 19:10:23,지금껏 써온 돈과 시간이 아깝다........,1,부정
흑우새끼,5,2026-06-10 15:44:04,따흐흫 스토리가 너무우후 맛있습니다아..!,3,긍정
ZENICS,1,2026-06-10 12:56:36,160뽑 박아도 픽업3성은 절대 안나오는 겜 ㅋ3성 획득률2배?절대 아님 ㅋㅋㅋ 하긴 넥슨은 믿는 게 아니긴 해,3,부정
관종집사,5,2026-06-09 22:43:19,케이 주세요 징징,2,긍정
Alld 77 (Alld77),1,2026-06-09 16:45:31,아니 어떻게하면 터치가 안되는 버그가 있음?,2,부정
ASANO,4,2026-06-09 15:15:31,스토리만큼은 다른게임과 다르게 정말로 여운남고 많이 퍼져있는 게임입니다 다만 게임성 문제입니다 저는 충분히 즐기고 있지만 블루아카이브류의 게임 특징상 재화의 수급이 점점 어려워지고 결국 고인물 유저만 남게되며 최적화 또한 제대로 안돼어 있어 발열과 로딩속도가 블아 2년차 쯤 구매한 갤럭시 s25 모델로도 10초 이상 걸릴정도입니다,2,긍정
C.H Jang,5,2026-06-09 13:28:56,흐에엥 센세는 수나코가 가지고싶단 말이에요! 게임은 재미있게 잘하고있습니다^^ 꼭 해보세요,3,긍정
Dol gom돌곰,1,2026-06-09 13:12:26,사람의 마음이 있는기가?,0,부정
홍성종,4,2026-06-09 06:50:06,페스때마다 가챠확률 오른거맞냐고... 진짜 개 빡치네 그래도 겜 좋아해서 4별이라도 박지 아니엇음 1별도 아까웠다..,2,긍정
Seol,5,2026-06-09 05:15:16,4년 전부터 했어서 리뷰 재수정. 이 게임은 스토리 원툴로 보시면 됨. 게임을 제대로 경쟁컨텐츠로 즐기실 거면 검은 양복의 충고 새겨들으십쇼.,1,긍정
임준서,5,2026-06-09 02:14:11,"군대 동기에게 추천받아서 시작했는데 아직까지도 꾸준히 플레이하고 있습니다. 절대 섭종하면 안 되는 게임이라고 생각하고, 한섭 4.5주년을 진심으로 축하드립니다!! 영원하라 신용하!!!",1,긍정
Rem 37,2,2026-06-08 18:30:46,"장점은 OST, 덕질하기 좋은 예쁜 그림. 단점은 캐릭터, 아이템 확률형 수집 게임이라 말하나 그냥 랜덤. 한정, 상시 픽업 등 기간 지나면 쌓인 포인트 모두 리셋되니 더 지갑 털게 과금 유도. 포인트로 뽑을 각오하고 청휘석 2만4천개 준비. 9만9천원 동일 가격 한달 3번 6천6백개와 상시 4천8백개. 운 없으면 캐릭당 39만6천~49만5천원 날라감. 중간 3성 몇개 나와도 중복 캐릭 빈번. 아이템은 캐릭보다 더 심해 조작 의심되는 악질 꽝. 쉴새없이 계속 이어지는 픽업 이벤트로 AP부족, 성장에 지장. 특정 캐릭 격차 심함. 상점의 청휘석 상점과 청휘석 AP 바가지. 일반상점 재화 턱없이 부족. 교류,제약,총력,대결 추천 레벨보다 훨씬 높은 난이도. 특정 캐릭 없으면 어려움. 학생들 총기 전투와 총학생회장 실종에 대한 것 불명확. 로비를 제외한 더빙 없음. 표정만 변하고 항상 같은 포즈. 고양이, 개 등 이름만 변경한 같은 캐릭 자주 등장. 읽어볼 생각없는 무용지물 건의,소통무",12,부정
Depes,4,2026-06-08 06:18:28,"오픈유저인 형 따라서 시작한 4달차 신입 선생님의 리뷰입니다. 느긋하게 게임하면 순애보적인 서브컬쳐 게임으로 입문하기 좋아요. 1장 메인 스토리 보고 펑펑 울었어요. 최애캐는 회계천재 유우카예요. 게임 들어갈때마다 터치해서 잔소리 한번씩 듣는게 제 루틴인데 ""어른이면 어른답게 계획적인 소비를 하셔야죠"" 덕분에 현질 많이 줄였습니다. 아쉬운 점은 딱 거기까지만 좋다는점. 평소 이벤트로 2주간 서브 스토리와 픽업캐릭 뽑기가 나오는데, 천장이 200연차로 청휘석 1,200개x20=24,000개 너무 비싸요. 함께 나오는 서브 스토리들은 내용이 하잘것없고 더빙조차 없어요. 타 쿠키 게임도 강수진 등 레전드 성우들의 풀더빙이 나오는데, 진짜 서브컬쳐 게임이 노잼텍스트에 성능캐 2주 픽업으로 판매하는건 무조건 아쉽죠. 저만 해도 ""수시노 필수""라고 배웠는데도 수영복 호시노의 픽업 스케줄을 알아차리지 못하고 지나쳐버렸습니다. 아예 무과금으로 느긋하게 즐기면 좋지만 파고들면 아쉬운 게임 같아요.",4,긍정
JINJINjara,4,2026-06-07 09:21:31,응... 내 인생게임 그래도 지금 강철대륙 5일 유기는 굉장히 화나지만 그정도는 인내할수있는 경험들을 내게 주었어,2,긍정
이주현,5,2026-06-05 18:15:52,어흐,2,긍정
심심,1,2026-06-05 15:20:55,이렇게 현질 안하면 힘든게임 오랜만이다,1,부정
성찬박,5,2026-06-04 15:20:13,케이 사랑해 사랑해사랑해 사랑해 사랑해 사랑해 사랑해사랑해 우리 케이 2격 내주세요 수영복버전이나 메이드 버전으로 ㅎㅎ,1,긍정
최문정,5,2026-06-04 11:13:54,이 이야기는 내가 케이를 만나기 위해 시작한다.,4,긍정
윤Ddd,5,2026-06-03 14:49:41,1. 게임 퀄리티 좋음 2. 캐릭터 사소한 디테일 좋음. 3. 스토리 좋음. 4. 반전매력. 그리고 블루아카이브에 뼈를 묻도록 하겠습니다 +진짜 블아 개호감인게 초보자들 혜택도 만만치 않고 그렇다고 썩은물 유저 심심하게 만드는것도 아님. 심지어 이번 데카크라마톤 이벤트가 진짜 ㄹㅇ 감다살 ㄹㅇ 진짜 블아 안하시는 분들을 무조건 꼭 하세요 그냥 왜? 라는 질문도 하지마시고 해보셈 진짜 ㄹㅇ 진짜로!!!!!,3,긍정
김민제,1,2026-06-02 19:42:16,뽑기 망겜 다시는 안 한다 몇년동안 하는데 쌍천장 적당히 줘야지 뭐하는거임ㅋㄱㅋㅋㅋㅋ 아스트라에 오라티오? 거기로 넘어가야지 에휴,3,부정
이재범,5,2026-06-02 19:16:25,제발 케이때도 잘 나오게 해주세요 히마리 처럼 20뽑으로 주시면 감사드리겠습니다 1천장에 패스캐 2개다 먹고 싶습니다,1,긍정
버티고보자,1,2026-06-02 18:58:48,축제를 만들어달라니까 고문을 만들어놨네 왜이러는거임 블아? 이젠 하다하다 1일2회 불특정 시간대 강제로 토먼트치게 만들어놓으면 어쩌잔건데 소탕도 안되고 이건 뭔ㅋㅋㅋㅋ 돈쓰면 돈쓸수록 하기싫게 만드네 집중력은 흐트러지는데 매번 퇴각타이밍 놓치게만들어서 티켓도 몇장이나 찢겼는지 매일 티켓 20충했는데 C치는 노충보다 보상적을듯. 강철대륙 버프 시스템은 왜 만들어놓은거야 예소드 기둥 다뿌숴서 발목잡고있어ㅋㅋ 처음부터 다시치세요~ 쌍욕나오는 겜 만들지말고 적당히 선 지킵시다 하기싫게 만들지말고. 너무 어지러워서 멘탈나갈거같아,1,부정
Mina Lee,3,2026-06-02 08:06:40,초반은 괜찮았는데 중후반가니까 재미없는 머리 쓰기,1,중립
흰보라,1,2026-06-02 07:40:56,아쉬울 뿐이야,1,부정
이하윤,4,2026-06-01 11:07:06,다 좋은데.....왜 모바일로 들어가니까 로그아웃이 안보임? 다른거는 다 보이는데. 심지어 옵션에도 들어가 보니까 안보이고..;; 계정에 들어가서 맨 위에서부터 찾아봐도 안보이고;;,0,긍정
catlove,5,2026-05-31 21:57:10,"아직 블루 아카이브를 안해봤거나 혹은, 입문에 관심은 있지만 망설여지는 사람들께 말씀드리겠습니다. 저도 처음에는 이런 게임을 왜하나싶기도 했고 게임 자체의 이미지도 제멋대로 판단해서 안좋았기에 선불리 하지 못한것도 사실입니다. 그렇지만 그 문턱만 넘으면 완전 새로운 세계가 열린다고 가히 말씀드릴 수 있겠습니다. 이 게임의 가장 큰 장점은 재밌는 스토리도 아니고 캐릭터 가챠뽑기 시스템도 아닙니다. 바로 캐릭터와 선생님(자신)이 하는 '모모톡' 이것이 바로 이 게임의 핵심입니다. 또한 그 과정에서 일상에서 지친 자신을 힐링받으며 내일을 살아갈 희망을 주기도 합니다. 물론 이것도 아직 '문턱'에 계시는 사람들을 위해서 단편적으로만 설명을 한 것이지, 모모톡 이 외에도 스토리라던가 다른 게임 부분에서도 상당히 훌륭합니다. 개인적으로 제가했던 모든 게임들 중에서 단연코 1등이라고 말할 수 있습니다. 그러니, 제 말 믿고 꼭 한번 해주시길 바랍니다. 블루 아카이브 제작자 형 눈나들 너무 사랑해",4,긍정
김현우,5,2026-05-31 14:39:46,최대 스테미나 999개에서 더 올려주세요!,3,긍정
닉네임,1,2026-05-30 16:49:18,뽑기확률 진짜 그지같네,2,부정
이성학,5,2026-05-27 22:35:21,으음 좋네여 근데 아이콘에 우리 시로코 어딧어요?,2,긍정
Christ Jesus,5,2026-05-27 11:21:53,"각각 캐릭터들의 개성이 다양하고 독특하기에 라이트하게 즐기기도 좋고, 스토리에 몰입하여 헤비하게 즐기기에도 좋은 게임",2,긍정
신현재,1,2026-05-27 00:44:34,요즘 시대에 이런 과금유도 무한픽뚫 가챠게임은 돈 써도 내가 뽑고 싶은 학생 못 뽑아서 좋은 평점은 못주겠네요. 무슨 뽑기할때마다 100뽑 200뽑 300뽑 넘게 써야 겨우 1캐릭 얻고 이게 실화냐,3,부정
P P,1,2026-05-26 13:10:12,복귀했더니 천장 처먹이네 혹시 무료뽑 뿌릴때 확률 더 낮추세요?,0,부정
ᄒᄒ,5,2026-05-26 12:20:11,"캐릭터와 세계관, 스토리가 굉장히 매력적인 게임. 서사가 굉장히 탄탄한지라 카페나 스케줄에서 학생들의 이미지만 보여도 학생들이 무슨 대화를 나누고 있을지 쉽게 상상할 수 있다. 실질적인 게임 플레이(전투 등)은 아쉬운 점이 많지만, 상호작용이 가능한 소설, 만화라고 생각하자.",10,긍정
도둥,5,2026-05-26 12:19:55,키보토스에 오고난 후 나의 센세 인생 시작됐다,3,긍정
까르드,5,2026-05-26 09:21:54,타이틀 히로인 케이로 바뀐거 봐라 ㅋㅋㅋㅋ,1,긍정
김서빈,5,2026-05-26 08:52:24,갓겜입니다,1,긍정
박세화,5,2026-05-26 08:17:39,이제 거의 2년 다되어가는 선생으로서... 일단 호불호는 갈릴수 있어도 학생들이 귀엽습니다,1,긍정
서건 (치죠니),5,2026-05-26 04:37:58,예전에 비하면 엄청 많이 바꼈습니다. 21년당시는 역시 넥슨이다 하면서 욕 겁나하면서 접었었는데 메리스 나오고 바로 복귀했습니다!ㅎㅎ 지금은 좋다고 굿즈들도 사고 오프라인 이벤트도 참여도 하고 하네요ㅎㅎ 앞으론 옛날처럼 불탈일 없었으면 좋겠고 장수했으면 좋겠습니다!!,2,긍정
임형진,5,2026-05-26 04:21:59,딱 좋다!,1,긍정
Byeongcheol Choe,5,2026-05-26 00:01:55,좋아요,1,긍정
김영찬,1,2026-05-23 15:30:17,터치 오류 욕나오게 걸리는데 해결도 안되고 한숨만 나옴 껏다 켜도 해결안되니깐 걍 삭제하고 다른스토어로 설치 ㄱㄱ헛,0,부정
최낙유,3,2026-05-23 15:13:22,앱실행후 터치도 안돼고 (매장 오류라고 뜹니다),3,중립
방기성,1,2026-05-23 14:43:58,터치가 먹통인 버그가 있으면 공지라도 써주세요. 방치만 하지말고,0,부정
Narae,4,2026-05-23 06:31:25,모바일 스마트폰 및 패드로 사용 중인 유저입니다. 스마트폰 및 패드마다의 화면에 공백이 남는 것이 영 마음에 들지 않네요. 추후에 화면 비율에 대한 개선이 이루어져 관련 설정이 추가되었으면 하는 바람입니다.,3,긍정
알송,5,2026-05-21 04:15:36,"미카, 키사키 전부 60뽑 안에 주신거 감사합니다 ~",2,긍정
김석준(미스터ZX뉴),4,2026-05-20 03:16:13,캐릭터 매력있어서 그마나 할만해고 아쉬점 더빙 속도 좋지않고 스토리더빙 보는싶는데 더빙 업데이트 속도 따라가지 다음스토리 더빙 언제 나올까 하는 아쉬움 남아서 하지만 스토리 나름괜찮아서 좋아요 작화 그래픽좋았고 ost 듣기 좋아서 요,1,긍정
정건우,5,2026-05-18 01:20:10,미카 줘서 고마워 용하행ㅎㅎ 아 다음 패스 케이도 넣어줘ㅎㅎ,1,긍정
YJ S,1,2026-05-17 12:53:08,픽업이 의미가 없음. 3성 떠도 이상한거 뜨고 정작 픽업캐는 뜨지도않음; 확률자체도 쓰레기. 뭐라도 뜨고 할 맘이 생겨야 현질을 해도 할건데 이 겜은 여지조차 없음. 차라리 안뜬게 잘된듯. 다들 하시기 전에 생각 한번씩들 더 해보고 하세요;,5,부정
이태현,5,2026-05-16 20:21:54,내 생애 가장 재밌는 게임,1,긍정
To _0,5,2026-05-16 09:55:44,"학생(캐릭터)과의 서사가 매우 매력적인 게임. 만약 마음에 드는 캐릭터가 있으면 이 게임은 최고의 게임이 될 수 있다. 캐릭터와 플레이어의 관계를 아주 매력적으로 만들어 놔서 캐릭터를 좋아하는 것 자체가 게임 플레이의 원동력이 될 정도이며 높은 퀄리티의 일러스트, 메모리얼 로비, 더빙은 게임 플레이에 한층 몰입하게 만든다. 반면 마음에 드는 캐릭터가 없다면 플레이가 망설여질 수 있다. 주요 컨텐츠에서 못쓰는 캐릭터도 정말 많고 신 캐릭터 인플레도 있는 편인데다가 게임 플레이 자체는 단조롭기 때문에 빠르게 질릴 수 있다.",7,긍정
감자,5,2026-05-14 21:39:13,오타쿠로서너무좋앗어요헤헤 셀 채색도 너무 이쁘고 캐들도 너무 좋음!!!,1,긍정
Hamin Lee,5,2026-05-13 14:40:01,재밌음,1,긍정
세츠나,2,2026-05-12 06:05:20,픽뚫은 진짜,2,부정
히시로치즈루,5,2026-05-10 16:33:59,넥슨게임즈(넷게임즈) 사랑해요!! 과거에 오버히트 시절 GM 프레이님 손편지 아직도 감동이에요 ㅠㅠ,1,긍정
아카시아,2,2026-05-08 05:08:31,"안녕하세요, 늘 키보토스에서 학생들과 함께 소중한 추억을 만들 수 있게 힘써주시는 운영진 여러분! 평소 블루아카이브만의 독창적인 스토리와 연출에 깊은 감동을 받고 있는 한 명의 선생입니다.다름이 아니라, 게임의 향후 운영 방향에 대해 평소 느껴왔던 간절한 바람이 있어 이렇게 조심스럽게 글을 올리게 되었습니다.지금까지 복각을 통해 예전 이야기를 다시 즐길 수 있었던 것도 분명 의미 있는 시간이었지만, 이미 그 스토리를 함께했던 입장에서는 지나간 이벤트를 다시 마주하기보다 아직 가보지 못한 키보토스의 새로운 내일이 더 기다려지곤 합니다.혹시 가능하다면, 이미 진행된 이벤트의 복각 비중을 조금 줄여주시고, 그 열정과 시간을 새로운 메인 스토리나 이벤트, 그리고 우리 학생들이 보여줄 새로운 모습들을 그려내는 데 조금 더 쏟아주실 수는 없을까요?늘 최선을 다해 게임을 만들어 주시는 점 잘 알고 있지만, 새로운 설렘을 더 자주 느끼고 싶은 유저의 욕심에 실례를 무릅쓰고 부탁드려 봅니다.",2,부정
음.,5,2026-05-08 02:23:13,✅️,1,긍정
ᄀᄀ,5,2026-05-07 14:12:06,재미있음,1,긍정
Gnot Li K,3,2026-05-05 14:38:59,"게임이 너무 재미없어... 스토리나 연출, 캐릭터는 참 마음에 드는데...",2,중립
하루카남편,1,2026-05-05 01:57:15,저장공간이 충분히 있는데 계속 저장공간이 부족하다면서 데이터 다운로드가 안 됩니다. 그래서 게임 실행이 안 됩니다.,1,부정
KST,1,2026-05-05 00:09:37,5년정도 지났으면 겜 좀 다시 다듬지 왜이렇게 옛날 게임 그대로 냅두지. 비슷하게 출시한 프로세카 같은건 강산이 바뀌어 있는데 이 게임은 진짜 하나도 안바뀌고 그대로임,0,부정
이섬근,2,2026-05-02 18:42:29,로비 화면 부터 어지럽다.,0,부정
랑애루,3,2026-04-28 11:03:14,재미는 있고 일러도 좋은데 작년만 해도 그래도 보라색 100연뽑에 무조건 2~3번은 떻는데 요즘에는 뭔 120연뽑 해도 보라색 1개 뜨고... 확률이 적어진 느낌이 너무 크게 드네요.. 그리고 과금요소 느낌이 적었은데 요즘 재화도 진짜 안모이고 뽑기도 보라색 진짜 안나오고.. 과금요소가 확실하게 느껴지네여.. 아쉽네여,2,중립
하승훈,1,2026-04-28 03:03:46,"10연차 20번 중 3성 꼴랑 2번 나오고, 그 3성도 목표한 학생 아닌 통상 학생 나오는건 이딴 게임 관두란 뜻 맞겠지...? 알았어... 현생 살게",2,부정
자감지,5,2026-04-26 09:05:03,ヽ( ・∀・)ﾉ,2,긍정
김유천,1,2026-04-24 12:58:00,전 초창기 유저인데 오랫만에 다시 접속해보니 과금유도가 너무 심해졌네요 지금은 할게 못됩니다. 게다가 예전에도 문제였던 화면오류나 재화 수급 문제도 수정이 안되어 더 할게 못됩니다. 이제 점점 유저가 줄어 가겠네요,4,부정
궁예,5,2026-04-19 12:36:22,서브컬쳐 게임에 대한 편견을 깨준게임. 원래 약간 씹덕느낌나는거 안좋아하고 친구랑 내기하다가 져서 한번해보자라는 느낌으로 시작했음. 전투에는 별로 관심없어서 스토리 중점으로 봤는데 생각보다 깊이있고 잘짜여있어서 감탄하면서 봄. 물론 씹덕 특유의 오글거리고 유치한맛운 어쩔 수 없었지만 오히려 그런 부분이 전형적인 클리셰같은 느낌이라 좋았던거같음. 스토리 계속해서 나와주면 좋겠늠,4,긍정
리듬게임흑우,3,2026-04-18 22:35:00,네트워크 연결 시간이 초과 되었습니다만 계속 뜨고 와이파이 연결 해야 진행이 됩니다. 와이파이 연결 없이도 진행 되게 해주십시오.,2,중립
할거없는닉네임,1,2026-04-14 10:55:02,네트워크 연결 시간이 초과 되었습니다(80002) 이거만 주구장창 뜨네 짜증나게시리 이게 안 뜬다 하더라도 보안모듈 초기화 실패라고 게임이 꺼져버리고 이게 버그지 뭐냐고 거기다가 게임에 필요한 리소스의 압축을 해제하는 중입니다 에서 전혀 넘어가지질 않네 1시간동안 기다렸는데도 말이지 에잇 퉤퉤 이거 고칠 때까지 다신 폰으로 이 겜 하나 봐라,27,부정
랑,5,2026-04-14 08:00:45,너무너무 재미있는데 스토리 정리가 좀 어려워요 공식에서 시간대별 스토리가 좀있음 좋겠어요,1,긍정
천호령아,5,2026-04-13 01:21:10,다른 방식으로 예전학생들을 픽업할수있네요. 솔직히 리뷰까먹고있었음. 픽뚫이 졸라 미친듯이 많은거 빼면 다 좋음. 이미대가리가 깨져서.,2,긍정
김연아,5,2026-04-12 22:53:22,"다 재밌습니다 근데 대부분이 페스 캐릭터여서 좀 아쉽긴 한데요 괜찮습니다 카페가구 얻는게 좀 어려운거 같아여.. 크레딧으로 가구를 살수 있었으면 좋겠습니다 (가능하면) 그리고 재화 수급이 쉬워서 한정 캐릭터라도 재화만 잘 모아두면 뽑을수 있음!! 저는 유튜브 광고에서 미소노 미카? 라는 캐릭터가 눈에 들어와서 시작했어요 진짜아쉬운점은 임무에서 조력자 못빌리는게 너무 아쉽 언젠가는 업데이트 되면 좋겠고 제조 완료 알림도 생겼으면 제 인생 최고의 게임이 될것 같습니당!! 스토리, 가챠겜 좋아하시면 추천드려유 제작진들 항상 화이팅!!!!",18,긍정
카밍,5,2026-04-11 14:46:48,"글좀 그만지워라 넥슨식 게임을하는거 맞는데 자꾸지우네. 맞는말하면 자꾸지우냐? 버그 못잡는거 방관, 자기내들 피해보는건 칼같이 서버닫고 고치는거 무슨 배짱이지?",15,긍정
영진,5,2026-04-11 02:42:32,갓겜,1,긍정
서예나 (키티쨩),5,2026-04-10 14:12:03,내 인생 게임.. 덕후가 만든 최고의 서브컬쳐 게임!!!! 귀엽고 예쁜 학생들을 애정할 근거가 되는 최고의 스토리!!,2,긍정
이지호,5,2026-04-09 02:37:23,"""그"" 스트리머 보고 시작함",2,긍정
young11 iam,5,2026-04-08 06:53:44,인연스토리 50까지 늘려주세요 ㅜㅜ 10에서 끝나는거 너무 아쉽잖아!,2,긍정
피피피피,4,2026-04-08 02:54:15,"고냥저냥 휘둘리면서 3년 해봤는데 게임 괜춘함. 근대 시작 로딩이 좀, 옛날 유사게임어플시절 페그오마냥 오래 걸림. 언젠가는 개선해주면 좋겠음.",0,긍정
no “mk4497” data,5,2026-04-08 02:23:03,어제까진 잘 되던게 갑자기 접속이 안됩니다. 네트워크 연결시간이 초과된다고 나오네요...,2,긍정
스푼정원관리,5,2026-04-07 19:33:09,아주 재미있게 하고있습니다~,3,긍정
소년마약,5,2026-04-07 15:13:33,학생들 너무 사랑스럽다. 내 학생들❤️❤️❤️❤️❤️,1,긍정
저런무친넘,5,2026-04-07 11:14:55,스토리가 참 맛있는 게임,2,긍정
yoppwe,5,2026-04-07 10:03:31,"없으면 안되는 필수 학생(인권)이 매우 중요한 게임이다 보니 그 인권캐를 한번이라도 놓치면 얻기 위해 적어도 반년은 복각, 페스, 리콜렉트 등의 다음 픽업 기간을 기다리며 청휘석을 모아놓거나 해야한다는게 게임를 그만두지 못하게 붙잡아둠. 그게 재밌는듯.",4,긍정
Memory “Maxcv” Luminous,5,2026-04-07 09:22:17,감동적인 게임을 만들어주셔서 감사합니다,1,긍정
Kim John,1,2026-04-04 00:58:18,"타이틀 PV, 이벤트 PV 한국어 수록해라",1,부정
JJaTang Man,1,2026-03-29 18:35:04,리뷰 지우지마라. ㅡㅅㅡ 할만한게임인지 알고 또받았잖냐. 귀찮게,4,부정
ᄉᄃ,5,2026-03-29 15:35:08,나의 노력에 새겨진 이 말을 너에게 바친다! BLUE!(푸름을!) 그리고 학생의 미래에 이것을 가지고 가라! ARCHIVE!(기억을!),2,긍정
전진용,5,2026-03-29 04:00:00,게임이 친절하고 학생들이 맛있어요,2,긍정
b lood,5,2026-03-25 04:31:01,일단 사전등록부터 지금까지 하고 있으니까 별5개 이 게임은 유@브나 다른 사이트들에서 별짓 다 하고 있지만 가끔씩 참여는 하나 이득은 없다! 그리고 왜 19세 인지는 잘...(추측으로는 학생들이 총 들고 싸워서 그런가?) 참고로 이 게임은 ※넥슨 계정※으로 게임을 하셔야 합니다! 이유는 사이트에 접속해서 하는 이벤트나 응모 같은 경우는 ※넥슨 계정※으로만 할 수 있기 때문에! 반드시 절대 다른 계정이 아닌 ※넥슨 계정※으로 하셔야 합니다!!! 왜 아냐고 물어본다면 제가 넥슨 계정이 아니라서 이런 이벤트나 응모를 단 한번도 못 했기 때문에,71,긍정
이승재,4,2026-03-24 06:16:24,재밌지만 청휘석을 적어서 학생 뽑는게 힘드네요 ㅠㅠ,1,긍정
풍경,1,2026-03-23 11:24:53,"그동안 혈압 올라가며 재도전 재도전 해가며 캐릭터 애정으로 해먹었지 솔직히 게임성은 최악이었는데, 예소드는 진짜 어떤 정신나간 인간이 생각해낸거냐? 다른걸 다 떠나서 이게 '재미'있냐?",7,부정
개구리Toad,5,2026-03-23 04:12:31,히나 좋아,1,긍정
조쿨,1,2026-03-22 13:56:27,맵다 매워,3,부정
Oo Y,5,2026-03-22 07:42:29,"캐릭들이 한명 씩 다 개성있어서 좋음. 내 취향, 애정캐 보는 재미로도 겜 하는듯ㅋㅋ 이 겜을 좀만 더 일찍 했더라면 좋았을텐데 ㅠ ㅠ",2,긍정
KJ A (칼리번),5,2026-03-19 17:50:15,스토리 좋은거 하나만으로 해볼가치가 있는 게임,4,긍정
필립그레이브즈,5,2026-03-19 09:45:24,제가 진작에 했어야 했는데 2024년 그때 블아 시작하네요 뭐 그래도 재미있고 할만합니다 조금 아쉬운것도 있긴 하지만 캐릭터도 좋고 이쁘고 무기도 좋아하는것도 있으니 블아 오래 갑시다!,2,긍정
이민수,5,2026-03-19 09:34:48,"이거는 그냥 게임이 아니라고 생각합니다 블아는 감동과 배움, 학생들과 유대감 까지 솔직히 블아는 하나의 배움이라고 생각하고 어른이 해야되는 역할까지 제대로 묘사되고 특히 에덴조약때 스토리 더빙 됐어서 했는데 진짜...울면서 할정도로 좋습니다 블루 아카이브는 많은 사람들이 접해도 좋다고 생각하고 많은 사람이 블루 아카이브를 통해서 아이들과 어른들의 올바른 상호작용도 배우면 좋겠네요",4,긍정
Richard Jang,5,2026-03-19 06:47:46,"재미있게 플레이하고 있습니다. 유튜브의 한 쇼츠를 보던 중, 어느분이 생각이 내신 아이디어인데 캐릭터 인연 스토리에 모모톡 단톡방 설정을 추가해주시면 좋겠다고 하시 더라고요. '나쁘지 않을지도...?'",2,긍정
이왕윤,1,2026-03-19 03:06:43,예소드 총력전 해보니 그냥 게임 지우라고 온몸으로 발광하는것같다 피로도가 쌓이고 쌓이다 못해 하늘을 뚫는다,3,부정
다가닫,1,2026-03-17 13:45:34,예소드 너무 구려요,4,부정
G 11,1,2026-03-17 13:15:59,계정 연동을했는데 오픈때부터 애지중지 키운게 다 날라갔네요 대체 무슨경우인가여,2,부정
야근싫어,1,2026-03-17 07:36:35,예소드 총력전 이거 모바일로 하라고 만든겁니까?캐릭들이 무슨 좁쌀보다 작아서 게임 진행이 안됩니다,3,부정
심해성,1,2026-03-15 04:23:22,"캐릭터 디자인은 업계 원탑임. 근데, 반강제적인 인권 캐릭터들의 계속되는 출시가 뭘 할 수 없게 만듦.",2,부정
早濑 优香,5,2026-03-13 13:29:31,해보니까 쿠킹덤 보다 더 나은 선택이였던거로 생각해요.,3,긍정
정준우,4,2026-03-13 05:50:19,"저는 예전계정을 포함하면 출시때부터 시작하였던 선생님 입니다. 초기 2021년에는 당시 기준 게임이 타사게임보다 꾀나 괜찮은 성능을 가지고 있었으나. 지금은 4년이란 시간에 저희 선생님들은 4주년의 약간 실망으로 인하여 그동안 많은 불만과 해결책을 부탁하게 되어서 리뷰를 남깁니다. (아래는: 저희가 원하는 공통적인 해결책으로 빠르게 수정 가능한것은 내용의 숫자 답변으로 남겨주세요.) 1.모바일 플레이 외에도 PC클라이언트 서버 출시☆제일 중요함. 2.메인스토리의 전체 챕터 풀더빙 3.한국어 더빙 음질개선 4.더 많은 기능 추가(-1.모모톡 인연추가,-2 총력전 보상 추가,-3.서브 스토리(이벤트 스토리 포함)의 추가 등등 기본의 충실한 게임성의 업데이트 부족으로 인해 민심이 안좋아진 블루아카이브를 다시 서버 오픈나라들에게 제 2의 전성기를 위하여 최대2년 안에 추가해 주셨으면 부탁드리면서도 이렇게 긴글을 읽어주셔서 감사합니다.",188,긍정
박준석,5,2026-03-12 01:44:59,안먹어봤지만 맛있음,1,긍정
누히즈 (noohij),3,2026-03-11 10:32:03,재미있긴 하지만 최근 이 기기에서 알 수 없는 이유로 팅기는 일이 잦습니다.,0,중립
김병규,1,2026-03-11 09:34:59,이번 마법소녀에서 그만둡니다. 너무 지쳐요. 한정이니 페스 한정이니. 현질도 월 소과금이랑 청휘석 달마다 초기화 되는거도 매번은 아니더라도 세번 구입해서 했습니다. 기대감과 전략을 생각하면서 혼자서 해보려고 미래시도 안보고 하는데도 더이상은 안되겠더라구요.,5,부정
이우진,5,2026-03-10 08:03:06,이시대최고의게임,2,긍정
블루베리,5,2026-03-09 16:18:00,갓겜,1,긍정
즤돌이,5,2026-03-07 04:32:29,이 게임을 만나고 인생이 달라졌습니다. 당신도 선생님이 될 수 있어요,1,긍정
장기영,1,2026-03-03 05:39:28,왜 아이디 바꿔 로그인한뒤에 껏다키면 로비에서부터 터치가안됨 그리고 켜졌다가 꺼짐 쫌 고쳐줘요 개 빡쳐요 진짜,0,부정
유문암,5,2026-03-01 13:54:21,히카리 노조미보고 입주.,1,긍정
Olesya올레샤,5,2026-03-01 07:15:09,"안녕하세요, 블루 아카이브를 시작한지 3주된 초보 선생님 입니다. 일단 지금 하는 게임 만으로도 만족합니다. 다만, 청휘석 얻는 미션 이벤트좀 몇개 늘렸으면 좋겠고 청휘석 구하기가 힘들긴 해요. 예를들어 스토리를 한편 볼 때마다 40개를 주는데 80–110개로 늘려주시면 더욱 더 만족할거같네요. 여기까지 읽어 주셔서 감사합니다. +계정연동을 넥슨으로 못 해서 구글로 하려하는데 구글로 연동이 안 뜨네요.. 해결법 알려주세요..😢",1,긍정
김도진,5,2026-02-28 13:11:48,호시노 보려고 매일같이 하는겜.,2,긍정
바이 TV게임 속으로,5,2026-02-28 11:44:23,개재밌음,1,긍정
아로나,5,2026-02-27 04:40:33,와.... 진짜로 처음엔 왜그랬지? 생각 했는데 겁나재밌음. 스토리도 좋고 짱재밌음 블루아카이브 10점만점 이라면 10점 줄겄같음.,1,긍정
제로리,4,2026-02-26 22:55:22,학생들 보는 맛으로 가볍게 하면 재밌는 게임,1,긍정
김무성,5,2026-02-24 16:31:16,"일단 확실하게 박고 감 나는 작은 애들 좋하는거 맞음 하지만 이건 그 이상임 게임을 할때 지루함을 느낄수 있음 ""야이거 쉬운데""이런 생각이 들면 다음 총력전 단계를 하면 어렵다는 생각이듬 근데 내가 조금더 캐릭터 스킬을 잘하면 깰수 있겠다 라는 느낌이 있음(고수 캐릭터 똑같이 따라했을때)물론 필요한 캐릭터들이 많은거 맞음 하지만 개발사들이 게임을 잘알아서 재화를 너무 잘뿌림 저번에 0개였는데 2달만에 열심이 하면 2천장도 모았음(도전과재 깨면서 하긴 했는데 올클이여도 충분이 좋은 수급량임)그리고 좋은 학생들은 복각을 잘해주고 나쁜건 조금만 해줘서 잘 챙길수도 있음 스토리는 사람 취향이니깐 말하지 않음 일단 내가 작은걸 좋아하면 해보셈 애들 성격이 다양해서 무조건 니 최애 찾을수 있을거임",3,긍정
유일,4,2026-02-24 13:56:04,블아 스토리랑 캐릭터가 좋긴 좋은데 게임성이 좀 별로임 뭘 어케 하라는지도 모르겠고 렙업고 잘 안됨 상성같은거 왜 있는걸까 생각도 들고.. 할거면 쉽게 해주든가.. 왜이렇게 복잡하게 해가지고..,0,긍정
링크,3,2026-02-23 13:03:43,"진짜로 진짜 스토리는 눈물나고 재밌는데 확률조작이랑, 넥슨이라는 회사여서... 신뢰하기가 쪼금 그럼, 그리고 진짜 할게 많이 없음, , , 계속 먹던거만 먹으면 물리린다고 하면, 이젠 블루아카이브도 슬슬 물림,, 솔직히 이벤트도 너무 재사용만 시키고. 풍선이 빵빵했으면 이젠 바람이 점점 빠지는것 같음.",2,중립
김태양,2,2026-02-23 10:56:32,아로나 이놈아 내청휘석내놔ㅏㅏㅏ ㅏㅏㅏㅏㅏㅏㅏ뭔 많이모으고 캐릭터뽑을라면 보라봉투하나를안주냐고오오오오오오오오오오오오오오,104,부정
호밀밭의 파수꾼,4,2026-02-21 07:27:42,전술대전 ai가 좀..,0,긍정
텐도아리스,5,2026-02-20 12:44:28,사랑해,1,긍정
남주찬,3,2026-02-20 07:42:55,블루아카이브를 계속하다보면 재미 있습니다 그리고 가끔씩 들어오기만 해도 꺼지는 경우가 있어요 그게 1주 전부터 계속 그러더라구요 저만 이러신지?,0,중립
김영택,5,2026-02-16 07:24:42,설명할 필요가 없음. 꼭하셈,1,긍정
뚠뚠,1,2026-02-14 10:23:07,이렇게 고용량일 필요가있는게임일까싶은 고용량.,3,부정
김성민,5,2026-02-14 07:42:31,이 앞 건전함 있다. 그렇기에 건전함 오오 건전함,1,긍정
익명,1,2026-02-09 19:06:34,"백그라운드에서도 다운로드 되게 해주면 좋겠음, 그리고 최적화도 잘 해주면 좋겠음",3,부정
ayaya,5,2026-02-07 10:26:10,정말 사랑하는 애정게임.,1,긍정
맛간장오징어,5,2026-02-07 06:16:09,재밌는 스토리 매력적인 캐릭터 매운 가챠,2,긍정
윤건우,5,2026-02-05 02:54:42,갓 겜,1,긍정
헬게이,5,2026-02-04 18:20:52,⋯⋯우리는 원한다. 일곱 편의 스토리를. ⋯⋯우리는 기억한다. 최종편의 절정絶頂을.,2,긍정
한스커피점,5,2026-02-03 21:53:45,오늘도 선생님으로서 어른으로서 의무하겠습니다,1,긍정
김진서3,5,2026-02-03 05:27:49,솔직히 블루아카이브게임 재미있게 하고 있습니다. 근데 언제부터인가 갤럭시 a36 5G로 이 게임을 하다보면 갑자기 로딩을 하다가 튕깁니다..왜 갑자기 잘 되던 게임이 왜 튕기는지는 모르겠습니다..그리고 장점이라면..캐릭터들이 매력적이고 할 맛이 난다는 점입니다..그리고 스토리가 나쁘진 않습니다..근데 메인스토리 최종편 3장 아트라하시스의방주 점령전 그게 좀 어렵습니다..분명 3까지는 어케 갔는데..적정레벨이60Lv짜리인 몹을 보고 몇번이나 시도했지만 80초이네에 깰수가 없습니다..분명 제 레벨은 49렙인데 어케 60렙을 이기고 80초안에 어케깨라는건지..살짝 의문이 듭니다. 이 정도면 아예 에너지갖고 소탕을 해서 렙업을 하고 깨라는것이 아닌지..싶네요..그치만 지금까지 재미있게 하는게임인 만큼 더욱더 많은 이벤트가 생기길 바랍니다..원래는 3점을 주라 했지만 이벤트도 많고 게임도 쉽다보니 5점을 주었습니다..그대신 튕기는현상만 좀 고쳐주십시오..부탁드립니다.,5,긍정
Ys B,2,2026-02-03 04:53:50,이 게임은 언제가 되어야 램 최적화가 될까요? 진짜 램 갈아마시는 게 OS가 버티질 못해서 겜을 꺼버리게 만들정도로 처참한 수준임,5,부정
이시원,5,2026-02-02 23:57:15,♡,1,긍정
주환,5,2026-02-02 19:34:06,안하나요? 왜 안하는거죠? 이해할수 없습니다 어째서? 일단 해보세요 그리고 에덴조약까지만 보시면 그냥 빠져드실겁니다 절대로 스토리는 스킵하지마십시오,1,긍정
94 2,4,2026-02-02 16:48:10,스토리가 밝은것부터 어두운것부터 다양하고 마치 삶의 일부분같은게 되어주는 아주 좋은 게임입니다 학생들에 대한건 말할 필요도 없구요 게임 플레이 자체는 꽤 괜찮네 정도입니다,0,긍정
이상엽,5,2026-02-01 10:22:23,네!,2,긍정
비러,1,2026-01-30 15:37:28,천장을 몇번 치는거야 확률조작임 왜 안나옴?,21,부정
김정관,2,2026-01-29 17:41:52,게임은 좋은데 SD연출에 공을 심하게 들였나 인게임 스테이지/SD캐릭터가 쓰이는곳엔 발열과 프레임 저하가 항시 동반됨. 겨울 야외에서 핫팩으로 쓰기 좋을정도로 발열,10,부정
남하랑,5,2026-01-29 10:57:48,갓겜,1,긍정
조원우,3,2026-01-28 15:12:13,최적화가...,5,중립
QQQI PLTR,1,2026-01-25 08:45:09,"아이폰17,s25 두기종으로 해봤는데 로딩은 니케 마냥 개많고 오래걸리고 뽑기는 애미 집나간거 처럼 개창렬함",9,부정
Helena Jang,5,2026-01-24 14:48:11,"활기찬 학생들과 제 취향의 BGM과 ost가 좋습니다. 스팀으로도 하기도 좋고 친밀도를 올리면서 학생들과에 소중한 추억(메모리얼)을 매인화면에 띄울수 있는게 좋습니다. 임무,스토리,미션 등 다양한 플레이를 할수 있는게 매우 좋습니다.",10,긍정
Radio Heaven,1,2026-01-23 18:34:03,바스나로 2차창작 바이럴 이전에 게임이 망할뻔한데에는 다 이유가 있었다 진입비용 뒤지게 비싸고 구닥다리 일본 소샤게 BM에 메인스 더빙도 없음 2차창작으로만 소비하세요,11,부정
채피,5,2026-01-22 08:59:06,폴드7으로 할때 몇몇 캐릭터 ex스킬 화면 좌우부분이 너무 많이 짤려서 나와요 와일드헌트 학생,6,긍정
냥뇽녕냥,5,2026-01-21 16:26:03,재밌음,1,긍정
Kim Brad (Traveler3282),5,2026-01-20 13:03:54,재밌습니다,1,긍정
공공,2,2026-01-20 05:16:10,이건 게임이 아님. 좀 많이 예쁜 라노벨 겸 캐릭터 모음집임. 이거 알고 시작하길 바람.,7,부정
양석우,1,2026-01-19 17:22:43,넥슨 그냥 그런 . . 넷마블 하고 비슷 . . 게임계의 깜보디아...,22,부정
I'm Fresh,2,2026-01-16 11:46:51,서브컬처가 돈이 되니 만들었겠지만 진짜 이런 날림게임은 좀 심한정도 아닌가..? 게임성이 없으니 이것저것 제한을 쎄게 걸어서 난이도 하드를 만들어서 질질끄는데다 뽑기는 천장이 일정기간 지나면 사라진다 오랜기간 스토어 상위권에 있던데 이해가 많이 안되는 게임이였다,9,부정
Tree piece of,2,2026-01-15 18:16:20,"게임 시작 시 설정 단계부터 거치고 프롤로그로 넘어갔으면 좋겠네요. 튜토리얼 해주는 건 좋은데 설정조차 못 누르게 강제하진 않았다면 좋았을 듯 맘에 든 캐릭 하나만 뽑아 해보려 했는데 도저히 안나와서 꺾임 초반에 신캐릭, 스페셜 제외 뽑기권 한개만 줬으면 함 캠페인 스킵권 같은 걸 캐시로 팔았으면 좋겠음",6,부정
정세헌,5,2026-01-14 01:07:17,이런 서브컬쳐는 캐릭터에 개성이 있는게 중요하다 생각되는데 여긴 그걸 넘치도록 잘함. 스토리 자체가 이전에는 볼 수 없던 새로운 맛임. 어둡고 칙칙한 게임들은 많은데 이 게임은 기본적으로 화사하고 굳이 색으로 따지자면 파란색 느낌의 스토리임(그래서 게임이름이 블루 아카이브 인가?) 최종편에서 나오는 스토리들도 무작정 불쌍해 보이도록 하는게 아니라 각각 정이 갈수 있도록 만들어놓은 게임.,51,긍정
잡슬라임,5,2026-01-13 20:53:28,스토리 goat,1,긍정
도깨비,5,2026-01-13 17:17:46,"일단 전 이 게임을 제대로 한 건 6개월정도인데 조심스럽게 의견을 남겨봅니다. 장점 1. 스토리가 정말 좋아요. 제 기준에서는 유치하지도 않고, 학생들의 고충과 고민을 풀어나가는 이야기가 정말 재밌어요. 2. 학생들의 개성이 다 뛰어나요. 100명이 넘는 학생들의 개성이 각자 뚜렷히 있고, 보는 재미가 있어요. 3. 다른 학생들을 빌리고 사용할 수 있다는 점이 좋아요. 내가 없는 학생을 미리 써볼 수 있고, 깨기 힘든 보스를 깨는데 도움을 많이 줘요. 단점 1. 풀더빙이 아쉽다. [근데 이건 100명이 넘는 성우분들을 풀더빙 한다는게 쉽지 않고, 예산도 많이들테니 패스. 다만 풀더빙이 되면 정말 좋을 거 같아요.] 2. 개개인의 스토리 부족. 학생들이 100명이 넘어가서 좋아요. 근데 이 게임을 하다보면 최애캐가 생겨요. 그 최애캐의 서사를 더 많이 볼 수 없다는게 정말 아쉬워요. 3. 게헨나 메인스토리 정말!! 정말 보고싶어요!! 제발 저 군대가기전에 보고 싶어요!!",73,긍정
loloa,5,2026-01-13 16:05:35,작년 쯤부터 픽업 모집이 잘 안돼서 청휘석이 많이 소모됬지만 그래도 날마다 새롭게 발전되고 캐릭터간의 스토리와 게임실력이 좋진 않지만 재미있게 하고 있습니다. 특히 티파티 이벤트때 카드게임 이벤트가 좋았습니다.,1,긍정
맛있는커피,2,2026-01-13 11:19:14,그냥 케릭터 보려고 하는 중... 옛날에 하던 건 카페 걸과 뭐가 다른지 모르겠... (그냥 똑같다?),3,부정
dokyung kim,5,2026-01-13 10:57:20,말할 것도 없이 갓겜,1,긍정
Ryu C,3,2026-01-13 09:45:49,백그라운드 갔다 올 때마다 게임 다시 실행하는거 좀 어떻게 할 수 없나요? 웹이벤트 링크 타고 갔다가 돌아오면 다시 실행하는거 볼 깨마다 속 터질거 같음,2,중립
윤성복,5,2026-01-13 08:05:06,기본이 모바일 게임이면서 좌표가 필요한 앱 pvp 8시즌은 역대급으로 잘못 만들었음 원래 전략성도 없던 거 잠수함 패치만 3번 해서 카운터덱 짜는 의미를 없게 만드는데 이거 기획한 사람은 중용하면 안됨,1,긍정
이연학,1,2026-01-13 07:28:45,"아니 점검한다면서 점검 전에도 구글 업데이트 오류로 접속 안되고, 재설치하고 점검 분명 끝났는데 점검 중만 뜨면서 접속 안되는게 이게 게임 맞음?",2,부정
아리프,5,2026-01-13 04:38:18,초보자로서 게임이 재밌고 약간 머리 쓰면서 게임하는게 재밌는데 임무 다 밀고 나면 할게 거의 정해저 있거든요 약간 오래오래 하고싶은 사람은 천천히 하는걸 추천 드려요 그리고 다들 로딩이 오래 걸린다 하는데 이런게임은 좀 걸릴수밖에 없어요 게임만 재밌으면 돼죠 무과금도 조금 시간이 걸리겠지만 다 할수 있고요,8,긍정
맛냥이,5,2026-01-13 03:48:16,재밌네요 더 다양한 컨텐츠 추가 부탁드립니다~,2,긍정
su65 148,1,2026-01-12 14:46:55,비나 그로기 걸리면 잘 맞던 수미카 특공 사정거리 안 닿는 미친게임,2,부정
퐁핑팽,5,2026-01-11 13:32:50,무과금도 잼남,1,긍정
와라우,5,2026-01-11 03:11:38,내 인생의 전환점,1,긍정
이민우,1,2026-01-10 00:48:00,순수노잼임. 브더 2보다 약간 나은정도,2,부정
Rain Fox,3,2026-01-08 05:06:30,"오픈때부터 4.5주년까지 애정을 가지고 열심히 해왔던 게임이지만 계속 되는 픽뚫 스트레스와 부족한 게임성에 지쳐서 결국엔 손을 놓았습니다 높은 스토리 완성도와 2차창작, 밈과 캐릭터 디자인의 훌륭함 등 타 게임과 차별화되는 장점이 분명히 존재했지만 에덴조약, 최종장 이후 스토리의 고점이 떨어지고 있고 후발주자 게임들이 상기한 장점에 더불어 높은 게임성과 개성을 보여주며 무섭게 따라오는 지금 굳이 게임을 하지않아도 즐길수있는 컨텐츠를 즐기기 위해 픽뚫에 스트레스 받고 총력전리트에 시간을 쏟을 의미를 찾지 못하겠습니다 그냥 조용히 접을 수 있었지만 이런글을 남기는건 그만큼 블아에 애정을 가지고 있던거라고 생각해요 지금은 가지만 언젠가 다시 블루아카이브를 돌아보는 날이 올 수 있었으면 좋겠습니다 개발트리아 화이팅",8,중립
김성수,5,2026-01-06 13:53:26,헤엑따!!!,1,긍정
꽃뚜,5,2026-01-06 13:28:00,오늘 업데이트를 했는데 등록되지 않은 패치 버전입니다(80116)이라고 나옵니다. 이럴 때는 어떻게 해야하나요?,0,긍정
PNG /Y/,5,2026-01-05 12:01:07,인게임 전투 그런게 재밌는 게임은 솔직히 말하자면 아님. 그럼에도 블루아카이브가 사랑 받는 이유? 각 캐릭터에 애정이 들어간게 느껴짐. 1성 캐릭부터 3성 캐릭까지 덕질하는 사람들이 골고루 분포 되어있음. 그건 캐릭터 하나하나마다 특별한 개성이 있다는 소리고 이건 곧 이 게임이 호감이 될 수 있는 이유로 충분함. 세계관도 내 취향과 맞고 설정과 스토리도 개인적으로 굉장히 괜찮은 감정을 받았음. 근데 진짜 단점이 하나있음. 아로나야 핑크봉투 가져오라고.,98,긍정
명경지수,3,2026-01-03 01:07:07,"선생과 학생이 교류하며 문제를 해결해나간다는 내용의 게임. 학생과의 교류와 스토리란 면에서 보자면 스토리, 모모톡, 카페와 상호작용이 있다. 플레이란 면에서 보자면 학생이 자율로 움직이되 선생이 전략을 지시하는 식으로 진행을 하게 되어있다. 스토리는 편차가 있지만 적당히 즐기기 좋으며, 플레이는 다소간 머리를 써야 하는 면이 있어 적당히 즐기기 좋다. 모집을 보자면 다른 뽑기류 게임처럼 정가 모집이 아닌 확률 모집이며, 한 캐릭터의 천장이 200인데 높은 편이라 확률인 관계로 모집을 안정적으로 할 수 없다는 단점이 있다. 청휘석을 주거나(게임내, 게임외) 무료뽑을 주는 식의 보완책은 있지만, 1) 새 픽업 나올 때마다 ""무료 100뽑 또는 해당 학생""을 3만원에 판매(1회 한정 구매) 정도가 좋겠다. 이러면 일단 최소 명함을 건질 수 있는 안전선이 확정되고 이후 더 뽑을지는 선택이 되니 부담이 줄어들 것이다.",47,중립
360도회전인사,1,2026-01-02 19:19:18,"구글 로그인은 지원하는데, 왜 기본메뉴에선 변경이 안되죠.",0,부정
트라이리삼,5,2026-01-01 20:04:59,현질을 많이해야하지만.... 그만큼 행복하다... 뽑기운 좋은 26년 기원,1,긍정
그라가스,4,2026-01-01 12:48:20,캐릭터 캐디는 블아가 1황인 것 같다. 재화도 꾸준히 뿌려줘서 무과금으로도 충분히 골드는 찍음 스토리 연출도 볼만한 수준이고 아쉬운 점은 게임성이 진짜 구림 게임성만 어떻게든 해결해주면 완벽한 게임이 될 것 같다,3,긍정
미소,5,2026-01-01 09:45:49,캐릭이 귀여움,1,긍정
kee,5,2026-01-01 00:42:32,이거 때문에 살고 있습니다. 카페 전투 스토리 인연다 귀여워요,1,긍정
템페,5,2025-12-30 08:57:58,진짜 너무 좋은게임 힐링됩니다.,2,긍정
오팬무,1,2025-12-30 02:55:10,거의 무슨 확률조작 수준으로 중복 아니면 천장 말고는 먹기가힘들어 있는것보다 없는게 훨신많은데 이게맞나 떠도 열에 아홉은 중복만 뜸,8,부정
이준엽,2,2025-12-30 02:03:18,피규어 게임,5,부정
ᄋᄋ,1,2025-12-28 05:53:29,확률 주작겜,8,부정
Doodoo Happiness두두해니,3,2025-12-27 16:36:20,"거의 초창기부터 시작해왔지만, 2년이 지나고 3년때쯤 지금, 성능명함들 뽑고, 키우고, 기본 4분대,풀로 키우고, 10분대로 번갈아서 쓰고있는데 더이상 재밋게 할 컨텐츠가 없어서 접고 다른거 하러가보겠습니다. 육성, 귀여운애들, 총기류, 빵빵 터지는거 좋아하시면 추천하고, 더 나아가선 수영복에 뱃살, 허벅지살 튀어나온거 좋아하시면 강추드립니다.",8,중립
J Myeong,5,2025-12-27 03:05:15,적어도 예전에는 뽑기확률 올라가서 기분이 좋았지만...지금 보니 별 다른게 없더라구요.. 아무리 많이 모아도 3성이 떠도 심지어는 3성을 못 볼때 그 허무함 그리고 게속 픽뚫나고 천장은 한참 남았는데.. 분홍색은 보지도 못하고 아무리 돈을 번다고 해도.. 100연차에 도달할때에는 적어도 3성은 2개는 줘야하지 않을까용? 저는 청휘석 주라는 이야기가 아니라 100뽑 까지 가는 도중에 적어도 3성이 떠야한다고 생각해요.. 뽑을때마다 확률이 조금씩 올라가고 3성 나오면 초기화하는 방식으로요. 저번 진짜로.. 너무 힘들어서 고민도 했거든요. 그래서 꼭 보신다면 한반쯤 고민해 보시는건 어떨까용? 제가 말한 방법이 옳지 않을수도 있으니 양해 부탁드려요..,57,긍정
이과,1,2025-12-25 20:58:20,"재화,경험치포션,무기강화재료 수급처좀 늘려줘요 제발 좀. 몇년째 바뀐게 없냐... 글고 다른 겜은 다 풀더빙 다 하는데 왜 이겜만 책읽듯이 글을 쳐 읽어야함? 유저들이 청각장애 가진 사람들임? 목소리 들으면서 이야기를 봐야 더 생동감 있지. 다른 겜은 돈이 남아 돌아서 이야기까지 성우 쓰는줄 암? 내가 이 게임 하는게 캐릭 이뻐서 하는것 말고는 재미가 없음. 솔직히 엄청 지루함. 그만 접고 싶어도 애들 생각나서 못접는데 ㄹㅇ 좀 말좀 듣고 개선좀 해라 좀.. 선생들 떠나간 후에는 못잡는다. 나도 마찬가지고.",20,부정
시드,1,2025-12-25 19:25:24,한정 캐릭터 얻기 힘든건 이해해도 통상 캐릭터 자체도 모으기 힘든게 진짜 최악임 솔직히 스탠딩 일러 빼곤 남는 것도 없고 투자하는 것도 없으면서 뭐 이렇게까지 캐릭터 모으기 힘들고 비싼지 이해가 안감 메모리얼도 옛날에나 창의적이고 이뻤지 요즘은 죄다 식상하고 매력적인 포인트도 없어서 뽑고싶은 욕구도 안생기는데 성능 때문에 억지로 뽑게 만듦 일본섭이 본섭이라고 불릴 정도로 일본 쪽에서 규모가 제일 큰데 일본어 더빙만 없는 모순도 웃김 솔직히 한국에서도 서브컬쳐겜이라 일본어로 하는 사람이 제일 많을텐데 스토리 볼 때 더빙도 없고 텍스트만 읽으면서 그냥 스탠딩 일러 조잡하게 왔다갔다하는 거만 수십분 보다가 가뭄에 콩나듯 고퀄 일러 한번 보여주고 우오오오 해야되는게 정상이냐,11,부정
이수영,1,2025-12-23 21:18:07,천장이 있다지만 480뽑에 명함도 안 나오는 건...,7,부정
박광민,1,2025-12-23 14:10:58,언제까지 비싸?,4,부정
Oto_kana,4,2025-12-23 09:02:32,다 좋은데 블아 초기에 있었던 그 풋풋한 감성이라고 해야하나 그 감성이 좀 사라진 느낌이 있네요.,1,긍정
김태양,5,2025-12-23 06:18:05,으흐흐,1,긍정
岩永,1,2025-12-23 05:37:09,스토리 떡밥만 풀고 회수는 죽어도 안하고 돈 빨아먹겠다고 2격만 주구장창내면서 천장 이월도 안되는 망겜,5,부정
D KJW,1,2025-12-23 02:13:41,게임성이나 운영은 뽑기포함해서 쓰레기가맞고 당연히 2등신캐릭터로 전투는 역동적인것도없어서 재미도없음 그냥 캐릭터 하나만보는건데 그럴거면 일러랑 유튜브로 즐기는게 나은게임,7,부정
신동진,4,2025-12-22 16:59:29,좋습니다 상당히 매력적인 겜입니다 다만 뽑기 시스템에서 좀 실망스러운 면이 몇가지 있습니다 뭐 그것빼곤 좋아요,2,긍정
쑤기에몽,2,2025-12-22 16:26:14,전에 있었던 캐릭터와 정보가 다 날라가서 복구할방법도 없고 ㅜㅜㅜ 별로 기분이 좋지 않아요,0,부정
박현준,1,2025-12-22 10:40:04,갖고싶은걸 갖지못해요 슬퍼요,1,부정
WOOJOO JEON,1,2025-12-22 02:50:00,게임의 탈을 쓴 합법적 사행성 사기 룰렛도박과 다를바 없으며 과한 가격을 책정하여 물품도 아닌 서비스라고 팜 확률조차 기막히게 낮으며 지나친 과금유도가 심함,5,부정
윤동현,5,2025-12-22 02:04:52,미카는 내아내,1,긍정
info1818,2,2025-12-21 13:56:25,게임성이 불쾌하다 못해 만든놈 어미유무를 부르고 싶게 만듬 그외 캐릭터는 굉장히 잘뽑아서 그냥 게임은 하지말고 유튜브로 대리만족 하는게 정신건강에 좋음,3,부정
헌법 제 1972조 36항,5,2025-12-20 03:22:19,스토리?전투기믹?캐릭터에 대한 몰입감? 다 좋고 너무 좋은데 청휘석 관리가 엄청 힘들어요 성능 좋은 신캐도 뽑아야하고 놓쳤던 인권캐도 복각할때 뽑아야되는데 청휘석이 없어요,1,긍정
mucheaneol A (MS),2,2025-12-19 10:49:49,현질유도만 하지마시오,4,부정
칰치킨,1,2025-12-18 05:34:16,갓겜,2,부정
rectoy,1,2025-12-17 21:28:51,대체 픽업 캐릭터가 다른 3성 캐릭터보다 확률이 높은데 다른 3성 캐릭터가 200뽑에서 4번 정도 나오는 동안 안나오는건 대체 뭐임? 또 넥슨이 넥슨 한거임?,5,부정
lpl plp,5,2025-12-17 15:42:14,픽업이라면서 픽업캐는 안나옴 그냥 200뽑하고 정가하라고 픽업뽑기 만든듯?,3,긍정
고형준,5,2025-12-17 14:35:53,이게임은 업데이트하고 나면 터치랑 튀겨서나가지는데 왜이러는건가요,2,긍정
이진현,5,2025-12-16 17:04:54,스토리 갓겜,1,긍정
김동찬,5,2025-12-16 15:02:27,나랑 영원히 함께하자!,1,긍정
_파블,1,2025-12-16 14:21:03,진짜 거의 오픈때부터 하는데 느끼는 건데요 다좋은데 이 로딩은 도대체 왜 이리 오래걸리는 겁니까? 게임은 점점 무거워지고 로딩은 뭐 하나 누르면 3초 걸리고 캐릭창도 렉걸리고 인게임에서 들어가는 웹이벤트 창은 나가기를 눌러도 이미지가 그대로 남아있는 오류까지..컨텐츠 업데이트는 좋은데 최적화든 뭐든 플레이하기 편하게 좀 해주세요... 진짜 이거땜에 겜 들어가면 화부터 납니다,180,부정
동토성,5,2025-12-16 12:47:10,독자적인 세계관 설정이 마음에 듭니다. 여학생이라는 소재가 어쩌면 단순하지만 스토리를 진행하면서 불어나는 각 학생들의 매력과 중요 설정들이 결코 평범하지는 않는 기적적인 이야기를 보여줍니다.,1,긍정
한선희,3,2025-12-16 09:49:16,아니 이거 왜 한국 돈으로 안되고 외국 달러로 결재 해야함?? 딴건 다 좋은데 그거 해결방법좀,1,중립
우주문어,5,2025-12-16 09:24:08,재미써,1,긍정
s u,5,2025-12-16 08:09:47,스즈미이격나와서5점드립니다,1,긍정
달빛이,4,2025-12-16 07:49:32,뽑기 하는데 3성이안나와요 ㅠㅠㅠㅠ,4,긍정
이광영,5,2025-12-16 07:37:50,블루아카이브 네이버 계정이 접속이 안되요 이번에 업데이트하자마자 키는데 게속 튕깁니다ㅜㅜ 조치좀 취해주세요,0,긍정
진영화,5,2025-12-16 06:35:00,로비 갈때마다 구매한 상품 지급 실패 뜨면서 재접속 하라고 뜹니다,0,긍정
Wati Jar,5,2025-12-16 05:08:31,그저 g.o.a.t 게임,0,긍정
어나더(ANTWD),5,2025-12-15 03:49:52,현질 안할거면 오지마세요.,6,긍정
팬텀의게임채널,5,2025-12-13 03:13:12,세이아 내놔!!!!! 수이아 내놔!!!!,1,긍정
김민재,5,2025-12-12 20:38:15,재미있다 기본적으로 캐릭터를 수집하고 육성하여 입맛대로 편성하는것 무기의 디테일이나 세부 설정들까지 모든게 세세하고 꼼꼼하다 해볼만한 게임이다 강추한다.,1,긍정
이유찬,5,2025-12-12 11:27:30,스토리 캐릭터 세계과 설정등 모두 완벽한 게임 가챠도 천장 이월이 안돼는건 아쉽지만 그만큼 무과금으로 해도 충분히 재화를 모을수있음 이제는 모바일뿐만 아니라 스팀에서도 할수있어서 플랫폼적으로도 좋지고 진짜 블아는 학생들이 이쁘고 귀여움 (카요코 사랑해),2,긍정
아카자의동료가된 오니,1,2025-12-12 10:28:26,갑자기 게임 접속이 안되네요....빨리....고쳐주세요.......코드: 100314 이 코드는 도대체 뭔가요?,1,부정
rica,5,2025-12-12 01:47:08,계속 해온 게임으로써 일단 별점 더주고 싶지만 5개?가 끝이라ㅡㅡ.. 네 완벽한게임 입니다,2,긍정
CPU _,5,2025-12-11 13:45:30,GOAT 신용하,1,긍정
360도회전인사,1,2025-12-09 14:50:06,오랜시간 접속안하면 자동으로 계정이 삭제되는건가요; 왜 계정이 안보이죠,5,부정
강준호,5,2025-12-06 22:46:37,재밌어요,1,긍정
서준영,5,2025-12-04 16:10:58,다시 돌아왔습니다. 블루아카이브는 신이고 와카모는 사랑이다. 참고로 게임은 아닙니다. 캐릭터 구경하는 구동기입니다.,1,긍정
셀레네,5,2025-12-03 03:23:37,우리 딸들 사랑한다,1,긍정
김정근,5,2025-12-02 13:12:23,캐릭터 하나하나 너무 개성있고 스토리가 재미있어요. 그런데 혹시 프레나파데스 선생 카드를 다시 얻거나 고치는 방법이 있을까요?,1,긍정
망력,5,2025-12-02 09:26:03,렙업도 별로 어렵지 않았고 렉이 걸리는 편이지만 자가 한것중에 최고라고 선언합니다,1,긍정
엄재웅,4,2025-12-02 05:47:30,히후미=goat 스토리=nomal 플레이어 측 스토리=joat,1,긍정
조예준,5,2025-12-01 13:46:17,모바일 유저 입니다 불편한 점이 있는데요 뭔가 버튼 반응이 좀 느리고 버벅거리는게 있는데요 플레이어 분들이 원활히 게임을 즐길수 있도록 고쳐주시길 바랍니다 5점 드리겠습니다 아! 그리고 4주년 축하드려요!,1,긍정
실천start실타,2,2025-11-28 03:01:40,무과금 유저인데요.....픽업 3번째 주픽업 캐릭 못얻어서 접을까 생각중이에요 운이 안좋은건지 아님 그냥 안주는건지... 여전히 똑같아요 좋아하는 캐릭터를 뽑을수가없어요 덕분에 겜 접습니다 감사합니다,4,부정
구여운,1,2025-11-27 23:10:06,씹덕들만 하고 문제점 겁나 많아서 어디부터 어디까지 말해야 할지;; 전투는 개노잼에 거품 심하게 낀 망겜,7,부정
홀시,4,2025-11-27 09:11:14,"처음 다운받은 이후로 꾸준히 즐겁게 플레이중입니다! 캐릭터들이 귀엽고 매력적이고 각자 목소리도 있고 이야기가 있어서 참 좋습니다. 특히 호감도를 올려 개인 스토리를 쭉 보다보면 얻을 수 있는 메모리얼 화면 정말 좋습니다. 메인 화면에 좋아하는 캐릭터로 장식해놓으면 뿌듯하더라구요. 아쉬운 점은 게임을 한지 꽤 됐는데도 아직 뭘 어떻게 플레이해야할지 갈피를 잘 못 잡겠습니다. 작전 들어가서 하나씩 눌러서 해보기도 하고 이벤트 시작하면 참여하고 틈틈히 메인스토리도 읽고 있는데, 제대로 하고 있나?라는 의문이 계속 남더라구요. 그리고 로딩 후 메인 화면 에 진입하면 5초간 아무 버튼을 눌러도 반응이 없어 조금 답답합니다. 제가 저사양에 최신 핸드폰을 사용하지 않아 그런건지 궁금하기도 합니다. 현재 갤럭시 S20 FE를 사용중입니다. 앞으로도 응원하고 기대하겠습니다. 제게 서브컬쳐 게임의 매력을 알려준 게임이라 더 특별하기도 하고 다른분들에게도 추천드립니다!",11,긍정
이현우,5,2025-11-24 21:56:30,2만 4000 청휘석에 캐릭터 2개 감사합니다,1,긍정
오미경,5,2025-11-24 13:51:15,개꿀잼,1,긍정
아쿠아세린,5,2025-11-23 10:21:16,스토리갓겜 솔직히 게임은 그냥저냥 숙제로 하고있긴한데 스토리가 너무 재밌어서 캐릭터까지 애정이 가고 그로인해 오랫동안 하게되는 게임,1,긍정
오예성,4,2025-11-23 01:34:33,어차피 19세 걸린거 시원하게 다 깝시다,4,긍정
석박지,5,2025-11-23 00:45:19,솔직히 피파보단 블루 아카이브가 운영 더 잘하는듯ㅋㅋ,5,긍정
dogdogdog,5,2025-11-22 18:42:55,재밌음,1,긍정
Vyxtzhds,1,2025-11-22 12:28:59,메인스토리에 일어보이스가 없을정도로 돈만 아끼고 투자는 안하는 게임 스토리가 좋냐면 그런것도 아님. 2차 창작이나 즐기자.,2,부정
조현서,5,2025-11-22 09:11:53,미소녀들이 많아서 좋고 그리고 학생을 모으는 재미있고 현질을 안해도 잘 진행돼서 좋습니다. ^_^,1,긍정
킨지,5,2025-11-21 15:37:19,더빙에 투자 좀,9,긍정
[검열됨],3,2025-11-21 01:58:48,모바일 PC 둘 다 초반부 등장 일러스트나 일부 캐릭터들 저화질인거좀 고쳐주십사합니다 은근 몰입 깨져요,0,중립
Snow white,5,2025-11-18 22:51:39,2차창작 GOAT 게임 딱 3분만 켜고 끄면 충분히 다 즐길 수 있음,1,긍정
김강치,5,2025-11-18 14:29:39,사랑해요 블루아카이브!,1,긍정
김건우,5,2025-11-17 15:23:49,최고의 게임,1,긍정
EXTRA,5,2025-11-16 23:33:14,나 지금 안 하고 있습니다. 그냥 생각나서 리뷰 적고 갑니다.,2,긍정
김지환,5,2025-11-14 11:14:16,스토리 다보고 시로코 라이딩 얻었어요 시로코 수영복 이벤트하나요? play시간:36.1시간.,1,긍정
박현민,5,2025-11-13 00:33:13,블루아카이브 재미있습니다,1,긍정
유송민유송민,5,2025-11-12 18:28:35,😢😢😢😢😢😢 갓겜이빈다.,1,긍정
An Sui,5,2025-11-11 11:36:40,아주 좋다냥...!!,1,긍정
Hanel,5,2025-11-10 11:35:58,4주년 축하합니다,1,긍정
준,5,2025-11-09 11:38:07,우와 벌써 4주년이라니 아직 선생님이 된지 1년도 아직 안됐는데... 어쨌든 블루아카이브가 벌써 4주년 이라는게 저도 기쁨니다! 저는 또 몇 주년을 기다리고 있지만.. 그것보다 더욱 중요한건 블루아카이브를 잃고싶지 않습니다! 블루아카이브 화이팅!!,2,긍정
Shampoo404,1,2025-11-09 04:23:26,픽뚫 갓겜,2,부정
가혜ᅦ,5,2025-11-08 20:12:55,인생겜.캐릭터들의 개성이 모든 캐릭터들에 하나하나 담겨서 개발진들이 얼마나 오타쿠인지 알겠어요.오타쿠 겜은 오타쿠가 만들어야 함을 여실히 보여줍니다,1,긍정
AnSik,5,2025-11-08 18:51:15,스토리는 괜찮은데 주기가 너무 김.,1,긍정
김대진,5,2025-11-08 07:47:15,개발 코스트에 비해 인기가 많은 게임. 스토리나 캐릭터들의 매력은 뛰어남. 이걸 게임이라고 봐주기엔 많은 관용이 필요한 수준. 잘 만든 디지털 피규어 세트.,2,긍정
이현재,5,2025-11-07 07:46:30,재밌네요 한가지 질문드리고싶습니다 히마리는 똥 어떻게 싸나요? 토키가 닦아주나요?,2,긍정
볼파꼬마,5,2025-11-07 07:45:38,재밌네요 한가지 질문드리고싶습니다 히마리는 똥 어떻게 싸나요? 에이미가 닦아주나요?,2,긍정
김주찬,5,2025-11-06 17:38:50,용하형 풀더빙 속도 빠르게 내줘... 유입 많은 겜 되고 싶어...,1,긍정
in m,5,2025-11-06 13:02:49,캐릭이 다귀여워,1,긍정
나는문어,4,2025-11-04 14:53:28,게임이 게임성이 없고 ip가 탑급이라는게 칭찬일까요 잘 모르겠어요 전 요즘은 일끝나고 그냥 일퀘만 하면서 15분이면 끄니깐 못느꼈는데 이번에 갑자기 내가 이걸 왜 하지 느껴지더라고요 맨처음에는 초반 스토리가 신선하고 화제성으로 접하고 그 다음은 3장메인스에서 충격받고 예전 소설읽던 느낌처럼 흥미진진해서 봤고 총력전도 나름 나쁘진않았는데 생각해보면 다 스토리가 중요하지 게임으로는 재밌다를 느껴본적이 거의 없어요 그 스토리도 다들 알지만 엄청 느리죠 양보단 질이니 늦게 나온다 치면 스토리작가외엔 따른 개발진들은 멀하고있나요 하루종일 콜라보만 만지고있나요? 풀더빙도 현재 나오는 스토리위주로 해주면 좋겠어요 그 전 스토리 다아는데 풀더빙해준다고 볼 정도의 애정까진 없어서...,10,긍정
Tyndall Effect,5,2025-11-03 06:19:52,까와이이,0,긍정
개평범한,4,2025-11-03 02:06:39,"스토리만 보자면 완벽하다라기엔 조금 모자라지만 그렇다고 부족하다라고 보기엔 훌륭함. 그러나 게임성과 과금 요소는 초반 진입 장벽이 되기 충분함. 지금은 많이 개선되었다곤하지만 이따금씩 튀어나오는 버그가 또 문제. 전체적으로 볼때, 나는 적어도 이 게임을 만족스럽게 플레이했다. 스토리&설정충인 나에게있어서는 훌륭한 게임 중 하나라고본다.",4,긍정
박서준,2,2025-11-02 16:52:06,캐릭터 빼면 시체인 게임성 없는 노잼 게임,6,부정
하하TV,5,2025-11-01 16:31:59,재밌는데 뭔가 5%가 부족한 느낌임 왜인지는 모르겠음,1,긍정
Submarine101,5,2025-10-30 17:00:48,전툴루 작가 스토리 보려고 다시 깔았다,2,긍정
u u,5,2025-10-30 06:53:34,형님 가이드미션 먼저 깬 스토리나 챕터가 완성이 안되서 괴로워요 혹시 이건 다시 깨야 하나요?,1,긍정
윤뺑,5,2025-10-29 16:56:46,훌륭한 분재 게임 다만 게임성은 다소 부족하여 메인 게임으로는 추천하기 어려움 아카이브 모집으로 사실상 아코를 주고 시작하게 되긴 했으나 여전히 인권캐가 많아 진입장벽 또한 매우 높은 편이라 생각됨,0,긍정
이우영,5,2025-10-27 21:37:37,무츠키 사랑해,1,긍정
아테나,1,2025-10-26 20:39:32,몇년했었는데 딱 이쁜쓰레기? 빚좋은 개살구? 그이상 그이하도 아님. 캐릭터 디자인만 이쁘고 메인화면에 캐릭터랑 할수있는것도 없고. 스토리도 매우 늦게나오고. 조금 하다보면 정말 질리는게임. 한번 접은후론 다신 안하는중,1,부정
개척자,1,2025-10-25 03:13:02,케릭터들 귀가 4개임? 수인귀랑 인간귀?,1,부정
amuw L,1,2025-10-24 10:18:02,용하형 사료 좀 더 뿌려줘바,1,부정
시어빌로피안토 레이트,4,2025-10-23 22:33:00,"이 게임 좋습니다. 하지만 이 업데이트가 필요해 보입니다. 1. 저는 우자와 레이사 팬으로서 우자와 레이사 스킨 출시가 필요해 보입니다. 예) : 우자와 레이사 (수영복) . (입체화 굿즈도… ) 2. 120fps 옵션 추가. 제 스마트폰이 120fps인데, 게임이 최대 60fps라서 좀 불편합니다. 저는 PC버전도 하는데, 제 모니터는 360Hz라서 30, 60, 75, 120, 144, 165, 240, 360, 무제한 프레임 옵션 추가가 필요해 보입니다. +뜬금없지만, 레이트레이싱 옵션도.",0,긍정
1 21,3,2025-10-23 13:22:32,그냥 돈 아까워서 하는거지만 게임은 특히 너무너무 재미가없음,4,중립
Magnolia Heretic,1,2025-10-22 18:29:43,왜 10대들이 아무렇게나 총질하는거에 문제를 못느끼는거지 세계관 설정도 대충만들어서 아무리 스토리 캐릭터 잘만들어봣자 몰입이 안되고 전체적으로 위화감 들정도로 밝은 분위기임 이건 그냥 아동 성범죄자 양산게임인데 아직까지 멂쩡하게 서비스하고 잇는게 코미디 그 자체임 장점이라고는 배경음악정도밖에 없음,6,부정
idiaseeu,1,2025-10-22 11:52:35,진짜 3성 확률이랑 로그 까세요 장난질도 정도껏해야지 이게 몇번째야 갈수록 3%는 커녕 1%도 안 나오는데 언제 접는지 실험합니까?,16,부정
최동환,5,2025-10-22 10:39:00,"매우 좋은게임 스토리,연출,보스등등 뽑기는 짜증나긴하는데 콜라보 복각 다시해주면 진짜 좋을것같네요",2,긍정
KRP KOL,5,2025-10-21 15:10:37,16만원만 써서 페스캐 다 모아서 조금 즐기는데 이건 노력문제 아닌가,2,긍정
강연홍,5,2025-10-21 13:01:41,상당히 즐기고있는 구독자 360명 유튜버입니다 초창기 플레이어로서 스토리+캐릭터까지 전부 좋습니다! 그래서 5점 주고 가겠습니다 감사합니다.,1,긍정
초코맛게임,5,2025-10-21 12:38:50,느긋하게 하면 좋음,1,긍정
교촌레드콤보,5,2025-10-21 12:28:18,이런 겜 안좋아하는데 너무 행복하게 잘하고있어요,1,긍정
Barista,5,2025-10-21 12:00:23,"캐릭터들이 나와 닮았다. 외모는 전혀 아니지만, 각자의 고충과 사고방식이 닮았다. 사람 사는 이야기니까. 게임의 장점은 캐릭터와 스토리가 다양하고, 다양한 취향의 플레이어를 수용시킬 수 있다는 것이다. 스토리는 매우 신경을 써서 만들었다는 것을 알 수 있다. 지루한 부분을 자르면서도, 중요한 의미는 강조하는 것. 무엇보다, 죽음을 쉽게 사용하지 않는 것. 그러면서 극의 긴장감을 끌고 나가는 것. 모방할 순 있어도 결코 이것들이 쉬운 일은 아니다. 그래서 이건 잘 만든 게임이다. 이것만큼 재미있게 배우는 게임도 없다. 물론, 각자의 취향 문제지만. 부족한 '학생' 같은 내게는, 다양한 사람들의 갈등을 해결하는 '선생'의 모습에서 배울만한 점이 많았다. 그런 의미에서, 블루아카이브가 하는 것은 단순한 유혹만이 아니라, 이렇게 이야기하는 거다. 서로 이해하려 노력하면서 잘 살아보자고. 뭐, 아님 말고. 그만큼 이 게임을, 꽤 애정하고 있다고 알려주고 싶었다.",8,긍정
문연수,5,2025-10-21 10:03:45,짱,1,긍정
k wt,5,2025-10-21 09:31:57,오랫동안 즐겨온 유저로써 두가지 하고픈 말은...로딩은 짧게 해주고 전무 풀로 찍은 애들 엘레프는 재활용하는 방식으로 바꿔줬으면 좋겠음 예를 들면 쓰다 남은 학생엘레프 4개를 일반엘레프 1개로 리테크 시키는거 말이죠 그거 빼곤 전체적으로 할맛남,1,긍정
Polygon,5,2025-10-21 08:39:52,대한민국 최초 엣찌 없는 성인겜,1,긍정
조준모,5,2025-10-21 08:07:53,블루아카이브 는 노력하는 자는잘될수 없는게임이다 노력만으로 뽑은 학생이없고 돈으로 질러도 천장까지간다 픽업도 양심없게올려놓고 확률은 에베레스트산 정상등반이다 이걸보고있는 용하는 들어라 보안문제도 관리못해서 나의 4000이상의 청휘석을 았아 갔다 문의넣었더니 내가 직접썻단다 그럼 대처방법을 알려주지비번을바꾸라한다 그럼 내읽어버린 청휘석을 어디서 돌려받으란거냐 사이버수사대 가야하는가? 사전예약유저로 지금까지 해온 유저로써 재밌게 플레이해주고있다 돈있는 사람들은 천장처도 뒤에빽이있어 먹을건 먹는다 소과금 무과금 존중안하고 유저를 생각안한다 어떤 장애인이 4천청휘석을 Ap에쓰냐 내가썻다고생각하냐 제발 게선됬음 좋겠다,4,긍정
하준성,5,2025-10-21 08:07:46,아로나 줘패버릴라.,2,긍정
한현욱,5,2025-10-21 08:06:19,이 게임을 5년 동안 한 유저입니다. 여러 이벤트도 재밌고 콜라보도 재미있습니다. 여러 사람한테 추천하고 싶은 게임 넘버원 입니다.,1,긍정
원선,5,2025-10-21 08:03:14,굿,1,긍정
익명,5,2025-10-21 07:38:19,스토리 굿 운영 굿,1,긍정
전형준,5,2025-10-21 04:15:45,"인게임 들어가면 로딩이 심하게 걸려서 바로 터치가 안 되는 문제가 있는거랑, 게임하다가 다른 볼일이 있어서 다른 어플리케이션을 키고 사용하다가 돌아오면 게임이 재부팅되는게 타 게임에 비해서 조금 심한거 같습니다. 그 외에는 만족합니다.",74,긍정
디오브란도,4,2025-10-21 03:00:49,픽뚫이 좀 심합니다... 더블천장이 생각보다 잦아요... 확률 조정은 좀 필요할 것 같아요;;,1,긍정
김희정,5,2025-10-20 09:17:23,너무재밌고 즐기게 하고있어요 이번에 9월23일부터 하이랜더 픽업이나왔는데 히카리 노조미 가너무얻고싶었는데 보석이 많지가않아서 못뽑았오요 ㅜㅠ 블루아카이브 제작자님 부탁하면 제발 다시 히카리 노조미 픽업하게해주세요 저 진짜 뽑고싶어요 아 그리고 혹시 하이랜더 이벤트는 다시 되나요? 저 진짜 아쉬워서 그래요 ㅜㅠㅠ 제발 부탁할게요 뽑고싶어요 지금은 보석이 많아서 뽑을수있어요 제발 다시 히카리 노조미 돌아와! ㅜㅠ 히카리 노조미 나도갖고싶은데..,1,긍정
WB J,3,2025-10-18 02:53:16,일단 제결전할때 캐릭이 작아져서 버프넣어주기가힘듦 상단에 캐릭들프로필만들어놓고 거기다가 버프 넣을수있게좀 바꾸던가 암튼 제결전 문제많은듯 폰으로하는사람은 걍 빡쳐서 오토돌리게됨,0,중립
율이,3,2025-10-18 00:49:12,게임 플레이 도중에 홈버튼 누르고 다른 작업하다가 다시 홈버튼 누르고 들어가보면 팅기거나 처음부터 시작해야 하는 경우가 대다수입니다,1,중립
김지우,5,2025-10-14 14:42:24,재밋음,0,긍정
최지후,5,2025-10-12 03:25:39,완벽합니다. 사랑합니다.,1,긍정
STG 7757,5,2025-10-10 15:11:38,갓-겜,2,긍정
Tatamisan (좌부동자),5,2025-10-10 08:50:05,최고의 분재겜이지만 그만큼 딸깍하는 비주얼노벨 방식이라 간편하고 애들 수집하고 카페 꾸미는 재미는 질리지가 않습니다ㅋㅋ 무장 호시노 복각 빨리 급함 용하형. 수시노로 픽뚫당해서 좋지만 아쉬움이 남네 하아..,0,긍정
서경남,5,2025-10-10 03:08:04,그저재밌는,2,긍정
원소,2,2025-10-09 20:34:37,"캐릭터랑 세계관이 참 매력적인데, 게임이 매력적이지 못한 게임. ● 1.전투가 지루한 게임: 게임의 상당부분 차지하는 전투가 진입장벽임, 총력전같은 빅이벤트는 몰라도 일반적인 전투가 너무 지루함, 나같이 스토리 좋으면 꾹참는 사람도 유입할때 꺼려했던 이유중 하나. 스킬제외 싹다 풀오토라 엄폐지정이나 위치이동 사격대상 지정같은게 없고 스킬로만 전투에 임하기 가능. 실력5% 깡스팩95% 게임. ● 2.스토리가 발전이 없는게임: 그럼 전투를 포기했으면 스토리라도 좋아야함. 근데 1부 최종장에서 최고점 찍고 그 이후로 쭉 스토리 폼이 하락하는중. 이때문에 스토리 좋아서 꾹 참던것도 점점 포기하고 접게됨. ● 3.그럼에도 변화없는 게임: 이런 문제점들이 있음에도 변화가 생기지 않음. 추가적인 전투 조작? 없음. 스토리 개선? 없음. 그냥 허구한날 픽업,복각 던지기. 이런거 보면 유저를 돈통으로 본다고만 생각되고 점점 피로만 쌓여서 접게됨.",12,부정
Null,5,2025-10-09 02:57:12,너무 깜찍해,1,긍정
서정원,5,2025-10-07 07:42:01,진짜 너무 재밌고 잘 즐기며 게임하고 있습니다 그런데 다름아니라 에테르정수같은 재화들이 너무 얻기 어려워요ㅠㅠ 청휘석 상점 나와서 억지로 키우고 있긴한데 에테르정수뿐만 아니라 다른 템들도 사야하는지라 뭔가 얻기 어려운 재화같은거 수급처같은게 생기면 좋을거같네요,17,긍정
류민욱,1,2025-10-06 15:14:53,"걍 게임 자체가 재미없고 불쾌한 요소가 너무 많음 캐디나 스토리빨로 2년째 하는중인데 매일 매일 정내미가 뚝 뚝 떨어짐 특히 총력전(불쾌한 리트 기믹, 매일 해야됨) 진짜 시간 남아도는 개백수들이나 하는겜임",6,부정
오주홍,1,2025-10-06 08:16:59,대난투 리트 귀찮아 갸편좀,1,부정
장진우,5,2025-10-05 06:41:28,슈포!! 슛포포!! 😭😭😭 자아 도킹이다 히카리!!!!!,1,긍정
U J,5,2025-10-04 11:33:34,"예전에 많이 좋아했어서 열심히 하던 게임인데, 오랜만에 다시 깔아보니 저장공간이 부족해서 다운로드가 안된다 뜨더라구요... 근데 저장공간은 200GB 넘게 있고 충분한데 왜 자꾸 부족하다고 뜨는 지 여쭤봐도 될까요?ㅜㅜ",1,긍정
오가다가,5,2025-10-03 18:14:51,너므 재밌다 컨텐츠 더 줘요,6,긍정
이야기,3,2025-10-02 08:18:47,스토리 명작 음악 갓곡 캐릭터 개쩜 근데 그걸 다 망칠정도의 게임성 여러모로 아쉬운 게임,0,중립
애신각라노이합적,1,2025-10-01 15:44:53,"글자 하나씩 뜨는 거랑 페이드인 페이드 아웃, 판떼기 와리가리 연출 꺼버리는 기능좀 넣어주십쇼 뭔 인내심 테스트도 아니고 개짜친다고",4,부정
박세혁,5,2025-10-01 01:38:04,캐릭터 너무 귀엽고 스토리도 재밌습니다!,1,긍정
Jong-Hee Oh,5,2025-09-30 06:32:39,대갓겜-블아. 블아는 문화다,1,긍정
elt test OZ,5,2025-09-30 03:21:45,김용하 본부장 그는 신이야....,1,긍정
사람,5,2025-09-29 19:19:38,갓겜,1,긍정
Dont,5,2025-09-29 19:02:39,"나 사나이..윤희준 내 인생게임을 찾았다, 앞으로도 평생 쭉 같이가자.",1,긍정
누니낸,5,2025-09-29 17:12:24,비쥬얼 노벨에 가까운 게임,0,긍정
김선옥,5,2025-09-29 13:08:47,재화도 많이 뿌리고 캐릭터도 매력적이고 스토리도 재밌습니다.,0,긍정
시아,4,2025-09-29 11:22:45,메인스토리 일본어 풀더빙이 있으면 좋겠습니다,1,긍정
배기륜,5,2025-09-29 10:02:10,학생들이 사랑스럽습니다,0,긍정
nYEOSU h,5,2025-09-29 09:40:46,히카리 최고 ^_^,0,긍정
이마튜,5,2025-09-29 09:30:24,블루아카이브 19금 된게 이해가 진짜 안됌 게임위원회 뭔 심사를 이상하게 하냐 문어그게 뭐라고 그것보단 5살이 심사잘하겠다,1,긍정
루피루피,5,2025-09-29 09:09:59,청휘석 좀 주세요 제발,0,긍정
이주원,3,2025-09-29 07:56:51,제발 업데이트 한번에 전체 파일 다운로드 한번 시퀀스는 좀 자제를.... 업데이트가 두렵습니다.,0,중립
밥씌,5,2025-09-29 06:48:09,『몰?루』나도 비틱좀 하게해줭『몰?루』,0,긍정
파이어썬더,5,2025-09-29 06:30:52,재밌고 재밌고 재밌었어요,0,긍정
skeladd A,5,2025-09-28 06:36:44,딱 십만원정도에 한번씩 오천원 월간팩만 지름 십만원은 쓸 필요도 없었는데 뽑고싶은게 생겨서 지른거 거진 무과금인데 인세인까지는 잘 깨고있음 이만한 갸챠겜 없다 생각함..,0,긍정
홍승호,5,2025-09-27 11:59:42,블레이 블루 아카이브,1,긍정
We W,5,2025-09-27 11:36:02,"그냥 완벽한 게임 덕질하기 딱 좋습니다. 스토리부터 세계관, 캐릭터, 호감작, 게임성까지 다 갖춘 완벽한 게임에다가 계속해서 이벤트까지 하고 자잘자잘하고 보기좋은 미니 스토리들까지 있으니 이거이거 그냥 즐기라고 만든게임이네요!!! 심지어 캐릭터 설정을 간단하게 알려주고 취미부터 생일까지 알려주는게 진짜 이건 덕질하라고 만들었구나 싶습니다!! 별점 5점 만점에 5점입니다!!! 그럼 더 좋은 게임으로 계속해서 성장해나가시길!",68,긍정
문희재,5,2025-09-27 02:44:30,기사나 마법사가 나오는 중세판타지풍 게임에 익숙해서 그랬던건지 오랫동안 끄적거리지만하고 재미를 못붙였었는데 오히려 더 재밌는거 같아요 최근에 보안 문제 뉴스를 보았는데 온라인게임에 보안을 비롯한 안정적인 운영보다 중요한것이 있을까 싶네요 앞으로도 승승장구 하셨으면 좋겠습니다,5,긍정
기사단스파이,5,2025-09-23 16:09:05,아로나 미워 아로나 딸기우유 3일 금지야×2,1,긍정
김퇴근 (퇴근),1,2025-09-23 14:23:41,아니 진짜 픽뚫만 겁나게 당해서 천장을 연속 몇번이나 친건지 모르겠네... 매너좀 해주세요 3성도 되게 안나오는데 진짜 선넘네요,1,부정
revie sol,5,2025-09-23 12:39:50,"뭔가 더 나아졌고, 계속 기대를 할만함.",1,긍정
박정화,5,2025-09-23 12:29:43,굳,0,긍정
다운로드 용,5,2025-09-23 12:05:07,대 용 하 그저 찬양 스토리 goat 업데이트도 잘해 재화도 뿌려 이게 블아다,0,긍정
이현주,5,2025-09-23 11:22:21,좋습니다. 좋아요,0,긍정
프테라,5,2025-09-23 11:04:55,"매력적인 캐릭터,좋은 스토리 등 할게 많은 게임입니다. 초반에는 빈약한 게임성 등으로 많은 질타를 받았지만 오히려 지금 많은 즐길거리등 개발진들의 노력과 애정이 보일정도로 좋습니다. 가챠또한 많은 피드백등을 거듭하여 너무 돈 걱정하지않을 정도로 좋은시스템이 된거 같습니다. 항상 건강하시고 좋은 게임 운영해주시면 좋겠습니다. 화이팅!",54,긍정
Adler,5,2025-09-23 09:24:35,넥슨 이라는게 거짓말같은 게임ㅇㅇ 월정액만 가지고도 게임하는데 문제없다 숙제10분도 안걸림 스토리좋음 브금도좋음 일러도좋음 제작진이 덕후라서 그런지 덕후들이 좋아하는건 다 들어간거같음ㅋㅋㅋㅋㅋ,0,긍정
이도균,5,2025-09-23 07:27:11,제가 코로나바이러스 때문에 집안에 갇혀있어야만 했던 시기가 있었습니다. 그 때의 저에게 있어서 블루 아카이브는 든든한 정신적 버팀목이 되어주었습니다.,0,긍정
중원구물주먹,5,2025-09-23 07:10:50,😡😡😡💢💢💢❤️❤️❤️,0,긍정
hans,5,2025-09-23 07:05:14,걸작. 김용하는 컨텐츠를 늘려라!!!,1,긍정
민들래,5,2025-09-23 07:01:24,신용하,0,긍정
서영민,5,2025-09-23 05:19:59,"일단 다 까고 무자본, 저자본이 굉장히 하기 편하고 자기 최애 키우기도 편한 게임이다. 청휘석 쌀먹도 괜찮은 편이고 ap추가만 구매하는데 1년 안되서 굉장히 많은 학생들을 모았다. 굳이 토먼트 난이도에 잠식되지 말고 천천히 학생모으면서 키우면 굉장히 민족스러움",0,긍정
김혜성,5,2025-09-23 04:40:47,처음에는 카즈사 하나 뽑고 접을려고했는데 카즈사를 보고 또보고 계속 보니깐 점점 너무 좋아져서 접을수가 없게 되버렸어요 진짜 카즈사를 디자인 한 사람이나 만든 사람은 볼뽀뽀 100번 씩 해줄꺼니깐 딱 기달려요,1,긍정
블아전용,5,2025-09-23 01:12:42,내 아내임,0,긍정
크로웨아,3,2025-09-20 05:44:42,1부에서 스토리 고점 찍고 2부에서는 대체로 내리막길 같은 느낌. 2부 초반부는 그럭저럭 볼만 했는데 스토리가 진행됨에 따라 감정선이 잘 안 따라가지고 억지 신파 같기도 하며 너무 늘어진다는 느낌을 받음. 그리고 이건 개인적일 수도 있는데 동양풍 배경 나올 때 블아 특유의 신비한 세계관 느낌이 와장창 박살나고 양산형 게임 냄새 나고 몰입감 떨어졌음. 스토리 외에는 가챠 천장이 업뎃 때 리셋되는 게 많이 불만임.,9,중립
전민혁,5,2025-09-14 09:32:53,블루아카이브 최고입니다.,0,긍정
이지우,3,2025-09-14 06:14:16,재밌게 했는데 뉴질랜드로 이민가는 바람에 접속이 막혔네요...ㅠㅠ,0,중립
블맨,5,2025-09-11 12:13:15,인생으로써 최고네요,1,긍정
박민교,5,2025-09-09 01:51:20,갓겜,0,긍정
박경수,2,2025-09-07 23:59:29,게임을 하다 보면 계속 튕겨요.. 한 최대 50분까지 게임을 할수가 있네요,0,부정
dokyung kim,5,2025-09-07 14:51:11,내 인생겜을 왜 이제야 찾았지?,1,긍정
Ryan Jeong,1,2025-09-06 07:38:19,아로나 TTS톤을 지들 맘대로 바꾸네 상식적으로 버전을 예전 버전도 선택할 수 있게하던가 지들 맘대로 TTS 톤을 바꿔버림 더 개선된거면 몰라도 더 구린 버전으로 바꾸네,1,부정
윤일구,4,2025-09-06 01:33:36,코유키 증식 바이러스가 제가 접속을 안한사이에 퇴치됐나보죠? 원인이 코유키 팬덤들의 소행으로 해킹한거 맞나요?,0,긍정
jk S,5,2025-09-05 14:04:20,말딸을 버렸어,0,긍정
younggyu jon,5,2025-09-05 13:11:59,우와,0,긍정
Dongkyu Kim,5,2025-09-05 13:08:14,갓겜 인정합니다.,0,긍정
키에르,5,2025-09-05 03:19:50,코유키가 지배하는 게임 별 5개,0,긍정
hya_le,1,2025-09-05 01:57:22,하츠네 미쿠를 다시 픽업해주세요,0,부정
Co Ni,1,2025-09-02 05:10:12,노잼,0,부정
문찬우,5,2025-09-01 15:02:31,내 인생을 바꿔버린 게임,0,긍정
김봉정,5,2025-08-30 13:08:07,김봉정아들우리의미래까지,0,긍정
Oo Y,5,2025-08-30 11:26:09,휴대폰으로 너무 만족하며 재밌게 하고있는데 테블릿이 호환이 안되서 슬프네요 ㅠㅠ 게임은 너무 재밌어요 스토리 보는데 시간이 훅 가버림 ㄷㄷ 앞으로도 재밌게 플레이 하겠슴다,0,긍정
김나겹,5,2025-08-30 10:16:56,히히,0,긍정
ᄋᄋ,5,2025-08-29 08:45:05,캐릭터 가챠로 뽑아다 이거저거 조합해서 보스 뚜따하는 재미가 있음 가챠가 어머뒤지긴했는데 그렇다고 못할게임은아님 스토리는 이런저런 호불호 갈리는 에피 제외 폰겜중에선 제일재밌었음,0,긍정
햇반밀수꾼,4,2025-08-28 14:38:03,일단 무과금인 내 기준으로 보면 생각보다는 그렇게 극악무도하게 비싼 게임은 아님(물론 정가가 그렇게 싸지는 않다는게 함정이기는 하시만..) 나름 무과금도 어느정도 잘 챙겨주는 느낌이 남 게임의 핵심인 캐릭터를 수집하는 맛도 있고 그렇다고 게임성이 엄청나다? 그정도 까지는 아닌 것 같아서 4점 드림,0,긍정
나는다노,5,2025-08-27 04:13:02,내 인생이에요^^,1,긍정
임은평,5,2025-08-27 01:42:13,역시 신토불이..! 중국산이랑 다른 우리의 맛이 좋아요 !,0,긍정
서정우,5,2025-08-26 17:34:00,인생겜,0,긍정
아르티옴,5,2025-08-23 03:38:26,PD가 예쁘고 캐릭터가 센스있어요,0,긍정
김대윤,2,2025-08-20 11:10:35,1. Ai성능 개선이 필요합니다. 근거리 몹이 탱커를 때리면 탱커가 뒤로 빼게 코딩되어있는거 같은데 정작 딜러들은 뒤로 빼지도 않습니다. 2. 매번 비슷한 스킬을 가진 학생을 찍어내지 마시고 좀 참신한 스킬 매커니즘을 가진 학생을 내주세요. 3.학생들의 스킬 이팩트 개선이 필요할 것 같습니다. 학생들에게 애정을 가지고만 이 게임을 플레이 하는것은 한계가 있습니다. 스킬 이펙트가 밋밋하면 게임 할 맛이 나지 않습니다. 4. 총력전 신규 보스를 더 자주 출시 해주세요. 5. 요즘 갑자기 패스 캐릭터 2개씩 내는데 1개로 정상화하세요. 6. 넥슨 게임 아니랄까봐 현질 유도가 너무 심한데 3성 학생 보단 2성 학생 출시도 많이 해주세요. 7. 일일 출석 보상 개편. 보상이 너무 맛이 없어 출석할 마음도 안드네요.,0,부정
박섲,5,2025-08-19 14:37:23,조은게임 콜라보좀 더해줘,1,긍정
Cavendish,1,2025-08-19 12:15:27,와..진짜 해도해도 너무하네..3성이 나오기는 하는건가요?이렇게까지 확률 거지같은 게임 처음보네요,2,부정
고일이,2,2025-08-19 08:03:34,픽업인데 400박아도 안뜨는 게 말이 됨? 픽업 확률좀 높여주셈,2,부정
金亨俊,5,2025-08-19 07:45:39,우리 블아 건전한 게임인데...,1,긍정
채경환 (못해서모데카이저),5,2025-08-19 01:41:15,"역작,사람의 인생도 바꿀 수 있는 게임,아니, '청춘'이다",0,긍정
동여리,5,2025-08-18 18:42:22,재미있어요 한번 해보세요,0,긍정
삭제된계정,1,2025-08-18 02:58:15,"이 게임 문제점 (약 2년전부터 플레이한 유저입니다.) 1. 게임성은 출시부터 지금까지 아무런 개선이 없다. 2. 최종장 메인스토리 이후 스토리 부분에서도 1부보다 더 나아진 부분을 찾아보기 어렵다. 게헨나 메인스토리는 아직까지 안내고, 아리우스 메인스토리는 최근에서야 냈다. 3. 비용문제로 일본어 풀더빙을 절대 안한다. 4. 넥슨게임답게 총력전같은 콘텐츠를 즐기려면 현질유도가 매우 심하다. 5. 캐릭터 아이디어가 없는건지 이격이 너무 많다. 다른게임과 비교해도 심각하게 많은 수준. 6. 넥슨 게임답게 유저들 불만이 있어도, 심각하게 이슈가 되지 않는 이상 해결하지 않는다. 7. 이러한 문제들이 있는데도 불구하고 갓겜충들이 많다.",202,부정
Hi man,5,2025-08-13 18:19:56,게임 나온지가 몇년인데 시작화면에 로그아웃이 없어.. 넥슨계정 잘못로그인 했더니 자꾸 이름 만들라고 난리네 캐시 지워도 안됨 계정 새로만들고 튜토리얼 다 보고 계정변경 하던지 재설치 후 설치 다될때까지 기다리던지,0,긍정
현재희,1,2025-08-12 07:52:47,재미없어,0,부정
케이,1,2025-08-11 02:19:09,페이스북 계정 날아감 캐릭터전부 없어짐,0,부정
한휘,5,2025-08-10 14:03:42,갓용하,0,긍정
ᄋᄋ,5,2025-08-10 04:26:49,복귀하려했는데 계정이 날랐네요,0,긍정
이정호,1,2025-08-10 01:20:42,능력을 업시키는것도 아니고 기본적인 레벨업이 안됨 새케릭 뽑아놓고 쓰지도 못함 1년 동안 하고 있는데 진짜 징글징글함 새로 뽑은 케릭들 왠만한건 다 저랩 써보지도 못함,0,부정
토로,2,2025-08-06 05:54:29,무난하게 재밌음 가챠에관해선 픽업캐릭터의 확률이 정말 있는건지 의구심이 들 정도로 픽뚫이 굉장히 잦은편,0,부정
대마루,5,2025-08-05 17:33:24,밝고 건전한 게임,0,긍정
에스트,5,2025-08-05 12:19:47,블추,0,긍정
박진성,5,2025-08-05 11:50:51,내 수영복 하나코 주세요 제발(???),1,긍정
아크인,5,2025-08-05 07:03:52,림버스 스토리보면 매 스토리마다 하이라이트가 있는데 블루아카이브는 3d캐들이 뽀짝하게 총쏘는거라 그런 연출이 없는게 아쉬움 그나마 아비도스 3장에서 애니메이션 연출 넣어준건 좋았음 그 외엔 대 만 족,1,긍정
구민수,5,2025-08-05 06:50:19,개인적으로 게임성도 좋고 청휘석도 많이 퍼줘서 좋음 현질없이 해도 좋고 월정만 사도 게임하기 편함 여기서 내가 고점을 찍고싶다 하면 현질하는거지 골드에서 머무르면 과금없이 충분히 게임 잘 즐길수있음,2,긍정
임우진 (임블리),5,2025-08-05 06:12:00,엄청 재밌게 플레이하고 있습니다!,0,긍정
꼬리가중헌디,5,2025-08-05 05:12:45,사랑한다 블아여,0,긍정
오가다가,5,2025-08-05 04:49:37,화면이 큰 만큼 화질도 좋아지면 좋을 듯,2,긍정
최동욱 (황제리왕),5,2025-08-05 04:42:36,케릭터 디자인이 좋고 스토리도 편하고 게임이 디펜스 방치형이라 오히려더 편하고 자동 배틀모드까지 정말 완벽합니다^^,0,긍정
신윤겸,3,2025-08-05 03:07:15,"캐릭터 설정, 스타일, 스토리는 좋은데. 게임성 부분에서는 역할(힐러, 서포터)과 동떨어진 사정거리를 가진 일부 학생들(권총, 산탄총, 기관단총), EX스킬만 조작할 수 있어서 최악입니다.",0,중립
N CLO (Clonyan),5,2025-08-05 02:51:21,호시노 사랑해,1,긍정
펜타그램,4,2025-08-03 17:00:01,3시? 4시? 되면 자동으로 게임 종료후 재접속 되네요?? 날짜가 지났다고요.. 스토리 2 부터 한국어 안나오내요?? 스토리1 에만 한국어 말 나오고요,0,긍정
Amiga Shroud,1,2025-08-01 05:07:11,주변에 이 게임 좋아하는 사람 있으면 조심하십쇼,0,부정
하돈,1,2025-07-31 01:22:52,몇 년동안 키워온 구글 계정이 이용불가 처리 당했습니다. 무과금으로 열심히 키워온건데 이유라도 알려주세요.,1,부정
키위새,3,2025-07-30 00:13:17,그냥 뽑기랑 캐릭 일러가 본체인 게임,0,중립
M-S Kang,5,2025-07-25 12:17:35,재미있긴한데 더빙이 1편만 되있어서 좀 아쉽네용,0,긍정
조헬레나,1,2025-07-25 09:48:35,게임이 시작이 안돼요,0,부정
94 2,5,2025-07-24 15:32:56,학생들이 귀엽고 게임이 새우깡같은 맛이에요 덕분에 평소에 즐겁게 지내고 멘탈이 금 갔을때도 한결 나아져요,1,긍정
모레내일,5,2025-07-23 18:11:07,"가챠란, 가챠에 매달리지 않고선 살아갈 수 없는 자들을 위해 존재하는 것인데.",3,긍정
니노,5,2025-07-23 11:09:58,개꿀잼,0,긍정
서용호,5,2025-07-23 07:48:41,최고,0,긍정
최겸,5,2025-07-23 07:06:51,재미있어요,0,긍정
아스릴,5,2025-07-23 01:22:17,이 겜 덕분에 내 인생이 달라졌다. 가끔 아쉬울때도 있지만 그래도 충분히 매력있는 게임인건 장담합니다,0,긍정
자코,1,2025-07-22 14:16:56,보안모튤초기화실패로 접속불가 삭제했다 다시깔아본다,0,부정
최원우,5,2025-07-22 14:09:22,단언컨대 지금까지 해 본 게임으로는 1등 이렇게 정붙고 계속 잡고있는 게임인데 오래오래 갔으면 좋겠습니다,0,긍정
최윤서,5,2025-07-20 13:08:12,......우리는 원한다. 일곱 개의 통곡을. ......우리는 기억한다. 예리코의 화두話頭를.,0,긍정
지나가는행인,1,2025-07-19 23:37:02,특정 캐릭터와 많은 천장 과금유도 그래도 중공냄세 안묻은 국산 게임이라 어떻게든 정착 해볼려고 했으나 직장인 쥐꼬리 만한 월급으로 플레이 불가능한 아주 매운맛이 가챠게임 애국심이 넘쳐나면 플레이하세요.,0,부정
박정민,4,2025-07-19 07:50:26,무난한 k서브컬처 게임,0,긍정
호우!,5,2025-07-17 23:39:39,"리오 10, 수나코 30에 뽑았다고 자랑했더니 친구가 저를 죽이려 드네요",0,긍정
박준현,5,2025-07-17 13:53:36,아스나 사랑해💙💙💙💙💙💙💙,0,긍정
소라사키 히나부장님 사랑해요,5,2025-07-17 07:22:50,서브컬쳐라는 벽만 넘으면 정말 재밌게 즐길 수 있는 게임 입니다,0,긍정
Shinomiya,2,2025-07-16 20:13:18,다좋은데 비용이 너무 비쌈,0,부정
JG미호,1,2025-07-16 19:49:38,초보하기엔 어려움 재미도 없고 더빙은 별루 트릭컬 보다 못한 게임,2,부정
킹보,5,2025-07-16 16:08:09,용하야...쫌,1,긍정
KorZon,2,2025-07-16 15:40:03,"더 이상 싯딤의 상자가 제대로 작동하지 않고 자꾸만 시스템이 다운되서 센세는 여기까지하고 물러나야 할 것 같다. 얘들아 센세 없이도 잘 지내야한다, 즐거웠다",17,부정
ᄆᄋᄌ,4,2025-07-16 14:08:52,"두달가량 매일 빠짐없이 즐겁게 플레이하고 있으며 스토리 또한 흥미진진해 주말이면 푹 빠져 플레이하고 있습니다. 게임 문화를 오래 즐겨온 유저가 아님에도 블루아카이브는 10만원 이상 결제해본 유일한 모바일 게임이기도합니다. 국내 서브컬쳐 게임중 현재까지 단연코 가장 즐겁게 플레이하고 있는 게임이라고 생각하며 앞으로도 꾸준히 지금처럼 즐기고 싶습니다. 다만 확정 픽업 뽑기 확률 정보를 따르면 여타 다른 캐릭터 가챠류 게임과 비슷해보이는데 유독 블루아카이브는 천장보기전까지 뽑기에 성공해본적이 없는 유일한 게임이기도 합니다. 최소한 여태 결제한 금액을 토대로 플레이스토어 포인트를 이용해 상품권을 구매하거나, 남은 모집포인트를 다른 아이템으로 상환해주는 제도 등 가챠에 대한 스트레스를 완화시켜줄 수 있는 제도가 도입되었으면 좋겠습니다.",8,긍정
김영수,1,2025-07-16 10:11:47,저장공간 있다는 데 왜 안되요 네?????,0,부정
Nan Wu,2,2025-07-15 09:22:18,와카모 페스부터 시작한 유저고 아직까지 재밌게 하고 있는데 이번 페스때 느낀게 게임이 시작할 때와 전혀 변한게 없습니다 특히 이미 전3을 찍어 쓸일이 없게된 학생들의 엘레프를 좋은 방향으로 쓸 수 있게 하는 패치 같은건 없습니까? 게임이 4년이 됬는데 어떻게 이런걸 방치만 하고 있습니까 아무리 엘리그마가 귀하다지만 수급 방법도 뽑기 외에는 거의 없는거나 마찬가진데 비싼 청휘석 써서 기껏 뽑고 남은 모집 포인트는 기동석 쪼가리로 바꿔주고 진짜 요즘 실망이 이만저만이 아닙니다,6,부정
Gunn Nam,5,2025-07-15 06:58:40,이중결제 됐는데 어디에 문의하면되나요?,1,긍정
정해영,5,2025-07-15 06:36:20,굿,0,긍정
황준하,1,2025-07-15 03:45:38,아니 핑크 20번중 페스픽업 학생만 빼고 나오는게 말이됨? 지난주부터 3연천장인데 솔까 말이 안되냐고 와중에 나온건 죄다 중복이고,0,부정
김우영,1,2025-07-14 13:17:26,"무료 100뽑 모아서 오늘 다뽑아봤는데 3성 하나도 안나오네요,,운 없으면 안하는게 답이네요",2,부정
IAF L,5,2025-07-13 08:44:06,지금은 안 하지만 나름 재밌게 했었음. 나의 추억이 남아있는 게임.,1,긍정
정강산,2,2025-07-13 02:37:05,가챠가 주요 BM인데 가챠할때마다 불쾌해짐... 기대값이라는게 절대적인건 아니지만 매번 들어가는 픽업마다 천장전에 픽업캐 안나오면 게임 접고 싶어짐,2,부정
박진성,5,2025-07-11 06:43:11,스토리모드 다 안밀었지만 결말봐서 우울증 걸렸습니다....이 글을 읽는 분이 계시다면 반드시 직접 최종장 보세요 아니면 2001님 유튜브에 2차창작있으니깐 그거라도 보시길....,1,긍정
이수민,4,2025-07-10 14:41:48,다 좋은데 폰으로 하믄 너무 튕깁니다.. 요번에 나온 이벤스를 즐길려고 해도 필드 탐색을 누르면 튕깁니다 최적화 어떻게 안될까요?,0,긍정
junghwan park,5,2025-07-10 10:34:32,수집형 RPG에 익숙해지고 나니깐 꽤 재미있게 하는중. 학원물에 총에 취향 되는건 다있어서 너무 좋음 출시초기에 접었다 다시 돌아오길 잘한듯 ㅋㅋㅋ,0,긍정
노랑이,5,2025-07-09 19:47:26,숙제가 쉽고 할것도 많고 스토리도 이쁘고 캐릭터도 맜잇는 게임 그리고 가챠에서 블루블루한 우리 게임♡,0,긍정
김태희,5,2025-07-09 10:00:54,최적화를...,1,긍정
리제로,5,2025-07-08 18:26:07,진짜 나쁘지 않은 게임입니다. 진짜 내가 빠르게 숙제하고 싶으면 강추 특히 대결전 같은 데서는 내가 지금까지 모은 캐릭터 전부 쓸 수 있게해서 이게 제일 맘에 든다. 캐릭터 키우는 것도 금방 키울수 있어서 강추 개인적으로는 나는 캐릭터를 많이 모으는 것보다는 모은 캐릭을 풀강으로 만드는 재미로 해서 약간 확률은 안좋긴함,62,긍정
다른풀이,5,2025-07-08 17:20:21,계정 옮기기 성공,0,긍정
천경현 (mod203),5,2025-07-08 14:02:47,너희가 시작한거다? 나한테 쌍천장을 박아? 스토리 안읽어. 스킵할거야. 당신들이 열심히 적은 스토리? 청휘석 받는게 더 중요하니까 그딴거 읽을 시간없어.,103,긍정
현진,1,2025-07-08 10:52:13,"스토리도 좋고, 캐릭터들 개성도 넘치는 꽤 괜찮은 아이피는 맞는데.. 이게 게임도 괜찮냐, 라고 물으면 절대 그렇다고는 못함. 그냥..재미가 없음. 스토리도 다 보고 나면 손도 안 가고.",2,부정
김동욱,5,2025-07-08 08:26:43,사랑해요 센세,0,긍정
홍시팀97수,5,2025-07-08 08:16:51,블루 아카이브 최고~!!💎🌟,0,긍정
아이에프,2,2025-07-08 08:08:43,오픈 초기부터 했지만 지난주 금요일부터 보안모듈 초기화 실패 나오고 재설치도 했지만 해결이 안되서 문의 넣어는데 하루 넘게 답변도 없어서 정이 사라졌네요,0,부정
amo,5,2025-07-08 07:01:24,갓겜입니다.,0,긍정
블랙하트,5,2025-07-08 06:46:48,좋은 게임 만들어주셔서 감사합니다 개발자님,0,긍정
로보ROBO,5,2025-07-08 02:53:03,호시노 귀엽다,0,긍정
소이로,4,2025-07-08 02:44:39,다좋은데 제발 풀더빙좀… 이벤트스토리에는 안넣어도 상관없는데 제발 메인스토리에는 있었으면하는…,1,긍정
바바야,5,2025-07-05 15:38:45,솔직히 픽업 기다리면서 게임하는거 지치는데 더빙도 해준다 하고 신캐도 스근하게 뽑아주니까 오점줌,0,긍정
꼬꼬마필름,5,2025-07-05 09:55:02,흥신소 그리고 아루는 전설이다!!!!!!!!,1,긍정
라나,5,2025-07-04 10:27:46,내 인생 최고의 게임 리뷰 한번도 안써본사람이지만 게임성이 조금 아쉽지만 라이트하고 꾸준하게 보면 정말 시간태우기좋다 제일 칭찬하고싶은점은 스토리가 너무너무너무 최고다 스토리 처음부터 끝까지 다보는데 혼자 이상한사람마냥 실실 웃고 울고 진짜 너무 재미있게 봤다 예측이 어느정도 스토리들은 가늠이가나 블루아카이브의 스토리는 진짜 달랐습니다 게임 오래오래 가주세요 섭종까지 함께 하겠습니다,18,긍정
고다윤,1,2025-07-04 09:57:54,넥슨계정에 연동해둔 계정이 사라졌습니다,0,부정
장해원,1,2025-07-03 02:54:45,리세 6번하다 금색하나도 안나오는 거 보고 런침,2,부정
양희경,4,2025-06-28 07:29:39,용하형 99000원 주는데 4800청휘는 너무 적어 가격을 낮추든가 청휘석 갯수좀 올려줘ㅓㅓㅓㅓㅓㆍ,3,긍정
이상범,5,2025-06-28 07:14:30,매우 재밌는,0,긍정
의사양반,3,2025-06-25 09:35:03,결재를 하고 난 이후 계속해서 구매한 상품 지급에 실패했다는 오류가 뜨고 있습니다...코드는 100105 고 지웠다 깔아봐도 계속 그렇습니다...해결좀 부탁드립니다.,0,중립
우리는우영연우,5,2025-06-24 15:18:02,천장을 치게 만들면 픽업 두개를 전부 못얻을줄 안건가? 멍청하긴! 최애캐를 위해 400뽑을 모으면 된다!,3,긍정
SEOKJUN KIM,5,2025-06-24 15:04:37,나는이게임을사랑한다,0,긍정
장신우,5,2025-06-24 13:54:00,갓겜,0,긍정
이승민,5,2025-06-24 13:22:35,출시 6년된 a50에서도 돌아가네요.,0,긍정
히히,5,2025-06-24 13:02:28,"응, 가자",0,긍정
haru H,5,2025-06-24 11:14:14,👍👍👍👍,0,긍정
Pp0 Pps,5,2025-06-24 09:49:09,한국에서 몇 안되는 갓겜.,0,긍정
wkajdb,5,2025-06-24 08:41:38,더 맛있는 게임 부탁드립니다 ㅎㅇㅌ,0,긍정
김연희,5,2025-06-24 07:25:28,요즘엔 연구하는 재미로 사네요!! 3성 확률은 낮지만 그래서인지 가챠가 너무 재밌어요..ㅠ,0,긍정
nanuk jjilinnae,5,2025-06-24 06:32:48,Great데스요 코이츠와,0,긍정
겜하는학생,5,2025-06-22 14:49:40,그래서 이게 왜 19세 게임일까,1,긍정
유하연,1,2025-06-22 14:30:55,게임이 5분도 안 되서 튕기는 게 맞나요?!,0,부정
박재완,5,2025-06-22 14:04:48,그저 갓겜 입니다,1,긍정
51 8,4,2025-06-14 05:03:27,미쿠복각해주세요ㅜㅜ 그때 블아몰라서 시기를 놓쳤어요.... 현질의향있으니까 ㅈㅂ...,0,긍정
스스사노우,5,2025-06-12 02:41:27,히히,0,긍정
ffuj gjvhj,3,2025-06-10 13:33:03,어제까지만 잘 했던 블아 접속하면 검은화면만 뜨고 넘어가지 않습니다 다른 핸드폰으로는 들어갔는데 잘 됩니다 폰을 재부팅 하고싶어도 skt해킹 사건으로 못해서 방법이 없습니다,0,중립
김재민,5,2025-06-08 14:45:43,너무 너무 좋아요,0,긍정
Life Ruined (망한인생),1,2025-06-07 10:01:16,넥슨id로 합쳤더니 구글계정으로 연동된 블루아카이브 id가 사라짐....,0,부정
권민우,5,2025-06-07 08:34:06,궁금한게 있는데 아비도스 이벤트 스토리는 계속 나오는 거죠? 제가 아비도스는 애정이 있어서...메인스토리도 잘하면 가능성은 낮지만 나올 수 있는 가능성은 있는거죠?,2,긍정
hyein jeon,1,2025-06-07 08:25:45,"초기에 플레이할 때 스토리, 일러나 sd가 정말 취저였지만 pvp 컨텐츠와 총력전이 너무 피로하고 가챠 이월도 안되는 등 부담이 심해져서 그만둠",3,부정
레혼,5,2025-06-06 05:43:24,🌟,1,긍정
김유진,5,2025-06-05 08:43:06,용하형 사랑해!,0,긍정
이하율,3,2025-06-05 04:18:31,무과금은 정말 힘든 게임 더이상 재화수급을 못하겠음ㅠ 스토리 goat,2,중립
놀이사냥,5,2025-06-03 09:31:58,good,0,긍정
AJL120Y ! (for soviet),5,2025-05-31 15:27:06,good 👍,0,긍정
김기범,5,2025-05-26 18:22:58,좋은게임ㄹㅇ,1,긍정
김도율,5,2025-05-25 14:03:08,생각보다 나쁘지 않은. 캐릭터도 이쁘고 스토리도 좋지만 무엇보다 노래가 제일 좋은. 매인 스토리 초반에 예로니무스 잡는게 조금 힘들긴 하지만 예로니무스만 잡으면 다 깬거라고 볼수 있는. 솔직히 청휘석을 좀 짜게 주긴 하나 가끔 퍼줄때도 있는. 하지만 가끔 끊겨서 기분이 안좋은😕😕. 그럼에도 나쁘지 않은 게임인.,24,긍정
luke horace,5,2025-05-24 16:40:59,청휘석 구매하려는데 100300에러가 떠서 결제가 안됩니다,2,긍정
Bigrock,4,2025-05-24 15:05:17,예전부터 이 게임을 정말 좋아하던 블붕이로써 최근 문제점이 너무나 많다 느낍니다.. 일단 최근 있었던 내부사정 때문인지는 몰라도 최종편 이후부턴 스토리가 너무 지루해진거 같습니다 이 게임 특유의 느낌도 사라졌고요 또 게임 최적화가 너무 덜된 느낌도 납니다 이번 업데이트 이후로 로딩시간이 너무 길어졌어요 앞으로의 게임 방향을 위해서라도 이런 부분들을 개선해주었으면 하는 바람입니다..,89,긍정
Nox,1,2025-05-23 16:05:49,확률 까봐라. 이거 100퍼 확률조작 있다. 어떻게 110연 돌리는 동안 3성 한 장이 안 나오냐?,9,부정
치즈,3,2025-05-17 10:21:45,최적화에 신경을 많이 써주세요. 아이폰으로 플레이 하면 6기가 이하램은 튕기기 일쑤고 안드로이드는 프레임 드랍이 심하고..,0,중립
Gun Yon (Xio),5,2025-05-15 20:57:44,갓겜,0,긍정
훈련법,1,2025-05-15 09:51:01,픽업이라면서 안나옴. 괜히 돈 날리지마셈 ㅇㅇ,2,부정
우종수,5,2025-05-14 10:06:12,사실상 비주얼 노벨인데 중요스토리라도 일어 더빙점..,0,긍정
Seung min lee,5,2025-05-13 16:49:19,뚜따이 뚜따,0,긍정
김정현,5,2025-05-13 15:46:14,내 인생게임,0,긍정
제임스,1,2025-05-13 15:17:46,블루아카는 안전합니다!!,1,부정
반헬,5,2025-05-13 14:17:07,메인겜으로 잡기엔 유사게임이지만 그냥 적당히 숙제하고 적당히 골드 노리면 꽤 할만한 게임인것 같아요,1,긍정
김효린,1,2025-05-13 10:49:46,장난하냐,2,부정
윤재성,5,2025-05-13 08:26:48,와 크다...,0,긍정
재희,5,2025-05-13 07:32:04,재밌다,0,긍정
Poki StrayCat,5,2025-05-13 04:23:52,재밌다,0,긍정
mocadine,5,2025-05-11 09:32:26,인생겜 입니다. 이만한 겜과 스토리는 지금까지 본적없습니다,0,긍정
테스트,5,2025-05-11 06:10:39,정말 제가 블루아카이브 애니로 보고 게임도 있길래 오늘 시작해 봤는데 제가 가장 좋아하는 캐릭터가 아루인데 무과금으로 아루 를 3번 뽑아버려서 나머지는 상점에서 조각을 구매해서 첫날만에 아루 4성을 가지게 되었습니다! 4성이 무과금으로얻기 힘든걸로 알고 있는데 첫날 부터 4성을 그리고 가장 좋아 하는 캐릭터를 갸차운이 그렇게 나쁘진 않은거 같아요! 넥슨 최고 자원도 많이 줘서 4성을 만들수 있었습니다. 넥슨 감사합니다!,8,긍정
하이루,4,2025-05-10 13:22:49,에덴조약 3장 24화 어케 깸 지금 눈물난다,2,긍정
서해,5,2025-05-10 10:56:37,저는 시작한지 얼마안된 선생님인데요 게임이 너무 재미있습니다,0,긍정
아디 (아디),5,2025-05-06 05:03:44,재밌는데 3성좀 다오..,0,긍정
마법날개,5,2025-05-06 03:47:18,잼잇어용,0,긍정
착한악글러,1,2025-05-05 13:51:25,"게임성 언제 개편하냐 스토리만 좋으면 뭐해 애들 이동도 못해 지원도 못해 시방 뭐 어쩌라고 이야기만 처 보라는거야 뭐야 레벨도 계정 렙으로 만렙 치면 어쩌라는거지?? ㅋㅋㅋㅋㅋ 어휴 망겜 ㅡㅡ 딱 이거네 ""센세는 짜져있으세요 저희가 다합니다 레벨이나 키워요 ㅋㅋ""",13,부정
LS Nk,2,2025-05-05 11:09:17,잊을 만하면 한 번씩 들어와서 10연 분량 보석 모이면 돌리고 3성 없으면 나가는 식으로 계정을 부분 방치하면서 지냈는데 이게 아무래도 역시 미련이 남은 건가 싶어 그냥 깔끔하게 계정 삭제하고 지웠습니다. 여전히 할 만한 컨텐츠는 텅 비었더라고요. 가챠에서도 3성은 안 나왔길래 별점도 3점 미만으로 드리고 갑니다 남은 분들은 즐겜하시길,7,부정
강승규,1,2025-05-02 03:55:37,주변에 이거 하는 사람있으면 열에 아홉은 기피대상1호다.,3,부정
김현정,3,2025-05-01 13:59:27,빠르게 진행되었어요,0,중립
정은우,3,2025-05-01 06:59:31,"뽑기를 제외하면 나머지는 전부 인정할만함. 뽑기는 10회모집 여러번 돌려도 계속 파란봉투이고 겨우 운 좋아서 분홍봉투 나와도 그마저도 중복인 경우가 더 높았음. 캐릭터를 많이 보유하면 그러려니 라고 생각할수도 있지만 어찌보면 좋다만 기분임. 이번에 사쿠라코(아이돌), 마리(아이돌) 뽑기 110회 했지만 전부 파랑봉투 나오고 분홍봉투 찬스는 나오지도 않았음. 자원도 바닥나서 어떻게 재미를 즐겨야 할지 막막할 따름이다. 뽑기가 안좋은거지 나머지는 괜찮은 편이다. 이것만 제발 개선좀 해주길 바랄 뿐이다.",5,중립
울프레인,5,2025-04-29 16:42:44,갓겜 인정합니다ㅋㅋㅋ 오타쿠는 아닙니다만..(맞기는함;;;) 시간갈줄 몰르고 하고있어습니다 :) 미소녀게임 좋아하시는 극적으로 추천합니담! 게다가 오타쿠가 아닌 사람들도 유명한게임이라서 그런지 더 재밌는것 같습니다 물론 스토리 보다가 좀 지루하긴 합니다만...미소녀이면 이정도는 괜챃습니다 :)),0,긍정
찐갓겜 찾아요,5,2025-04-29 09:53:06,살려주세요 시로코가 문열어 달래요 심지어 호시노 목소리 까지 들리는데 진짜 저 어떡하죠 살려주세요 문이 열리는 소리가 들ㄹ,1,긍정
이하늘,5,2025-04-27 19:59:16,"모든 학생들이 다 매력있어서 좋아요 너무 잘 만든 게임이고 스토리도 좋지만 뭔가 설명하기 힘든 부족한 부분이 보여요. 예를 들면 ""이제 뭐함"" 이라는 말이 자주 나와요. 이벤트 스토리 다 보고, 픽업 캐릭터 얻고, 이벤트 게임 조금 하려면 재화를 얻어야 되니까 시간이 지나면 똑같은걸 반복한다는 느낌이 심합니다. 그래도 아직은 저도 이 게임을 사랑하고 좋아합니다. 지금도 밖에서 블루 아카이브를 하지만 당당하게 밖에서 하면 안되겠죠 청불 게임이니까... 어쨋거나 조금이라도 더 당당하게 할수 있는 그날까지 이 게임을 사랑하겠습니다",9,긍정
최지후,5,2025-04-26 05:55:08,최고,1,긍정
류류컴퍼니 (류류컴퍼니),2,2025-04-24 07:08:37,솔찍히 게임아님. 요즘흔한 더빙조차 없고 그나마 있는 더빙은 호감도올려서 짧은 컷신에만 존재. 그외는 띠리릭 띠링으로 전부 퉁침 솔찍히 전투 시스템도 막 재밌는 정도는 아님 그냥 할만하다 정도 그런데 스테이지를 밀려면 그짓을 하루종일 해야됨 질려서 정신 나갈거같음. 적어도 버는만큼 재투자를 해줬으면 좋겠음,3,부정
김눈새,1,2025-04-24 04:03:43,불호,2,부정
황금다래,3,2025-04-24 01:53:55,개인적으로 천장 누적(이월)이 안되기에 페스 등 특정 픽업때 노리는 것을 강제하는 경향이 커서 게임 자체는 할만한데 하다 보면 재화 모으느라 매너리즘이 빨리 오더군요. 그건 조금 힘듭니다.,3,중립
화이트,1,2025-04-23 15:43:10,쓰레기,3,부정
원써겐,1,2025-04-22 16:34:54,확률조작 쓰레기게임~,1,부정
User 0508,5,2025-04-22 07:02:11,"되게 재밌고 좋아요 늘 재밌게 플레이하고있습니다, 앞으로 어떤 이벤트가 나올지 기대됩니다. 넥슨 카페에서 가끔 소소한 이벤트하던데 조금 더 많은 유저들이 대상이되도록 이벤트가 되었으면좋겠습니다",1,긍정
鶴巻マキ,3,2025-04-21 07:30:15,아니 해당지역은 지원하지 않는다고 뜨는데 오랜만에 들어가는데 황당하네. vpn돌린것도 아닌데 왜이럼?,0,중립
박옥근,5,2025-04-19 03:55:36,재밌어요,1,긍정
퉤,5,2025-04-19 01:21:17,사랑해요,1,긍정
정예찬,5,2025-04-18 12:43:47,히히 사랑해,2,긍정
익명,4,2025-04-17 22:01:19,게임성x 운빨리트요소가 너무 큼 sd는 귀엽고 디테일 좋음 복장이나 총기등 파면 팔수록 디테일이 좋음 근데 정작 게임 플레이 도중 확대할 수 없음 스토리는 매우 좋음 풀더빙 안되어있음 +풀더빙 한다고 함 우리 몇년 더한다!,0,긍정
임대남,2,2025-04-17 15:49:00,2년동안 플레이 한 계정이 날라가서 슬프지만 1달만에 다시 정신 차리고 플레이하니 그래도 재밌네요,0,부정
맹덕충,3,2025-04-16 13:31:33,"결론부터 이야기하자면. 게임성은 만족스러우나, 뽑기가 진짜 매움. 우연히 타 게임 접하고 놀란게, 미소진 뽑기포인트가 차회차 뽑기로 넘어간다는 부분이었음.... 알아보니 블아가 남다른거더라...",1,중립
zion yu,4,2025-04-15 14:42:03,돌을 뿌리면 뭐해 안나오는데,0,긍정
tnlaxj,4,2025-04-15 08:48:06,정말 잘만든게임 허나 최근들어 확률이 변경된건지 천장이 기본가에 뽑기재화도 적고 호감도 도 맘대로 올리기 힘들고 강화에 필요한 재화도 너무많이 필요하고 전에는그래도 노력하면 된다라면 지금은 현질을 좀 하지 않으면 하기 힘든게임 오랜시간 게임을해왔지만 더는힘들어서 못하겠습니다 그래도 게임은 잘만들었고 캐릭터들도 아주좋습니다,77,긍정
응애,1,2025-04-15 08:00:22,확률 조작이 의심된다. 무슨 200 천장 찍을동안 그 많은 3성캐들중 1명도 안나온다. 그리고 본인 지금까지 무료뽑 티켓 준걸로 3성 얻은적이 없음;;,3,부정
Fragile,1,2025-04-14 22:24:40,한계에 다다른 게임,1,부정
토우지,5,2025-04-14 14:22:17,내 삶,0,긍정
김상민,1,2025-04-13 14:32:16,"유저들의 문의로인해 미래시 단축을 하는것까진 괜찮았는데 아직까지도 미래시가 당겨지면 생기는 컨텐츠의 탬포와 픽업기간 이벤트 등 게임 플레이에 부담이 강해질 수 밖에 없으나 게임사측에선 아직도 단 하나의 개선안 부담감 완화 정책이 없으니 게임도 힘들고 정도 털린다. 이제와서 민심 붙잡아보려고 더빙, 콜라보 등등 하는거 같은데 그것만큼은 정말 고맙다고 생각들지만 게이머 게임 부담 완화가 먼저가 아닐까 싶다.",53,부정
깽민,5,2025-04-12 16:40:04,블루아카이브 너무 재밌어요!!!!,1,긍정
우울한교주,4,2025-04-12 04:04:44,스토리 안보면 할 이유가 없음,1,긍정
타인프린,1,2025-04-11 16:27:01,너무 자주 튕김,0,부정
래빗,5,2025-04-06 09:26:58,뽑기 무료 다이아 주세요. ? 그리고. 스토리 소리 나오게 수정해주세요 그리고 스킬 래벨 제로 주세요 그리고 스토리 풀버전 만들러주세요. ? .,0,긍정
HANDEOK CHOI,5,2025-04-05 05:14:19,👍,5,긍정
kimgar,5,2025-04-04 14:06:33,좋아.,1,긍정
노명래,4,2025-04-03 23:40:45,메인스토리에 카즈사좀 넣어주시면 감사하겠습니다,1,긍정
T NN,5,2025-04-02 11:31:07,GOAT,1,긍정
so so,2,2025-04-02 08:59:20,접속이 안 됩니다 계속 검은 화면입니다,1,부정
펭권,5,2025-04-01 23:51:06,청춘이 느껴지는 게임,1,긍정
12o Ko,5,2025-03-31 23:36:26,초기부터 꾸준히 하고있는 유저입니다. 두말할것 없습니다. 블루아카이브는 우리나라 게임업계의 터닝포인트일 것입니다.,1,긍정
이호승,5,2025-03-31 15:22:54,개존잼,1,긍정
김태훈,5,2025-03-30 04:08:47,완전히 좋아요,1,긍정
용문댁둘이엄마,5,2025-03-27 16:53:14,다음 이야기 언제 나옴?발리 나오면 좋겠다,1,긍정
sea pearl,5,2025-03-27 06:23:08,흠.,2,긍정
Na-me Shia,1,2025-03-25 00:54:41,언제 리뷰지웠니♡♡ 쓰레기과금겜,1,부정
김효아,5,2025-03-21 13:39:44,키사키 주세요..,1,긍정
황동주,3,2025-03-20 13:41:36,"블루아카이브 접속시 검은화면만 나오고 소리도 일절없고, 모바일에서 접속한건데 해결방법은 모르겠고..... 도와주십시오...",1,중립
한태영,3,2025-03-19 23:37:20,화면 좌우로 레터박스가 생깁니다.. 20:9 화면비도 지원 부탁드립니다.,0,중립
북극여우(Arctic_0),2,2025-03-19 10:38:27,"스토리의 전반적인 흐름은 괜찮은것같은데 도대체 무슨 학원이기에 불법 무기 거래가 2000%나 증가하는건지, 왜 하필 오덕분위기를 물씬 풍기는건지는 잘 모르겠음... 하여튼 UI부터 설정까지 내 스타일은 아닌듯...",3,부정
호수,2,2025-03-18 15:13:23,게임성보단 캐릭빠는 겜인데 그것도 요즘은 좀...,2,부정
YouToube “kids” 탁이스쿨,3,2025-03-17 17:09:31,게임 도중에 휴대폰 화면이 자꾸 꺼저요 이해가 잘 안되는데 게임 켜놓으면 안꺼져야 정상 아닌가요 ???,0,중립
서현빈,5,2025-03-15 09:42:43,"완벽, 이보다 더 잘 표현할 수 없다. 게임성, 스토리텔링, 캐릭터 디자인, 몰입감 등등 전부 완벽에 가깝다. 내가 했던 모바일 게임 중 이걸 뛰어넘을 게임이 있을까 하는 생각도 든다.",0,긍정
뭐,5,2025-03-11 04:04:42,블아 너무 재밋서용 kyeongin!21,0,긍정
ヌラ nura 누라,5,2025-03-10 11:47:28,터ㅓㅓㅓㅓㅓ렸구나,0,긍정
킹냐다,5,2025-03-09 06:38:12,애니보고 시작한 1년쯤 되어가는 선생입니다 게임은 진짜 재밌어요 근데 스토리에 더빙이없는게 좀 그렇네요 언젠가 더빙이되면 한번쯤 스토리 정주행해도 좋을정도의 스토리에요 다들 한번씩 해보면 좋겠네요.,1,긍정
남유현,5,2025-03-08 13:16:55,재밌다,1,긍정
공세정,5,2025-03-08 07:02:00,너무 잘쓰고있고 캐릭터하나하나가 예뻐서 좋은거 같군요,1,긍정
응엔티투,5,2025-03-07 07:55:19,장점:1번째케릭터들이 너무 귀여운 2번째 질리지고 않고 너무 재밌음 3번째 스트레스 받을때 풀기 딱 좋음,1,긍정
ᄋᄋ,1,2025-03-06 12:56:23,버튜버 치워라,1,부정
ギターヒーロー,5,2025-03-04 14:26:49,명작,1,긍정
Who am I,5,2025-03-04 14:01:33,(한줄평) 몇년간 이 게임을 해왔는데 스토리도 좋고 부족한거 조금있는 좋은 게임입니다. 다만 이게임이 만19세 게임으로 바뀌어 버려서 아쉽습니다.,1,긍정
ssizz,1,2025-03-02 09:21:41,재미없어요.. 그냥 캐릭터 사진 보는 맛으로 하는 기분...? 스토리 별로고 뭘 해야 하는지도 모르겠고...,4,부정
시골갱쥐,2,2025-02-28 16:19:18,"똥망뽕빨물애니를 본 것 같아요. 스토리에 더빙이 들어갔다면 그나마 몰입이라도 갈텐데 왜 없는지도 모르겠습니다. 전투 컨텐츠도 재미없고, 진짜 일퀘딸깍입니다. 이 게임은 학생들의 매력으로 꾸득꾸득 살아가는 느낌인데, 인연 스토리나 카페같은 학생들과 교류할 수 있는 요소들을 더 추가하는게 좋았을 것 같네요. 게임이라 부르기도 부끄러운 게임입니다.",9,부정
정주성,5,2025-02-28 13:29:35,잘 하고 있는데 어느 순간부터 플레이스토어에서 다운받은 블아가 플레이가 안되네요. 게임에 들어가면 검은 화면만 나오는데 버그라면 수정 부탁드립니다.,1,긍정
pjomiqmpojivtqvmjop,1,2025-02-27 18:40:57,기차 어떻게 피해요?,1,부정
jeongsu yu,5,2025-02-25 15:29:35,지금까지 해봤던 게임 중 제일 재미있는 게임 그저 완벽,1,긍정
forever drift,5,2025-02-21 17:20:33,"블루 아카이브 4개월차 유저입니다 처음에는 음악이 너무 좋아서 블루 아카이브 음악만 듣다가 2024년 10월 21일에 최초로 게임을 시작했습니다. 처음에는 진짜 아무것도 몰랐는데 아이디 만들고 처음에 나오는 프롤로그를 보면서부터 제 마음을 사로잡았고 아! 열심히 해야겠다 라는 생각을 했습니다 그러고 1, 2개월 정도 해보니 어느 정도 알게되고 재미를 붙인 것 같아요 결론은 진짜 재밌습니다ㅎㅎ 가챠해서 나오는 캐릭터들 너무 귀여운 거 아니에요?! (특히 아리스) 그리고 3성카드 확률도 생각보다 괜찮게 나오고 각각 캐릭터들의 퀄리티도 끝내주네요ㅎㅎ 그 밖에 재미있는 스토리와 스테이지, 총력전, 대결전 등 다양하게 즐길 수 있어 너무 좋은 것 같아요!! 어떨때는 하다가 시간가는 줄도 모른답니다~~ 제 인생 최고의 게임이에요^^ 블루 아카이브, 언제나 응원할게요 화이팅!!!",5,긍정
오린,1,2025-02-21 15:28:49,"여름에는 크리스마스, 겨울에는 수영복 이벤트를 3년동안 보여주는 게임은 내 생에 처음보네 ㅋㅋㅋ",2,부정
헤일로,5,2025-02-20 17:45:17,이제는 하루에 6시간 넘게하는 49레벨 늅입니다 솔직히 말해서 너무 재미있슴다! 각 캐릭터마다 특징과 구성도 잘 맞는다고 할까나 무엇보다 스토리들이 너무 재미있고 어쩔때는 몰입하게 보고 떡밥들도 스토리와 맞고 좋은 장점인것 같습니다! 블루 아카이브? 한번쯤 해봐도 좋을 게임같아요!,4,긍정
유지원,5,2025-02-19 09:13:17,우리 밝고건전한 블루아카이브 제발 청불걸리지말고 이대로만 계속가자 블루아카이브 사랑해요 용하형 힘내!,2,긍정
승준천,1,2025-02-17 15:01:38,고즈라는 보스는 게임에 못만든 부분이 있으면 그걸 숨기거나 고쳐야하는데 그 못만든부분을 드러내는걸 모자라 눈앞에 들이민다. 마치 집을 보러가는데 집주인이 집의 곰팡이며 바퀴벌래를 보여주며 나한테 먹이는것같은 느낌이다. 고즈를 치면서 이겜의 쓰래기같은 부분을 적나라하게 느꼈고 그 느낌을 리뷰로 남긴다.,3,부정
김다현,1,2025-02-17 04:55:22,2차 창작에 기생하는 쓰레기겜 스토리도 늦어 퀄리티도 후져 게임성도 없어 그지같은 크리리트 패턴리트는 고칠생각없어 겜 하지도 않고 만드는게 티 날만큼 불쾌한 구간은 방치하고 차후 패치들은 게임신경 안쓰겠다 선언한 수준 그냥 쓰레기겜 픽시브에서 2차 창작으로만 즐기세요 직접하진 말고,13,부정
C.H Jang,5,2025-02-15 06:35:51,재미있는,0,긍정
방민재,5,2025-02-14 07:12:34,제작자님 진지하게 말씀 올립니다 . . . . . . . . . . . . 아니 여자만 있는 세상인데 아이는 어떻게 만들어지죠? 왜 발뺌하시나요 어서 진실을!!! 넥슨은 블루아카이브 업뎃하시간에 갓겜을 만들어라!!,1,긍정
후니,5,2025-02-14 06:45:31,센세,1,긍정
남도원,5,2025-02-14 06:36:40,스토리도 탄탄하고 캐릭터 한명한명이 다 매력적입니다!!!,1,긍정
이유혁,5,2025-02-14 03:45:42,진짜 캐릭 키우는거랑 얻어 나가는것? 그런게 너무 재밌음,1,긍정
Lancaester _,1,2025-02-13 08:41:50,안켜짐,0,부정
포빌,5,2025-02-11 07:51:02,블루아카이브는 최고야!,1,긍정
전사,5,2025-02-10 22:50:41,히나는 최고의 신부입니다.,2,긍정
이지우,5,2025-02-10 13:48:07,이번에 비틱 매우 감사요,3,긍정
곱등이,5,2025-02-10 08:33:31,하스미를 비롯해서 전반적인 캐릭터 일러스트 화질이 올라가야 할 것 같아요... 하스미가 제일 심해요,1,긍정
섭컬쳐,1,2025-02-09 10:09:25,블두순게임 폐급들만 하는겜아닌가여?,5,부정
Comm and,1,2025-02-08 23:06:27,최악의 게임,92,부정
안명애,5,2025-02-08 17:09:25,애들이 너무 예뻐요 그리고 스토리도 좋고 히나가 너무 예쁘고 귀엽고 섹시하고 카리스마 있고 너무 좋네요,1,긍정
볼보그라드[Volvograd],5,2025-02-08 09:50:53,재미있어요,1,긍정
이석호,5,2025-02-08 05:53:08,안녕하세요 블루아카이브 1년차 선생입니다 이 게임 스토리 다 보거나 최종장만 봐도 눈물 무조건 나요 너무 감동적이고 다른 요소 모모톡이나 메모리얼도 너무 좋습니다 블루아카이브 스토리 보고나서 노래도 챙겨 듣고있습니다 넥슨은 최고의 음반 회사라는 말에 걸맞게 아주 노래도 감동적이고 재밌고 슬프고 진짜 말로 표현하기힘든데 그냥 스토리 보시면 다 알게됩니다,2,긍정
d ic,5,2025-02-07 03:10:38,감동이 있다,0,긍정
Google 사용자,1,2025-02-06 13:25:22,나만안뜸,0,부정
방경륜,1,2025-02-06 12:26:39,어젯밤 까지만 해도 게임이 잘 되었는데 오늘 켜보니까 검은 화면에서 20분동안 넘게 있는데도 화면이 안 넘어가는데 설마 저만 그런가요?,0,부정
THISSHINE디스샤인,4,2025-02-05 19:36:15,"스토리 푹 빠져서+1점 페스 잘 나와서+1점 2차 창작 즐겨서+1점 굿즈 사서+1점 성우들 좋아서+1점 sd 귀여워서+1점 일섭도 하고 오니+1점 총 7점 풀더빙 없어서-0.5점 천장 이월 없어서-0.5점 총력전,종전시 매일 깨기 귀찮아서-1점 무료100뽑 조져서-1점 총 -3점 도합 4점 매번 업뎃마다 수정할거임",1,긍정
류영옥,5,2025-02-05 01:48:55,"3개월차 블붕이로써 이겜을 한줄로 리뷰하자면 잘만들었습니다. 각 캐릭터의 스토리,모델링,스킬 메커니즘이 개성이 있습니다. 또한 스토리의 떡밥회수와 전개가 예상이 가는 뻔한 이야기지만 그 뻔한 이야기를 몰입감있게 풀어가는 것도 이 게임의 장점입니다. 다만 반복되는 스테이지와 보스전에 금방 질릴수 있다는게 단점입니다. 하지만 그 단점을 감안해도 좋은 게임이기 때문에 한번쯤은 해볼만한 게임이라고 생각합니다.",65,긍정
nosbi 123,3,2025-02-04 20:28:28,단점|| 1.뉴비에게 비친화적 (유료재화는 어느정도 뿌리는데 성장재화를 잘 안 뿌림.) 2.컨텐츠가 적음. 3.캐릭터당 천장치는 비용이 정가로 36만원. 장점|| 1.스토리// 2.캐릭터,0,중립
김성규,1,2025-02-04 13:26:37,출시때부터 했는데 점점 최적화가 많이 안좋아지는듯.. 그만해야하나,6,부정
js n,5,2025-02-04 07:48:11,모든것이 완벽함다,1,긍정
중독,5,2025-02-02 15:15:11,이야... 이젠 청불이네? 게관위는 대체 뭘 보고 저러는거냐? 블아가 얼마나 깨끗한 게임인데;;;,2,긍정
서동욱,5,2025-02-02 08:30:26,1주일 정도 전에 시작해서 스토리 에덴조약까지 밀었는데 24화에서 막혔습니다. 추천레벨이 57레벨이던데 너무 난이도가 확 올라갑니다. 레벨 올리는건 그렇다 쳐도 추천레벨이랑 실제 난이도가 안맞는 스테이지가 몇개 있는 것 같아요. 그 외에는 캐릭터들도 매력적이라서 너무 좋습니다.,38,긍정
한정,1,2025-02-01 21:27:52,복귀할려고 게임을 다시다운받았는데 그때까지한 게임데이터가 전부다 초기화된상태여서 복귀를 못합니다,0,부정
문도건,5,2025-02-01 14:47:42,"안녕하세요 블루아카이브 4달차?정도 되는 선생입니다. 제가 한 게임들 중에서 역대급으로 뛰어난 게임입니다. 이 게임을 모르는 사람들도 곧 즐기게 해주는 게임. 계속계속 하고 싶어서 손발이 간지럽네요. 이 게임 안하면 무조건 후회할 거예요. 진짜 역대급 게임. 아, 참고로 스토리 중에서 가장 인상깊은 스토리는 에덴 조약 편 계속 돌려 보고있어요! 아 그리고 최종편도 아직 다 깨진 못해지만 하면서 심장이 두근두근 뛰어요. 앞으로도 더 발전하는 블루아카이브 기대되네요. 블루아카이브 화이팅!",8,긍정
김은성,5,2025-01-30 16:53:12,제 두번째 인생게임입니다 학생들도 좋지만 뭐니뭐니해도 스토리가 진짜 재미있고 야무집니다 앞으로도 운영잘해주세요~,2,긍정
Younguk Jo,2,2025-01-30 16:11:48,오픈부터 했읍니다... 요즘들어 마음이 떠날 것만 같읍니다... 게임에 투자좀 해주면 좋겠읍니다... 요즘 개선한 것들은 몇 년 전에 해줬어야 했읍니다...,2,부정
guswn3717,5,2025-01-30 09:48:11,다 좋은데 로그인 화면 예전으로 돌리는 기능은 없나요?ㅠ ㄴ넥슨 진짜 사랑한다ㅠ 이걸 진짜 해주네ㅠ,1,긍정
표정후,4,2025-01-30 08:09:30,게임 아님. 삽화 이쁜 소설임,2,긍정
뚱이,2,2025-01-30 07:32:38,확률좀 높여라,2,부정
THE UNDERTAKER30th,1,2025-01-29 17:34:19,2.5주년 페스 2천장(페스캐릭터 0) 0픽업 3.5주년 페스 2천장 0픽업 돈을 갈아넣는데도 결과가 이럽니까? 심지어 더블페스인데 이런 건 아니지 않나요??? 이 게임을 너무 재밌게 하고 있는데 진짜 너무 지칩니다. 확률도 계정마다 다른 거 같은 의심도 많이 들고요. 잘 뜨는 계정은 잘 뜨는데 저 같은 경우는 또 이 사단이 나버리네요. 돈을 적게 쓰는 것도 아니고(고점 유저들에 비하면 적겠지만) 매번 이러면 오래 할 수 없는 게임으로 밖에 생각이 안 드네요. 물론 저 하나 없다고 문제는 안 생기겠지만 많이 플레이 하고 돈도 적지 않게 쓰는데 페스 때마다 결과가 이러면 진짜 뒷통수가 얼얼하고 게임에 대한 반감도 갈수록 강해지는 거 같습니다. 돈을 안 쓰는 사람들은 잘 나오고 돈을 쓰는 사람은 안 나오는... 답이 없네요 그냥. 그래도 제 인생 게임이고 애정으로 계속 사랑하면서 플레이 하겠습니다. 이런 일이 계속해서 발생하지 않기를 바라면서...는데 3천장도 픽업 0개는 별1개도아깝다,16,부정
양혜석,5,2025-01-29 04:12:06,이건 꼭 해 보세요 역대 모바일 게임 중에서 제일 좋아요😆😆,1,긍정
iirn ak,4,2025-01-29 01:03:54,블아를 만화나 유튜브를 보고 시작한 2년차 선생입니다 게임을 컴퓨터나 테블릿을 자주 이용하여 플레이하는데 휴대폰으로 이용할 때가 있어서 다운로드를 하려고하면 용량이 부족하다며 알림이 뜨네요(8GB 다운로드해야하는데 용량은 10GB이상 남아있어요) 실제로는 용량이 더 있는데도 불구하고 이러는데 왜 이러는지 알 수 있을까요 혹여나 버그이면 해결이 되면 좋겠네요,31,긍정
정민재,5,2025-01-28 23:54:02,다 좋은데 친구끼리 대전하거나 서클끼리 대전같은 것도 추가하면 재미있을 것 같아요,1,긍정
Eyedi,4,2025-01-27 16:49:04,갓검은 맞는것같은데.. 남캐도좀 있엇음 좋겠고;;;; 너무 덕스러움,0,긍정
김민호,3,2025-01-27 00:17:48,솔직히 5점은 아니지 ㅋㅋ,0,중립
퍼펙트죠노우치,3,2025-01-26 15:38:25,이야 이번 더블페스 폭사했네 천장 두번에 임시노 쿠로코 0번 우와,1,중립
N U,1,2025-01-26 09:59:27,"다른 서브컬쳐 게임보다 좋은점? SD 캐릭이 고퀄인것 빼고는 거의 없다. 트릭컬 니케 블아 이 셋 중 하나는 차이점이 있다. 첫번째 '마일리지 소멸 유무' 블아는 픽업이 끝나면 마일리지가 다 사라진다. 그래서 솔직히 말하면 게임 접었을때 복귀할 염두가 안난다. 니케나 트릭컬은 마일리지는 유지 되지만 솔직히 키우는 고점이 높은데, 하지만 서브 컬쳐 게임을 가볍게 즐기는 사람들은 그냥 뽑아서 모으기만 해도 상관이 없다. 그놈에 패스 캐릭터는 무조건 얻어야하는데 그게 무슨 반년마다 나오고 한정 캐릭터는 사기인데 뒤지게 많아서 너무 부담스럽다. 두번째는 스토리, 트릭컬과 니케는 메인 스토리와 일부 이벤트 스토리가 풀더빙 되어있는데 블아는 언더테일도 아니고 캐릭터가 흔들거리는게 끝이고 스토리도 완전 개그, 암울함 이런것도 아니고 애매하고 유치하게 만들어놔서 몰입이 하나도 안되고, 전개 과정에서의 진행이 너무 답답하다.",164,부정
742 Han,1,2025-01-26 07:25:06,이거 망해감,5,부정
gm GT,1,2025-01-25 18:02:24,겜에 재투자좀 해라 ㅡㅡ,0,부정
곽민재,5,2025-01-25 13:55:26,그냥갓겜 무조건하세요,1,긍정
멋쟁이 로니,5,2025-01-25 12:03:31,재밌게하고있습니다,1,긍정
Pan C,1,2025-01-25 03:16:31,가챠때문에 접음 픽뚫이 5번은 너무한거 아님? 게임진행도 내가 얼마나 성장했냐에 따라 결정된다는것도 짜증남 난 빨리스토리밀고 육성하고 싶은데 거기다가 가챠는 대놓고 돈 쓰면 얻어요 이러네 그냥 욕으로 도배할라다 참음,4,부정
Regel,4,2025-01-25 01:08:02,예전에 재밌게 하다 잠시 접었던 적이 있는데 오랜만에 컨텐츠가 많이 업데이트 된것같아 설치해서 해보려했는데 용량이 충분히 있음에도 용량 부족으로 설치가 안된다고 뜸,0,긍정
정보가없습니다,2,2025-01-25 00:25:40,업데이트 하고나니까 뭐만하면 튕기고그럼,0,부정
Liebgott Song,5,2025-01-24 23:13:46,아로나야파봉좀그만주렴,1,긍정
song해나,5,2025-01-24 10:53:39,히후미 사랑해,0,긍정
임태인,5,2025-01-24 10:15:15,현6개월 한 뉴비 센세 입니다 13000개 갈아 페스케 다뽑았습니다 확률도 나쁘지않고 스토리가 진짜 너무 재미있습니다 전 대책위 편이 젤재밌는데요 최종장도 재밌습니다 스토리 좋아하시는 분들은 좋으실것같네요 아로나 뭐 많이 줬는데 좀 칭찬좀 해주입시다 ㅎㅎ,0,긍정
이해준,5,2025-01-24 08:27:04,블루 아카이브하는 영웅의 고우,0,긍정
김태현,4,2025-01-24 07:17:19,가끔 3성 안나와서 빡칠때가 좀 있지만 카페가구라던가 메모리얼 등등 대충해도 될 법한 거도 하나하나 신경써서 한게 느껴질 정도로 퀄리티가 높고 스토리도 재밌습니다—! 친구의 추천으로 시작했는데 이젠 제가 더 열심히 하는거 같은...,0,긍정
김뚝심,1,2025-01-24 03:09:55,저번 페스도 그렇고 이번 페스도 뽑기 확률조작 진짜 의심되네 이 겜도 메이플 큐브처럼 확률조작 조사 받아야 하는 거 아님?,20,부정
하준,4,2025-01-24 00:52:20,다 좋은데 터치가 안먹힐때가 너무 많아요 그리고 히후미 사랑해,0,긍정
하하,1,2025-01-23 15:03:55,1년전까지는 그나마 괜찮다고 생각했는데 확률업을 해도 천장찍을때까지 3성이 픽업안하는것도 안떠서 걍 꼴받아서 1점줌 510뽑 박고 1개 먹음,6,부정
필로스,5,2025-01-23 14:01:57,스토리가 맛있긴함 근데 좀 느림,0,긍정
afine R,1,2025-01-23 13:45:18,미래없는 망겜,4,부정
Fungal Blue,5,2025-01-23 11:06:28,플레이한지 5개월 됐습니다 개인적으로 스토리보는재미도 있고 무엇보다 캐릭터가 귀엽네여..!,1,긍정
최U진,5,2025-01-23 09:19:40,"""인생의 반쪽""",1,긍정
XAVI,1,2025-01-23 08:41:51,확률 조작게임ㅋㅋ,8,부정
심해어,5,2025-01-23 08:27:12,대 용 하 신 용 하 대 머 리 블 루 아 카 이 브,0,긍정
심심이,5,2025-01-23 07:57:00,임시노 안나오면 별점 테러함,0,긍정
나래,5,2025-01-23 07:55:51,내인생게임 ㄹㅇ,0,긍정
민겸,5,2025-01-23 07:14:09,용하형님 제발 쿠로코를 주십쇼 제발요 흑흑,0,긍정
유리,5,2025-01-23 07:03:52,"컨텐츠는 막 많이 있는건 아닌데.. 그래도 재밌습니다 ㅎㅎ 캐릭터들의 개성, 스토리 보는 맛이 있어요:) 다만 미니게임 이런게 추가되었으면 좋겠네요. 대결전이나 아레나 등은 티켓을 다 쓰면 더이상 할게 없는지라..🥲",7,긍정
개마무사,5,2025-01-23 06:52:35,스트레스 받을땐 아로나 머리 쓰담하면 마음이 풀리네요ㅋㅋㅋ,0,긍정
지석환,5,2025-01-23 05:17:23,개발자들이 꼴잘알들임 ㅇㅇ 믿고하셈,0,긍정
홍나견,5,2025-01-23 04:42:35,굿잡,0,긍정
흐리멍텅두둥실,4,2025-01-23 04:37:13,+)캐릭터가 꼴리고 2차 창작이 활발함 +)발적화 없음 +)느긋하게 즐길 수 있음 -)메모리얼 로비 획득 씬에서 립싱크 없이 뻐끔거려 몰입을 심하게 깸 -)스토리 연출 중 진지한 장면에서나 개그 장면에서나 '스탠딩 일러를 휘청휘청 풀썩'하나로 표현해 산통을 깸 -)후열 학생들의 들기 모션이 없음,0,긍정
유시민,5,2025-01-23 04:18:41,제발 쿠로코 나와라ㅏㅏ,0,긍정
박민호,5,2025-01-23 04:03:30,👍 (어차피 진심으로 수정 사항 적어놔도 절대 수정 안해주잖슴 그러니까 그냥 즐겨~~),0,긍정
Life,5,2025-01-23 04:01:11,제발 호시노 제발,0,긍정
한유찬,5,2025-01-23 03:09:51,뽑기는 유튜브 검색후 1티어로 각보고 뽑으세요 최애는 취향 이것만 지키면 나중에 후회 안함,0,긍정
수련,5,2025-01-23 03:00:09,"킹스레이드 망하고 나서 폰게임 하나도 안했는데, 할 것 없어서 깔았는데 간만에 재밌는 게임 하나 생겨서 거의 2주 넘게 하는 것 같네요. 꿍스꼴만 안나면 좋겠어요.",0,긍정
샤크,5,2025-01-23 02:46:00,내 개인적으론 생각으로는 넥슨에서 제일 일 잘하는 겜이라고 생각한다. 개발자님들 늘 한수 배우고 갑니다.,0,긍정
Funny “llIllIlIllllIlIIIllI” Anchovy,4,2025-01-22 20:44:14,"어그로에 비해 매출이 많이 낮은 느낌 , 스토어 한참 내려서 찾았네",0,긍정
강주원,1,2025-01-21 22:49:11,"제가 이겜 예전에 한적있는데 그때는 잘됬거든요? 근데 지금 해보니까 처음에 뭐 다운로드받으라고해서 다운받고 또 다운로드 받으라고해서 또 다운받았는데 저장공간이 부족하다는거에요 저번에도 이래서 제가 게임 있는거 2개 빼고 다 지우고 사진,동영상도 800개 넘게 지웠는데도 안되요 게임 다운로드 받는 용량 좀 줄여주세요 예전에 키웠던 거 다 쓸모없어지게 생겼네요",2,부정
K4 G6,1,2025-01-21 20:44:48,"지옥같은 재화관리를 4년간 하시면 여러분이 애정하는 IP가 아닌, 타 IP 프로젝트를 개발해서 드리겠습니다! 돈통이지 뭐~",0,부정
게임,5,2025-01-21 17:10:51,"호시노, 시로코☆3 픽업부터 지금까지 해왔는데 게임 킬때 조금 느린거 빼고는 다 좋습니다. 우리 귀여운 학생들 많이 이뻐해주겠습니다.",0,긍정
정준모,5,2025-01-19 09:35:58,업데이트 후에 로딩시간도 빠르고 할것도 많아서 좋고 스토리도 예술에 캐릭터들 하나하나가 매력이 넘치고 진짜 넥슨에 대해 한번더 생각하게 해주는 진짜 갓겜 블루아카 섭종 안했으면 좋겠다 ㄹㅇ,0,긍정
LEGO mania,1,2025-01-19 08:53:06,게임이 미래가 없음 ㅋㅋㅋ,5,부정
김의성,2,2025-01-19 07:38:42,"스토리 총력전 등을 제외하면 재미요소가 거의 없는 게임, 픽뚫확률 역시 높고 무엇보다 유저 상대로 2번이나 사기를 친 넥슨의 게임이다 회사 로고가 NC급 족쇄로 작용하는 게임",4,부정
김희남김희남,3,2025-01-17 13:49:07,저기 몇접있는데? 블루아카이브 게임을대해 부작용이 있나요?,0,중립
김경호,1,2025-01-17 12:18:11,2주년 유입 2주년 페스 3천장 0픽업 3주년 페스 3천장 0픽업 확률 조사 받기전에 똑바로해라 이번 페스에도 이러면 현질 안한다,5,부정
_j lepa,5,2025-01-16 18:46:17,나쁜놈들 내가 청위석을 얼마나 썼는데 3성 하나를 안주냐 그래도 재미있다.... 3성좀 줘라......,0,긍정
엄현성,5,2025-01-16 06:14:34,이러나 저러나 내 최애 게임,0,긍정
Rapheal “Emperion” Sun,5,2025-01-15 03:20:43,응 그건 니가 못해서 그래!,1,긍정
정찬형,5,2025-01-13 05:16:09,스토리 재밌음,0,긍정
이세원,1,2025-01-10 00:37:36,컨텐츠가 맨날 반복임,4,부정
Sal ad,5,2025-01-09 17:36:42,재밌어요!,0,긍정
조완희,1,2025-01-08 10:00:11,종합전술시험 (2025.01.06~) : 자해하는 인질이랑 체력높고 자힐하는 적이랑 요상한 방어타입을 한번에 쳐넣으면 어떡합니까. 테스트하면서 뭐 못느꼈어요?,1,부정
이유빈,5,2025-01-07 22:13:57,15세 버전이랑 차이점이 있나요?,1,긍정
이서진 (유령),4,2025-01-07 12:13:04,"제가 폰을 바꿔서 다시 게임을 설치했는데, 이 아이디로 로그인을 했습니다. 그런데 갑자기 새로운 아이디를 만들라고 하더라고요 혹시 제 아이디가 복구가 가능할까요?",0,긍정
송재윤,5,2025-01-06 01:05:48,캐릭터 전부 이쁘고 스토리도 좋은 갓겜,1,긍정
옹달센,5,2025-01-05 15:39:32,사랑해요,1,긍정
최호진,4,2025-01-05 11:01:09,요새 너무 루즈한듯..스토리도 개늦게 나오고,8,긍정
Üc207,4,2025-01-03 14:06:29,상시가 아니면 엘레프 120개 모아도 획득 못하는건 많이 아쉽네요,0,긍정
하노군,5,2025-01-03 13:29:17,제발 레벨올려야 캐릭터들 렙업할수 있는것좀 없애주세요 스토리 진짜 재밌는데 레벨때문에 진행이 안돼서 계속 까먹고 다시보고있네요..,0,긍정
김곱창,5,2025-01-02 01:34:09,크리리트가 신나요,1,긍정
아이어저글링,4,2025-01-01 14:39:03,"클라이언트 최적화 문제로 보이는데 로비 화면의 클라이언트에서 클릭이 안됨, 뒤로가기를 눌러서 새로운 창을 띄운 다음에 그걸 없애고 로비에서의 클릭이 됨",0,긍정
Andrue YOUN,1,2025-01-01 08:35:52,이거 하지마세요 캐릭터 하나 40만원 들어가고 컨텐츠 즐길려면 인권캐 40개가 넘게 필요해요 다 육성하는데 2년 반 넘게 걸리는데 그전에 이미 짜게 식고 시간 돈만 날리는 다단계 게임입니다,11,부정
와그너커트,1,2024-12-30 23:57:14,천장이 이월되는 것도 아니고 월정액 비싼 것도 청휘석도 적게 주면 픽뚫은 없어야하지 않나요.,2,부정
어두운,1,2024-12-29 23:04:25,하면 할수록 지루한 게임,5,부정
Ki Ki,5,2024-12-28 11:17:31,참 재밌게 즐기다 바빠서 지웠다가 계정을 까먹었어요 도와주세요. 복귀유져인데 저가 사용하던 이메일을 까먹었어요 닉은 키키고 계정 종류는 구글 이였는데 혹시 찾을 방법없나요?,0,긍정
이지수,5,2024-12-28 00:50:16,메인스토리 업뎃 주기만 빨라지면 다 좋을 것 같아요,0,긍정
소위 말하는재보선에서,5,2024-12-26 23:01:04,Nice,0,긍정
유에상,2,2024-12-26 00:16:14,오류 뜨는데 씁,0,부정
이철규,5,2024-12-25 04:05:18,스토리도 좋고 잘즐기고 있습니다,0,긍정
파랑색,5,2024-12-24 14:21:01,알죠?,0,긍정
Mr. Bebyo,5,2024-12-23 15:38:10,현생에 치이면서 스트레스 받고 사는 직장인들. 게임내 선생이란 호칭이 오글거리긴 하지만 그림체가 매우 귀엽고 전체적인 스토리가 그리 딥하지 않아 귀여운 캐릭터 보면서 힐링할 사람한테 추천합니다.,1,긍정
임정섭,5,2024-12-22 13:24:26,좋아하는 캐릭터가 많고 스토리가 아주 재밌어요. 즐길게 더 많이 나오면 좋겠어요. 그리고 블루아카이브 학생배경 카톡테마가 나오면 좋겠어요.,1,긍정
Hồng Chuấn,4,2024-12-22 03:03:20,스토리와 캐릭터는 명작이지만 리세계 말고는 입문 답이 없음. 현질을 안 해도 컨텐츠가 없고 현질을 해도 컨텐츠가 부족한 신기한 게임. 그래도 우리 학생들은 영원히 잊혀지지 않으면 좋겠다.,1,긍정
Jiseung Yu,5,2024-12-21 02:08:15,가볍게 하기좋아요,0,긍정
la la,1,2024-12-19 00:44:58,운영이 개판임,4,부정
오승민,5,2024-12-18 16:00:37,용하형 너무 재밌고 감동적인 스토리 고맙습니다 하지만 프라나가 싯딤의 상자의 합류를 안해서요;; 해결 부탁드립니다 바로 해결 됐네요 감사합니다,0,긍정
Leopard 4,5,2024-12-17 11:01:44,요즘 이거안하면 재미가없음 진짜 너무재미있습니다 초보분들은 힘들겠지만 점점하다보면 어느새 30렙은 돼있는 가성비 오지는 게임입니다 ㅎㅎ,0,긍정
game player,5,2024-12-15 16:09:37,게임의 주력 컨텐츠인 총력전이든 대결전이든 운빨의 영역에 기대 무한리트를 하는데 이게 맞냐? 유저들 고지혈증으로 보내버리려는 콜라보에 수요조사든 뭐든 할 시간도 충분한데도 선착순 경쟁시켜버리고 이번엔 재고떨이까지 하는 오타쿠들은 얼마나 돈되나 실험까지. 콜라보나 외부이벤트 하는꼬라지때문에 피곤해서 월정액 사던것도 끊어버림 어차피 대충해도 인세인컷은 되니 노랑이나 달고 살랍니다.,0,긍정
Dy Jang,4,2024-12-14 15:57:55,재화좀 많이 주쇼 곧 있음 더블페슨데 더 둬야 지르든 말든 하지,0,긍정
서승훈,1,2024-12-12 03:35:39,확률 거지 입니다. 다른 겜 선택하시길,2,부정
hanbit kim,3,2024-12-11 22:20:38,업데이트하라고 구글스토어로 보내더니 여긴 플레이 버튼밖에안뜸,0,중립
혜련,5,2024-12-11 13:20:09,재미있고 스토리랑 있으니 좋은것 같아요. 앞으로도 재미있는 게임이였으면 좋겠습니다~,0,긍정
게임용뺌이,2,2024-12-09 05:11:11,옛날 서브컬쳐게임들을 전승한 듯한 UI와 게임성때문에 유저들에게도 아직 게임 소리는 못들음. 오래된 게임의 특성상 새로운 컨텐츠가 생겨도 UI가 복잡해지기만 하고 게임성 또한 구식이라 오히려 난이도 조절 실패 등 경쟁컨텐츠가 나름 메인인데 스트레스와 불쾌감만 줌. 예를 들어 몇몇 캐릭터들에게 이동스킬을 줬음에도 이동 후 상황에 따라 멋대로 자리를 이동하는 터라 분명 지휘하는 게임인데 지휘대로 안되고 준비해놓은 택틱도 실패하여 리트라이하기 바쁘고 스킬을 빠르게 연속적으로 쓰지 못함. 게다가 코딩의 문제인지 최적화의 문제인지 부팅속도도 느리고 UI 버튼을 누르고 나서 텀이 길다. 그런 주제에 경쟁에서 필수 캐릭터는 많고 가챠확률 및 시스템은 요즘 잘나가는 서브컬쳐게임 중 최하위라 인식도 안좋아 유입도 안됨. 고래유저와 2차창작으로 사는중 소전2 이환 무겐 등 앞으로도 고퀄리티 게임들이 나오는데 경쟁에서 살아남으려면 고민을 하셔야 할겁니다. 경쟁을 줄이던가,10,부정
유리냄비,1,2024-12-09 03:00:55,"픽업 확률 낮음. 픽뚫 엄청 심함, 캐릭 내기 귀찮은지 똑같은 캐릭 이름 뒤에 괄호만 붙여서 이격 캐릭만 만듬. 가챠는 타 게임들 처럼 이월 시스템도 없음. 스토리 더빙 없음. 패스캐릭이라고 해서 시즌이 아닐 때는 절대 못얻음. 성능이 사기라 없으면 개꼬움. 그냥 한철 장사 오지게 하려고 한정캐 팔이만 함. 리니지 만하지 않지만 서브컬쳐 겜 중엔 리니지급으로 매움. 이월시스템 없는거 하나 때문에 천장칠 생각으로 뽑기 들어가는게 말이 되나ㅋㅋ 천장 안쳐도 스택사라져서 그건 그거대로 기분 나쁨",29,부정
김지후,5,2024-12-08 03:16:04,최고,0,긍정
猪怕壯人怕出名,1,2024-12-07 12:49:15,정말 재밌어요♡,1,부정
{ 유능이 },5,2024-12-07 03:56:39,♡,0,긍정
Kasugano,5,2024-12-05 23:17:25,아주 완벽한 게임,0,긍정
L Ack ack,1,2024-12-04 00:35:40,3성좀 주세요,0,부정
MARTIN P,1,2024-12-04 00:01:59,"이즈나 첫 픽업때부터 해왔습니다. 총력전과 대결전, 그리고 종합전술시험들 솔직히 시간 지나면 지날수록 재미보단 성가시고 귀찮습니다. 스토리도 솔직히 에덴조약이랑 방주편 정도만 괜찮았지 가면갈수록 개연성도 부족해서 집중도안되고 요새말로 짜친다는 생각밖에안들어요. 스토리들 안읽고 방치한지 꽤됐습니다. 더 괜찮은 컨텐츠 만들어내는게 이제는 게임 구조상 불가능한 일인가 싶기도하고 개발진분들이나 김용하 디렉터 인터뷰들 보면 컨텐츠나 게임성보다는 유저들이 캐릭터들에 애정을 가지는쪽에 무게를 두는거같은데 뭔가 한계치가 명확해지는거같아서 안타깝습니다. 개인적인 소견으로는 전술대항전쪽 살려보는게 그나마 괜찮아보이는데 정황상 크게 개선될 기미는 안보이고..오래해온게임이라 일단은 하는데 차후 이런저런 큰 개편이 필요하지않나 생각이듭니다. 가끔 이벤트들이 괜찮을때도 있지만 친구창에도 미접한지 몇달넘는 고레벨들도 점점늘고 저부터도 최상위권인데 갈수록 흥미 떨어져가는게 안타깝네요",6,부정
샌치,5,2024-12-02 12:03:44,재민아 니얼굴 허라희다 :D,1,긍정
박성민,5,2024-12-01 06:41:46,블카 짱!!!!,0,긍정
넥슨뒈져라,5,2024-11-30 17:46:16,제가 이번에 복귀하려고 원래 플레이하던 계정으로 로그인했는데 계정이 사라져있습니다 이럴 땐 어떻게 해야하죠?,0,긍정
리리에몽,1,2024-11-29 16:26:12,오랜만에 들어가서 게임하려했는데 본계정포함 몇몇계정이 다 초기화당한 상태입니다. 문의도 보내보았으나 문의를 잘못 보낸건지 답변이 하나도 오지않는상태. 사람들이 많이 플레이하고 오프라인 행사도 하는게임에 이런 오류가 있어선 안된다고 생각합니다.,52,부정
Grch445,1,2024-11-29 11:20:29,다들 동방풍신록 좋아하면 개추 눌러볼까?,0,부정
NIAC,3,2024-11-29 10:04:06,"개인적으로 이 게임에서 제일 짜증나는점은 긴 부팅시간임. 3시간에 한번씩 킬 것을 요구하는 게임에서 게임 부팅시간이 너무 긺. 그렇다고 게임 자체가 엄청난 그래픽의 3D게임인것도 아니고 라이브2D가 화려한것도 아님. 근데 게임을 키면 시작화면에서도 한참걸리는데 화면도 반짝반짝 ADHD환자처럼 바뀌어서 점점 눈이 아파서 짜증나고, 들어간 후 메인 화면에서도 공지같은거 불러오느라 버튼 조작을 한동안 씹고 로딩이 한참 걸림. 요즘 다른 게임을 많이 해보는데 이렇게 재접속을 자주 요구하면서 입장 자체가 짜증나는 게임은 없음. 샤니송처럼 풀 3D인 게임에서도 이러질 않음. 진짜 좀 고쳤으면 좋겠음.",70,중립
리딤 RE DEM,5,2024-11-29 07:25:56,음~ 스토리 맛있어,0,긍정
모두의꿈,1,2024-11-28 19:17:22,ip빨 빼면 게임 아님,3,부정
00 *,5,2024-11-27 19:21:55,GOAT,1,긍정
송영래,5,2024-11-27 11:35:27,요앱이재미다고씁답니다,0,긍정
여우비,5,2024-11-27 00:41:43,내 인생겜이라고 해도 과언이 아님,3,긍정
하지훈,5,2024-11-26 18:17:59,실례가 되지않는다면 산타걸 카요코 만들어주세요ㅎㅎ,0,긍정
김동우,5,2024-11-26 13:37:20,진호가 하는 게임,0,긍정
한상진,4,2024-11-26 11:59:16,플레이는 만족스럽게 하는 중입니다! 근데 혹시 프롤로그 다시보기는 현재 지원하지 않는 상태인 건가요? 찾아도 보이질 않네요... ㅠㅠ,0,긍정
atiouyshsb slskw,3,2024-11-25 18:10:35,"퀄리티가 괜찮음. 다만 스토리가 사람에 따라 좀 오그라들 수도 있고, 전투 방식이 지루할 수도 있음",0,중립
펠리칸,5,2024-11-25 13:33:36,3성이 잘안나오는거 빼고는 다 굿👍,0,긍정
fc바이에른,1,2024-11-25 12:11:43,더빙이 없으니까 스토리 볼 맛도 안나고 점점 안하게 됨,3,부정
옥채은,3,2024-11-25 11:20:51,스테이지 밀을 때마다 1~2초씩 늦게 판정되서 클리어조건을 달성 못 하네요 이것 때문에 매일 시간 날려먹는데 버그 좀 고쳐주세요 짜증나네요,2,중립
GreenApple48,5,2024-11-23 23:13:51,븅ㅅ같은 게관위가 이 이상으로 터치를 안했으면 한다...,3,긍정
김예권,5,2024-11-22 09:18:26,거의2년이 다 되어가고있는 사람입니다 정말 이게임을 시작하고부터 지금까지 스토리와 게임 그래픽이 정말좋고 뛰어나다 생각합니다 하지만 계속하다보니 이제 어느 정도하다보니 컨텐츠를 거의 다 한상황으로 새로운 컨텐츠가 나왔으면 하는부분입니다,2,긍정
ᅳ ᄉ ᅳ,4,2024-11-21 22:36:35,재밌게 플레이하고 있습니다. 그런데 최상급 활동보고서를 얻는게 너무 힘들고 미니게임에서 소모되는 ap가 너무 많습니다. 이번 미니게임은 하드모드가 너무 어렵게 만들어져있어 플레이가 힘듭니다. 차라리 시간 제한을 없애서 밸런스좀 맞게 해주십시오.,0,긍정
2pm Sunday,1,2024-11-21 15:22:37,개 장애같은 미니게임좀 추가하지 마라,0,부정
정복자,5,2024-11-21 14:54:24,호시노 귀엽습니다. 호시노 좋아요 호시노 사랑~ ❤️,2,긍정
1 M,1,2024-11-21 12:21:53,하나의 중국을 지지하시니 저도 하나의 별을 드리겠습니다.,4,부정
박민찬,5,2024-11-21 04:26:41,너무재밌어요,0,긍정
?,5,2024-11-20 14:20:05,모모이,0,긍정
아깽이,5,2024-11-20 05:44:34,게임은 재미있지만 캐릭터들 레벨업이 너무 힘듭니다. 최상급 활동 보고서를 얻기가 힘들고 너무 적어서 여러 캐릭터들을 레벨 업시키기 어려우며 ai가 너무 멍청합니다. 이것좀 수정해 주시며 감사하겠습니다.,1,긍정
근육,5,2024-11-19 14:35:14,출시때부터 하다가 일때문에 그만뒀었는데 다시 해보니 이벤트도 재밌고 스토리도 야무지고 게임도 할만해서 재밌어요,0,긍정
데가흥해라,5,2024-11-19 14:06:31,잘만든 캐릭터 좋은 스토리 친절한 디렉터 애매한 게임성 유저 등짝에 칼을 박을 일은 없지만 남에게 쉽게 하라고는 할 수 없는 게임,3,긍정
ycc bae,3,2024-11-19 14:03:47,패치후에 초기화 단계에서 59프로에 멈춥니다. 이거 왜 이러나요??,0,중립
권성민,5,2024-11-19 13:19:41,"스토리 진짜 미쳤습니다. 메인스토리 하나 싹 보고 나면, 너무 행복합니다.",1,긍정
흐흐음,5,2024-11-19 11:20:36,마코토가 맛없고 히나가 친절해요,0,긍정
기묘한 간장게장,5,2024-11-19 09:30:12,공식샵 크아악 티거 바로 생산량 정상화 민심돌리기들어가는 신용하 되팔렘척결 다섯글자에 아우성 역시 정상화는 신용하 드디어 대용하가 토라마루 정상화하네,1,긍정
이왕희,4,2024-11-19 08:38:02,게임은 모르겠고 스토리가 대단합니다 근데 이미지로만 때워서 그런지 좀 몰입이 덜되는 느낌이긴하지만 그래도 엄청 재미있습니다 게임도 말하자면 컨테츠가 조금 부족한거같긴 하지만 그래도 스토리만 보고 빠진다 라는 느낌으로만으로라도 해주셨으면 합니다,0,긍정
링이,5,2024-11-19 07:43:39,픽뚫 연속 6번은 선넘지 않았냐?,0,긍정
비둘기 (비둘기구루9),5,2024-11-18 17:29:33,님들 프라파라그 뭐시기 카드 경고문 읎이 써질수도 있으니까 조심하세요 나 그래서 슬픔퓨ㅠㅠㅠㅠㅠㅠ,2,긍정
안효주 (거울),1,2024-11-18 04:38:01,불쾌한 경험을 너무 자주 경험하게되네요,0,부정
도래건,2,2024-11-17 12:38:06,쿠폰쓸려고 긁었는댜 쿠폰번호까지 긁히더라구여...,0,부정
보내는이,5,2024-11-17 05:59:17,재미있음,0,긍정
andy29._.,5,2024-11-15 11:27:24,재밌습니다,1,긍정
김진,5,2024-11-14 17:32:40,아이 재밌어 진짜,0,긍정
꿀요정,5,2024-11-14 06:30:34,세이아는 대체 실장이 언제 됨??,0,긍정
김현,5,2024-11-13 11:13:35,역시 넥슨 넥슨 게임은 돈 안 쓰고 하기 힘든 개임이라는 인식이 강했는데. 블루아카이브 라는 게임을 하고 인식이 바뀌었습니다. 블루아카이브의 장점은 돈을 쓰지 않아도 게임을 잘 즐길 수 있는 것이 장점이고 스토리가 진짜 미쳤습니다. 스토리 너무 정교하고 감동을 주는 스토리여서 오래 기억에 남네요. 각각 캐릭 마다 개성도 있고 버려지는 캐릭이 없는거 같아요. 스토리가 부족한 캐릭터는 이벤트로 뒷 풀이와 이격 같은 것으로 매력을 느끼는거 같아요. 앞으로도 블루아카이브 번창하길.,9,긍정
e q,1,2024-11-12 15:02:35,개인정보 수집동의 참 야비하게 만들어놨네여 설치한 사람들 개인정보 잘 모일듯ㅋㅋㅋ,1,부정
서의석,1,2024-11-11 09:45:29,아니 저장공강 충분한대 기기애공간이부족합니다라고뜨는건먼대,0,부정
박민준,5,2024-11-10 13:18:49,너무 진짜 좋습니다 강추에요 저는 특히 브금이 레전드긴 한데 스토리 컨텐츠까지 모든 게 다 좋은 것 같습니다 처음에는 특유의 파스텔풍 그림체가 좋아서 시작했지만 나중에 보니 다른 요소들도 다 좋네요 정말감사합니다용하형 ㅠㅠㅠㅠㅠㅠㅠㅠㅠㅠㅠㅠㅠㅠㅠㅠㅠㅠㅠㅠㅠㅠㅠㅠㅠㅠㅠㅠㅠㅠㅠㅠㅠㅠㅠㅠㅠㅠㅠㅠㅠㅠㅠㅠㅠㅠㅠㅠㅠㅠㅠㅠㅠㅠㅠㅠㅠㅠㅠㅠㅠㅠㅠㅠㅠㅠㅠㅠㅠㅠㅠㅠㅠㅠㅠㅠㅠㅠㅠㅠㅠㅠㅠㅠㅠㅠㅠㅠ,1,긍정
찢어진형수님 (이슬람),5,2024-11-10 12:56:55,쿠소 똥로나야 너는 주말농장 보내줘야겠다. 센세가 ㅈ으로보이니? 분홍봉투 주는게 그렇게 어렵니? 200연차동안 3성 한개도 안주는건 어따팔아먹은 양심이니?,2,긍정
최현우,5,2024-11-10 01:55:16,최고다,0,긍정
he loo,5,2024-11-09 04:06:53,항상 오래가시고 이번년도 3주년도 정말 축하드려요!,0,긍정
남이세윤,5,2024-11-08 15:14:26,걸작이라,1,긍정
꽃화연,4,2024-11-07 09:46:49,제가 겜했다가 핸폰 바꾸고 로그인이 안되고 계정 삭제 되었어요 ㅠㅠㅠ계정 복구 해주세요,0,긍정
이스티풀,4,2024-11-05 19:05:17,유아틱한거 좋아하는 애들은 좀 재밌게할듯?,0,긍정
고라파덕,5,2024-11-05 09:21:10,출시부터 현재까지 하고있는 유저입니다. 그동안 많은 일이 지나갔지만 그래도 블루아카이브가 제 인생에 조금이라도 변화를 준것 같습니다. 물론 만렙을 찍으면 할게 없다는 의견도 많으나 적어도 저한테는 그렇지 않습니다. 앞으로도 정직한 운영부탁드립니다.,0,긍정
이름이름,1,2024-11-04 01:11:48,디지털 피규어 전시대,6,부정
김봄,5,2024-11-03 06:53:30,우리 하루 너무 귀엽다.. 사랑해 하루 내 인생이야 현질 100만원 넘게 했어.. 하.. 하루 최고,1,긍정
비슈라라티캄 (해골대마왕),4,2024-11-03 05:52:15,쏠찍히 블아 아니면 니케 양자 구도 그것도 아니라면 검은사막,0,긍정
강당근티비,5,2024-11-03 04:20:37,다 필요 없고 스토리 미쳤음ㅇㅇ 접을거라도 에덴조약까지는 무조건 보삼,2,긍정
여박향민,5,2024-11-02 16:22:30,메인 스토리 더빙 부탁드립니다...,1,긍정
정휘수,5,2024-11-02 15:03:16,인생 최고의 게임!,1,긍정
Krypton Mr.,5,2024-11-02 10:41:18,작년 이맘때부터 게임을 한 유저로서 게임을 하면서 느낀 저의 생각을 말하자면 스토리를 보면서 지루하지 않고 서사가 부드럽게 진행되는 점이 좋았습니다. 총력전이나 대결전과 같은 보스전은 토먼트까지는 아니여도 나름 재미있게 보스를 클리어 할 수 있습니다. 그 외에 나머지 다른 컨텐츠도 재미있으며 주/격주 단위로 새로운 이벤트가 진행되어 재화도 손쉽게 모을 수 있습니다. 그치만 게임을 하면서 조금 아쉬움이 들더군요. 먼저 게임 내 스토리들은 앞에서 말한것처럼 서사가 좋았지만 브금을 제외하고 더빙이 되어있지 않은점 때문에 스토리를 한번에 보는게 힘들다고 느껴졌습니다. 그리고 이 외에 추가되었으면 좋은 점은 기존 스케쥴에서 학생들이 있는 장소에서 학생들의 움직임을 SD 모션으로 보면 더 좋을것 같습니다. 또 다른점은 타 게임처럼 패스 혜택을 추가하여 특정 기간내에 주어진 미션을 클리어하여 포인트를 쌓고 수급하기 어려운 보상이나 없는 학생들을 얻는 시스템이 있으면 좋을것 같습니다.,37,긍정
김선빈,5,2024-11-02 04:12:24,Just b.e.s.t,1,긍정
아리스,5,2024-11-01 02:05:32,솔직히 게임 UI나 컨텐츠 면에선 아직도 부족한 부분이 많은 게임이지만 캐릭터 매력이나 스토리는 정말 미쳤다고 볼 수 있습니다 김용하 그는 신이야!!,1,긍정
박지수,3,2024-10-30 11:19:45,카페 들기 나올때까지3개,0,중립
태하 (Taeha),5,2024-10-29 17:25:17,인.생,1,긍정
Tei rem,5,2024-10-28 16:28:27,귀여워요.,1,긍정
판다맨,5,2024-10-28 11:34:11,블루아카이브~,1,긍정
디저트사랑,5,2024-10-27 17:17:36,아니 넥슨아 할수있잖아 카트는 왜그래,2,긍정
박민수,4,2024-10-27 12:23:48,다 좋음. 아니 훌률함. 다만 게임이 좀 재미없음.,0,긍정
ᄏww,1,2024-10-27 08:38:49,대만은 명백한 주권 국가입니다,5,부정
앱설치,1,2024-10-27 06:33:28,Taiwan no.1 페미 지지하는거 잘봤습니다. 퍼스트 읍읍 댓삭할까봐 생략,4,부정
와우왕,1,2024-10-26 15:10:18,KYH의 코딩뭉치 하고싶은거 실험하는 게임ㄹ,1,부정
andy1209 5,1,2024-10-26 07:11:06,하나의 중국ㅋㅋㅋ,4,부정
청해,3,2024-10-26 06:24:17,"최근 업데이트 후로 카페 들어가려 하면 무한로딩이 걸립니다. 해결하려면 어떤 조치를 해야하나요. ___ 재설치, 캐시 비우기, 휴대폰 성능에 여유도 남기고 인터넷 상태도 정상이지만 안됩니다. 고객센터는 로그인은 했지만 닉네임 생성에서 다음으로 넘어가지지 않나서 문의를 올리는것 조차 할수가 없네요.",19,중립
弥生,1,2024-10-26 05:34:27,이 게임을 출시때부터했는데 게임이 게임성이 없어요.블아는 캐릭빨로만 연명하는 유사게임입니다.차라리 캐릭터 창작물로만 즐기는게 가장 좋을듯요...,1,부정
박수환,5,2024-10-25 20:12:38,발열이 너무 심합니다,2,긍정
임채원,1,2024-10-25 15:16:17,하나의 중국을 존중하는 레드아카이브 3주년 영상 잘 봤습니다. 그냥 중국이 뭐라 항의를 하든지 한쪽에서만 피해보면 되는 걸 홍콩 대만에서까지 같이 욕 얻어먹으려고 중국에게 사과문 올리시는게 참 대단하십니다.,7,부정
Ruper Goo,1,2024-10-25 15:04:00,아오 중국몽 c바것 한푸스킨도 곧 나오겠네,5,부정
선생님,5,2024-10-25 10:37:28,모모톡 <- 내 청휘석 적금 통장,1,긍정
흄횸,5,2024-10-24 16:25:22,역시 정실은 검은양복ㅋㅋ,0,긍정
전윤호,5,2024-10-24 13:28:35,씹덕 게임은 씹덕이 만들어야하는 이유,1,긍정
언러키,2,2024-10-24 07:35:26,확률이 너무 안좋음,1,부정
뚠칩,5,2024-10-24 06:54:09,갑자기 버튜버가 왜 튀어나옴 대가리에 헤일로라도 박던가 키보토스 교복이라도 입히던가 아무 관련없는 하꼬버튜버 댈꼬와서 뭘 하겠다는건지ㅋㅋ,0,긍정
승경황,5,2024-10-24 05:16:01,굿. 돌고돌아 찾는 그 대체안되는 감성이 있음,2,긍정
zgg,1,2024-10-23 19:01:38,한정캐 졸라 많음 한정 성능캐도 졸라 많음 마일리지 이월 안됨,5,부정
김학현,5,2024-10-23 15:40:34,"아츠코, 마리, 히나 너무 귀여워요",0,긍정
데용이,5,2024-10-23 13:23:43,굿,2,긍정
Myg P,1,2024-10-23 10:50:38,대만은 나라 취급도 안해주는 중국몽 중국회사 게임 캐릭터성 빼고는 별 볼일도 없는 스토리와 게임성 최적화와 현질 유도식 매운맛가챠 ㅋㅋ,8,부정
이석현,5,2024-10-23 10:10:59,재밌어요,0,긍정
최준우,5,2024-10-23 09:06:07,그래픽은 좋지 않지만 개그가 많아서 뭔가 스토리가 있는 냥코대전쟁을 하는 것 같다.,0,긍정
megane97,1,2024-10-23 06:27:37,하나의 중국 지지하는 게임 안해요,13,부정
토마호크,5,2024-10-23 02:56:30,지구에 이름모를 소행성 충돌로 인해 남자는 다죽고 여자아이들만 남게 되는데 남겨진 아이들을 가르쳐 지구에 뿌리내린 외계인을 박살내자,1,긍정
질산은,5,2024-10-22 18:18:18,너무 재미있어요 그저 갓겜,0,긍정
가드,5,2024-10-22 17:01:19,"해라 , 그리고 나서 답을 구하라.",0,긍정
개복치엄청큼,5,2024-10-22 14:20:07,불만있는놈들 이해가 안가네 이런겜은 그냥 애정으로 하는거여,0,긍정
안인구,5,2024-10-22 14:17:22,스토리에 라이브 2d가 없는게 가장 아쉬운 게임,0,긍정
YH “미친고양이”,1,2024-10-22 13:20:15,"3주년 생방송 이슈 관련 사과의 말씀 드립니다. 저희는 ""블루 아카이브""의 해외서버를 담당하는 한국 넥슨 ""블루아카이브"" 팀입니다. 이번 주 금요일(10월 18일) 글로벌 서버 라이브 방송에서 ‘하나의 중국'을 존중하는 입장과 달리 잘못된 표기가 나간 점에 대해 진심으로 사과드립니다. 잘못 표기된 부분을 확인 후 즉시 수정 조치를 취하여 19일 수정본 영상을 공개하였습니다. 해당 오류는 내부 실수로 발생한 것으로 확인되었으며, 담당자에 관련 조치를 취하였습니다. 앞으로 이러한 사건이 다시는 발생하지 않도록 관련 내용에 대한 검토를 강화하고, '블루 아카이브'가 모두가 더욱 만족할 수 있는 게임이 될 수 있도록 열심히 노력하겠습니다. 다시 한번 깊이 사과 드립니다. ——한국 Nexon 팀 올림 중국에 고개 조아리는 한국 게임",12,부정
Zero Five,5,2024-10-22 13:00:31,그 무엇보다 청순하고 청초하고 안전한게임~~,0,긍정
쿠로검정,5,2024-10-22 12:47:40,개발자들 지하에 감금시켜!!!!.. 스토리 진짜... 와... 머리에서 뇌수가 흐른다...,0,긍정
_9 baek,5,2024-10-22 12:32:11,모모이 귀여워,1,긍정
ᄋᄋ,5,2024-10-22 11:57:05,신 창 섭,0,긍정
포니테일,5,2024-10-22 11:38:11,스토리 잼있다ㅜㅜ,0,긍정
김영태,3,2024-10-22 11:26:51,스토리는 좋은데 일일퀘밖에 안하고 다른건 할것들이 없음. 총력전이나 제약해방결전 같은건 캐릭터 제한이 너무 큼.,1,중립
예승,5,2024-10-22 10:27:20,정말 좋아하는 게임인데 픽업관련 문제와 새로운 스토리가 더 나오면 좋을 것 같습니다 아직까지는 재미있게 하고 있으나 앞으로 더 발전하고 실망시키지 않는 게임이 됐으면 합니다,0,긍정
임준형,1,2024-10-22 09:46:37,하나의 중국을 지지하는 공산주의 게임. 한국도 하나의 중국이라며? ㅋㅋㅋㅋ,6,부정
초침,3,2024-10-22 09:28:50,점검 시간이 계속 연장되는데 이럴거면 첨부터 예정시간보다 더 늘려서 공지하세요 별점은 두번 연장되서 두개 내렸습니다. 한 번 더 연장되면 좀 뮛 같을거 같네요,1,중립
김민식,5,2024-10-22 09:01:30,나의 사랑.,0,긍정
하나류,5,2024-10-22 09:01:08,일단 재밌게 하는 중이니 29일 공지하는거 보고 수정하겠습니다.,1,긍정
OND 131,5,2024-10-22 08:58:44,최고의 스토리게임,0,긍정
송모모,1,2024-10-22 08:53:25,이번 이슈는 좀 아니다...,10,부정
이세은,5,2024-10-22 08:33:37,👍👍👍👍👍👍,0,긍정
Siesta,1,2024-10-22 08:01:49,최종장 상냥함의 기억 언젠가 가수 윤하 버전으로 바꿔주시나요?,0,부정
알라노,5,2024-10-22 07:12:48,야이 들아 4시까지 점검이라며 근데 로리캐가 많아서 별 5점 줄게요 ㅎㅎ,0,긍정
시로코남편,5,2024-10-22 07:08:50,엄청난 걸작이다,0,긍정
신우진,5,2024-10-22 05:59:06,야르야르,0,긍정
김진영,5,2024-10-22 04:12:36,재미있어요!!,0,긍정
정희준,5,2024-10-22 03:35:39,블루아카가 이렇게 재밌을 줄이야 인생의 2년 8개월 손해 봤어,1,긍정
ks라임,5,2024-10-22 03:26:52,지금까지 한 모바일 게임중 이렇게 무과금으로도 게임을 하는대 편한게임은 처음 입니다,0,긍정
로건,3,2024-10-21 17:33:41,캐릭은 많이나오는데 막상뽑아도 쓸데가없음,1,중립
Aqua Alto,1,2024-10-20 21:30:36,하나의 중국,8,부정
당,3,2024-10-20 14:41:59,뉴비인데 전부터 정말 갖고 싶은 캐릭터 있어서 요번에 꽤 과금을 했는데도 캐릭터는 어떻게 이렇게 안나올 수있지 싶을정도로 안나오고 마일리지는 드럽게 안모이고 결국 스탑했는데 리뷰에 마일리지 사라진다는 글보고 진심으로 접을까 하는중,0,중립
서영재,1,2024-10-20 09:49:34,중국겜,7,부정
카악퉤엣,1,2024-10-20 04:21:48,중국 옹호 ㄷㄷ,8,부정
김영현,4,2024-10-20 00:41:38,"제발 개발 일정 늦춰서라도 pc 클라좀 내주면 안될까요? 눈 아픈건 둘째치고 총력전 같은 대결 컨텐츠에서 블택 같은 앱플레이어로 pc환경에서 하는 사람들과 비교해서 불공평한 요소가 많아 불만입니다 단순히 앱플레이어 매크로 기능에 의한 차이를 말하는거라면 얘기도 안했을텐데 해상도에 따라 ex ui에 가려지는 영역이나 폰에서 안보이던 영역으로 학생들 이동시킬 수 있는 점, 폰으로 터치하면 ex 지정시 손에 가리는 점, 핸드폰 자체의 성능 한계로 프레임 저하나 스터터링 발생하는 점 등등 3년을 참았는데 이번 대결전에서 참다 한계가 와서 얘기합니다.",1,긍정
이동규,5,2024-10-19 15:01:05,"컨텐츠가 부족하다는 건 단점이지만 매일 오랜 시간동안 폰붙잡고 있지 않고 길어봤자 30분만 투자하면 되니까 그런 점은 편한 것 같아요 다른 게임은 한번 놔버리면 다시 시작하기 힘들었는데 복귀 난이도는 낮은 게임입니다 다만 총력전,대결전처럼 비슷한 조합으로 매번 보스만 잡는 이벤트보단 재밌고 다양한 조합이 나올 수 있는 종합전술시험의 보상을 늘려주거나 지금 게임 방식에서 조금만 손봐서 턴제 방식으로 플레이하는 이벤트, 아니면 무한 모드처럼 얼마나 오래 버티는지 경쟁하는 이벤드도 나온다면 게임의 재미가 다양해질 것 같습니다",79,긍정
고정현,5,2024-10-18 06:45:47,캐릭터들이 하나하나 매력이 달라서 애정가고 좋음 ㄹㅇ 가르치고 싶음,1,긍정
jjnbvcttyuiij Iiiiuurehjjiiigvv (Ihhcvjiii6328nnf8gdd3),5,2024-10-18 03:17:51,인생게임,3,긍정
이상묵,5,2024-10-18 01:04:54,캐릭터가 아주좋아요. 스토리가 감동적이고요.,1,긍정
진찬민,2,2024-10-17 11:26:11,이거 게임 아님,1,부정
프리드리히하이에크,3,2024-10-16 16:33:14,"블루아카이브가 가진 IP힘은 넘쳐남 디테일한 비쥬얼, 모션 보는 맛이 있고 캐릭터성은 끝내주게 잘 부여함 근데 정작 게임이 재미가 없음 하다보면 게임보단 커뮤니티에서 2차창작이나 구경하고 있게된다... 아직은 관성으로 하곤 있지만 솔직히 이건 주객전도란 말이 너무 잘 어울리는 게임임",2,중립
임바람새우,5,2024-10-13 14:44:02,커리티도 죠코스토리도죠움,0,긍정
한울,5,2024-10-13 11:49:25,"스토리를 보고 진심으로 울었던 적은 처음입니다. 그리고 제 삶을 대하는, 나아가 다른 사람을 대하는 태도를 완전히 바꿔버린 스토리도 처음입니다.",16,긍정
김준식,5,2024-10-13 07:18:58,김준식우리의미래까지,0,긍정
일루미나티(일루미나티),5,2024-10-13 05:45:30,프롤로그에서 단 한 발짜국도 못지나가고 있습니다. 프롤로그가 끝나기도 전에 계속 튕기기만 하니 뭘 할 수가 없네요,1,긍정
III III,3,2024-10-11 03:21:40,게임은 재미 없음. 캐릭터나 아트는 귀엽고 이쁜 애들이 많음. 정공전에 시간 쏟을꺼 아니면 할게 없음. 근데 그 정공전이 그만한 가치나 재미가 있느냐하면 그건 또 아님. 또한 게임에 자아의탁하는 갓겜충들이 매우 많음. 사실상 캐릭터와 팬심으로 유지되는 게임.,8,중립
좀비뜷어,5,2024-10-10 15:17:45,평소에 잘되다가 갑자기 게임이 안켜져셔 지웠다가 깔았는데도 안켜지네요 계속 지웠다 깔아도 게임이 안켜집니다 그거 빼곤 다 괜찮아요,0,긍정
가시,4,2024-10-10 04:20:02,게임 자체의 플레이보다는 스토리 감상이 더 재밌다.,0,긍정
수막초,3,2024-10-09 10:33:59,캐릭터랑 스토리는 좋은데 개인적으로 게임 자체가 하면 할수록 재미가 없음 재미없어서 쭉 안하고 있는데 또 지우기에는 아까워서 용량만 차지하고 있는 계륵..,0,중립
김세빈,5,2024-10-09 05:10:00,재밌어요,0,긍정
송주호,4,2024-10-09 03:32:24,"게임을 하면 할수록 아쉬운 것만 남습니다. 청휘석은 모아도 픽업 한번에 다 털리고 다음 픽업때 마일리지 유지가 되지 않으니 막상 나온 캐릭터들 뽑지도 않고 그냥 패스만 기다립니다. 뽑아야 하는 강화들도 많고 강화해야 하는 학생들도 많은데 학생 수, 최대 레벨 에 비해 얻을 수 있는 성장 재화가 한정적입니다. 기믹성 전투나 특정 전투때 그것만을 목적으로 키우자니 재화가 아깝고, 빌려서 쓰자니 빌리는 것 만으로 커버가 안될 때가 있습니다. 또한 친구가 없으면 소용 없고요. 오랫동안 해왔지만 여러모로 아쉽습니다.",7,긍정
하현윤,5,2024-10-09 01:21:08,총력전 점수 보상을 먹으려 들어가려 해도 안 들어가는 버그?가 있습니다...,1,긍정
Circ1e,2,2024-10-08 02:17:14,"스토리 보는 책같은 앱임 게임이라고 하기엔 게임성이 없는 수준이고 오로지 IP와 캐릭성, 스토리, 노래같은 게임 외적으로 인정 받은 작품. 개발력도 없다고 느낀게 요즘 게임들은 모바일 PC동시 지원해주는 추세인데 그런것도 없고 현재는 빈도가 줄었지만 과거 업뎃 할때마다 심각한 버그, 서버 문제 같은 이슈도 많았음 메인 게임으로 할만한 컨텐츠도 없고 일일임무 총력전이 딸깍 한번으로 10분도 안되서 모든게 끝남 근데 그런 게임성에 비해 과금은 뒤지게 매움 한정 콜라보를 무과금으로 얻을려면 개빡세게 한 4개월전부터 준비해야하는 피로감도 있음 남들보단 적을 돈이지만 나도 과금한 사람으로써 내가 투자한 게임이 약 4년째 똑같은 딸깍겜으로만 있는게 너무 아쉬움 3주년때 나온 ""반픈월드"" 같은 신선한 콘텐츠가 메인으로 들어오던가 카페 같은 상호작용 요소를 더 추가하거나 뭔가 변화를 줬으면 좋겠는데 앞서 말했듯 개발력이 의심스러운 수준이라 추가를 안하는게 아니라 못하고 있나? 생각이 들 정도",3,부정
김하준,5,2024-10-07 22:55:31,모르겠고 호시노가 귀엽습니다,3,긍정
담장위고양이,1,2024-10-05 02:34:58,말도 안되는 확률 그냥 무조건 천장치라는거네 픽업 확률 창렬 그자체. 서브컬쳐고 나발이고 넥슨 다운 확률이네 픽업 0.7퍼 ㅋㅋㅋㅋㅋㅋ 게다가 UI는 엄청 불편함. 스테이지 클리어 하면 결과창이 이중으로 뜨고 모든 결과가 출력되기까지 오래걸림. 좀 간결하게 정ㅇ 리좀 해라..어휴,14,부정
윤현,5,2024-10-04 00:20:24,내최애겜,1,긍정
정승민,5,2024-10-03 03:30:26,갓겜.,0,긍정
안승희,3,2024-10-03 00:00:20,다좋은데. 픽업을할때마다 200뽑은기본같으며 하다보면질리고. 픽업할때 마다 마일리지가 싸였다가 다음날보면. 다른픽업 캐릭터가나오면서 마일지가 다사리지니 화가나서 미칠것같다,0,중립
김유진,3,2024-10-02 17:19:17,로딩이 너무 길어요...,0,중립
김동건,5,2024-10-02 08:44:31,굳,0,긍정
둥그리동그리코롱코로롱,5,2024-09-25 15:48:42,다 좋은데 임무 장비 파밍 드랍을 조금만 더 높여주세요 ㅠㅠ 8티어 부터 살짝 청휘석 갈리네요,0,긍정
친절한김백희,1,2024-09-25 15:04:53,무의미하고 잦은 업데이트 좀 그만했으면 좋겠다. 무슨 접속만 하면 업데이트 파일이 기가 단위냐...ㅡㅡ,3,부정
:황색악어,4,2024-09-24 19:01:47,게임 시작하고 들어갔을 때 터치 안되고 렉걸리는 텀 좀 줄였으면....,0,긍정
권현준,3,2024-09-24 01:46:48,안녕하세요 블루아카이브관계자님 나머지는 너무좋은데 특히 3-24스토리모드 입장레벨이너무높습니다 입장레벨은 20~30레벨로 낮춰주시면고맙겠습니다 다음업데이트때요 부탁드립니다,0,중립
llIIIlllIlIll,3,2024-09-23 11:19:45,"심각한 버그가 하나있어서 여기다 적어놓습니다 9월23일 오후2시 시간대에도 접속이 잘됬는데 오후7시 이후에 접속을 하려니 검은화면만 보입니다 삭제 후 재설치를 하더라도 마찬가지입니다 내일부터 신규컨텐츠가 나오는만큼 업뎃이 될테니 기다려보겠지만 이런일이 왜생겼는지, 그리고 두번다신 안생겼으면 좋겠습니다.",9,중립
정태완,5,2024-09-21 12:38:52,게임에 애착이 생길정도로 스토리나 캐릭터 마다의 메모리얼이 좋습니다. 다만 전술대회 AI의 지능이 너무 낮다는 생각을 하면할수록 느끼게 됩니다. 초창기 부터 변경이 안된 전술대회 AI의 지능 좀 높여주시면 감사하겠습니다.,53,긍정
루나,1,2024-09-19 08:44:42,S24+입니다 그래도 게임은 실행시키게 해주세요..... 검은화면밖에 안나와요... 지웠다 다시 다운로드 해도 마찬가지입니다 이 검은 화면만 1달째 보고있은데 조치를 취해주시길 부탁드립니다 추석에 블루아카 선물좀 받겠다는데 접속이 안되니 참.... 그렇네요,1,부정
주순열,5,2024-09-18 12:14:53,아로나 너무 귀여워요😍😍😍,1,긍정
고현자,5,2024-09-18 08:26:25,씹덕아니면 하지마세요 그냥 불쾌한 유사게임,0,긍정
에쉬,5,2024-09-18 05:43:47,일본가서 교토한정판 프라나 아로나 사왔다 ㅋㅋㅋㅋㅋ,1,긍정
mintaek Lee,1,2024-09-17 01:44:06,점점 쓰레기가 되네요 무슨 캐릭을 현질을 하지않으면 못뽑게해놨는지 장난하나 이제 안할라고 정말 더럽네,1,부정
음ᅥ,5,2024-09-17 01:40:34,미소녀를 싫어하는 오타쿠는 존재하지 않는다,1,긍정
곽현준,5,2024-09-15 07:47:02,마리야 사랑한다!!!!,1,긍정
권승우,5,2024-09-13 08:28:18,게임성으로는 호불호가 있지만. 저는 적당히 재미있고. 캐릭터 일러스트도 정말 마음에 들고 SD그래픽도 너무 아기자기하고 귀엽습니다. 블루아카이브 플레이한지 3년이 다되가지만 지금도 오랫동안 플레이할 의향 뚜렷합니다!,8,긍정
노빠꾸 사나이,5,2024-09-11 17:14:33,최고의 게임,1,긍정
이권우,5,2024-09-11 00:44:30,그냥 재미있음,1,긍정
ᆞ,5,2024-09-09 22:50:52,코하루랑결혼할래요,1,긍정
계좌이채,5,2024-09-08 05:35:39,뭘 리뷰를 보고 있어 일단 해봐,1,긍정
이장희,4,2024-09-08 00:17:50,만족합니다,1,긍정
비약,3,2024-09-06 14:38:59,9/5 이후로 어플에들어가면 검은 화면만뜹니다. 조금 기다리면되겠지하고 놔둬봤더니 10분째 검은화면이네요 어떻게해결해주시면좋겠습니다. 청휘석 모아야하는데 접속이안되네요,0,중립
예에에,5,2024-09-05 04:30:36,몬스터랑 베리타스 콜라보 언제해요?,2,긍정
김경욱,5,2024-09-05 02:47:22,캐릭터가 예뻐요,1,긍정
amor,5,2024-09-04 09:29:02,다음 스토리 나올때까지 숨참는중 흐읍 빨...리... 답변 달아줘요,1,긍정
K1ck,5,2024-09-04 05:21:23,단언컨데 넥슨 최고의 겜. 히나라는 캐릭터를 만든 넥슨 찬.양.해,1,긍정
이세진,5,2024-09-03 03:38:23,재밌습니다!!,1,긍정
tourface myface,1,2024-09-02 17:48:12,스킬을 사용했지만 씹히고 무슨 로직 기반으로 작동하는지 매판마다 지 마음대로 움직이는 캐릭터로 인해 리트를 하든 포기를 하든 선택해야하는 중국양산형 수준 게임 넥슨 게임 답게 유저들은 지갑으로 취급하는 리니지랑 동급인 게임,9,부정
쥐랑이,1,2024-09-01 15:25:26,스토리만 보세요 2년차에 총력전 대결전 색칠놀이 띡 성의도 없이 내놓고 그거 돌려막기 1년 넘게 하는중임 2년차에 이사태를 내놓은 개발사 3년 4년뒤도 똑같지 않겠어요? 미래에도 기대 할건 스토리 말고 없음 그 조차도 간격 벌어져서 노잼 기간 겁나 김 풀더빙도 아니면서 스토리도 늦게 나온다는 뜻임 그냥 스토리에뮬레이터로 쓰세요 딱 그정도 겜임 오픈 플레유저의 조언입니다 어차피 지금 유입해도 몇백 쓰는거 아니면 총력전 대결전 많이 못침,5,부정
이아키 (イアキ),1,2024-09-01 00:14:58,"오류, 렉 너무 심해서 게임 플레이에 지장이 있을정도로 심함니다 이번 총력전때 랙때문에 손해를 많이 봤는데 이번에 수정 안해주시면 그냥 제가 접겠습니다.",0,부정
꼴히다,5,2024-08-30 07:02:20,이게 게임이지,1,긍정
박순철,5,2024-08-28 15:46:14,그냥 날 살린게임,1,긍정
박Eugene,5,2024-08-28 15:35:18,"여자인데 주변에서 왜 하냐고, 남성향이네 뭐네 마네 하는데 난 상관 없음 그리고 리뷰 별 할 말도 없음 한마디 안하면 후회함 end 다들 즐거운 블아생활하세요~",2,긍정
아르키,1,2024-08-28 15:33:01,가챠 그러니까 뽑기가 너무 맵다.... 천장 찍을정도의 재화가 모인게 아니면은 뽑기 안하는게 나음. 천장 스택이 다음 픽업으로 넘어갈때마다 초기화 됨. 근데 정작 초기화 되고나서 주는 재화가 너무 구림....,5,부정
투명드래곤,5,2024-08-26 12:26:45,아아 초콜릿 스토리 최고다 다들 요망하고 귀엽구나,1,긍정
서연2,5,2024-08-25 06:04:09,갓겜,1,긍정
박정호,5,2024-08-25 04:57:03,분재....ㅇ 게임,0,긍정
모아,5,2024-08-24 01:01:33,미친 게임 진짜..미친...게임..이것빆에 말 못하겠다..,1,긍정
482,5,2024-08-22 15:18:55,갓겜,1,긍정
뉴지옥,5,2024-08-22 04:48:12,헉 역시 19 무너가야해요,0,긍정
곽선미,5,2024-08-21 19:59:53,너무재미있어요!!1번 해볼만한 게임인것같습니다,1,긍정
이건,5,2024-08-21 13:10:05,하다보면 점차 재밌다,1,긍정
チェ正後,5,2024-08-21 07:16:18,꿀잼,1,긍정
유현석,1,2024-08-21 04:31:27,3성 확률이 3%라는 것을 봤을 때 실제론 그 절반도 안될 것이라고 해석하는 것이 넥슨겜을 즐기는 올바른 방법임,0,부정
OND 131,5,2024-08-21 03:47:52,인생,0,긍정
J P,5,2024-08-20 17:03:52,항상 즐겁게 즐기고 있어요 앞으로도 응원합니다!,1,긍정
정희성,1,2024-08-20 14:02:52,학원물인데 총기소지,1,부정
김지수,1,2024-08-20 13:27:22,게임성은 낮음,0,부정
em m,5,2024-08-20 08:59:43,오류인줄 알았는데 폰 껐다 다시 키니까 됐네요,0,긍정
요다,5,2024-08-20 08:43:21,네루최고,0,긍정
김준석,5,2024-08-20 08:42:01,너뮤,0,긍정
핫데니얼,5,2024-08-20 07:37:10,최근에 기분좋은 일 있었는데 그건 얼마전이 토키 생일이었거든 내생일도 아닌데 기분 좋더라,1,긍정
G RM,5,2024-08-20 07:17:37,꼬우면 아시죠?,0,긍정
이름,5,2024-08-20 07:01:19,PC 클라이언트도 내다오,0,긍정
EUN CHAN JEONG,5,2024-08-20 06:23:36,항상 좋은 운영에 감사드립니다! 스토리뿐만 아니라 매력적인 캐릭터까지! 너무나도 좋은게임인것 같아요!,1,긍정
Aoharu,5,2024-08-20 05:23:26,이 인생을 하고 게임이 달라졌습니다,9,긍정
메로로테,5,2024-08-20 05:17:49,재밌어요 근데 점점 렙이 높아지면 들어가는 재화나 재료들이 너무 비싸서 나중엔 캐릭터 하나 키우기도 조금 버거워요 그거말고는 나름 스토리나 전투방식 등등 재밌게 즐기고 있습니다,1,긍정
김윤빈,5,2024-08-20 04:57:17,캐릭터 너무 예쁘고 스토리가 재밌어요,1,긍정
상구리,5,2024-08-20 04:54:28,씹덕겜,1,긍정
성욱문성욱,1,2024-08-19 09:10:22,가챠 너무 매움 픽뚫망겜이라고 생각합니다.,1,부정
Prism GLS (PrismGLS),1,2024-08-19 07:29:59,디자인과 스토리는 최고. 게임성은 역대 경험한 게임들 중에서 최악. 비주얼 노벨로는 추천드리지만 게임으로서는 값어치조차 없는 낙제점. 차라리 1900년대 패미콤 게임을 하는게 더 재밌고 보람찹니다.,9,부정
Holy Spirit,5,2024-08-18 13:23:53,스토리와 캐릭터가 매력적이고 쉽게 그 캐릭터에 빠져들 수 있음.,1,긍정
박현,5,2024-08-17 14:32:06,내인생 책임져줄 겜,1,긍정
제하지,5,2024-08-14 04:56:04,블루아카이브 스토리에는 감동이 있다...,2,긍정
하승현,5,2024-08-14 03:52:52,"진짜 ""갓겜""입니다!",2,긍정
김원광,1,2024-08-13 03:32:46,딴건보르겠고 미카확률 늘려주세요ㅠㅠㅠㅠㅠ 어떻게 드히나 픽업에서 수시노만 7번이 나와요ㅠㅠㅠㅠㅠㅠㅠ족발!!!!ㅠㅠㅠㅠㅠ,1,부정
JinWook Choi,1,2024-08-12 15:53:59,"농담 아니라 스토리, 캐릭터 투툴이고, 게임 자체의 재미는 찾으면 안됨. 괜히 서브컬처 매니아들이 블아를 2차창작 발사대라고 말하는 것이 아님. 남들 다 있는 편의요소 없고 UI/UX 는 대충 00년대 후반 모바일게임 수준으로 뒤쳐져 있음. 출시 이후 아직까지도 제대로된 보이스룸, 모션룸 없고, 카페 상호작용도 더럽게 없음.(특정 가구에 특정 캐릭터 한정으로 제한된 모션 보여줌) 이제 그 자랑하던 스토리마저 메인시나리오작가인 피카츄 퇴사하고 꼴아박 예정이고, 유나물, 즉흥환상 같은 초창기 블아 인기를 책임진 일러레들도 줄줄이 퇴사함. 이제까지 하던 사람들은 지금까지 키운 캐릭터에 대한 애정으로 계속하는 건 뭐라 말 못하겠지만, 지금 신규유저로 유입한다? 앞으로 내리막만 탈 예정인 게임에 굳이 올라탈 이유가 있을까 모르겠다. 그냥 빠르게 스토리 찍먹해서 에덴조약, 최종장까지 보는 건 추천함. 근데 딱 거기까지임.",8,부정
2군,5,2024-08-12 12:34:54,갓겜,1,긍정
이민재,5,2024-08-12 08:44:19,인장 주작은 뭐야,0,긍정
Jooni,5,2024-08-12 08:09:18,"최고의 게임, 당신의 인생을 행복하게 해줍니다",3,긍정
Q 4,5,2024-08-11 16:51:20,걍 갓겜,1,긍정
송성호,5,2024-08-11 07:28:27,그저 goat,1,긍정
강한준 (NO_37),3,2024-08-10 15:07:46,최근 앱이 정상적으로 작동하지 않고 있습니다 키면 검은화면만 뜨고 아무것도 되지않습니다 앱을 삭제하고 다시 다운로드 받아도 똑같은 현상이 일어나고 있습니다 해결방안이 있나요?,0,중립
vincible In,5,2024-08-10 09:00:44,아로나야 3성달라고 ㅠㅠ,1,긍정
ᄀᄆᄒ,5,2024-08-09 18:20:23,게임을 열심히 즐기는 유저입니다만 이번 업데이트 후 원래 사용하던 태블릿에서 네이버로 계정 로그인을 시도하면 provider not found.(10115) 문구가 나오면서 로그인이 불가합니다.,0,긍정
임성주,5,2024-08-09 04:22:06,갓 겜,1,긍정
클로에검,1,2024-08-08 23:37:26,노잼 솔직히 옆집얘기 싫지만 말하자면 프리코네 하는게 났습니다 블루아카이브 단점 말하자면 뽑기는 그확률같지가 않고 캐릭터도 무슨 위에 이상한게 떠있고 게임진행 속도 도 3배속이 아닌 1.5배속 같았고 전체적 으로 안좋았습니다 결론 이거할바에 프리코네 하자 (그리고 왜 풀더빙이 아니죠? 프리코네는 풀더빙인데),7,부정
최량 (토마토맛토마스),5,2024-08-08 13:17:26,진짜 인생겜임 애들이 너무 이쁘고 보면 행복함,1,긍정
여울이,5,2024-08-08 09:28:02,"안녕하세요. 블루 아카이브 1년차 되는 센세입니다! 저는 미카 픽업부터 지금까지 하고 있는데요. 1년이나 이 게임을 하는 이유는 그냥 미쳤습니다..... 퀄리티, 스토리, 캐릭터, 전투 모두 다 너무 좋아요! 물론 가챠 확률은 극악이지만..... 그리고 일섭도 잠시 했어서 대충 이벤트나 스토리는 다 아는데 진짜.... 어서 이 게임을 안한 사람을 센세로 유입시키고 싶을만큼 재밌습니다!! 앞으로도 재밌는 게임 부탁드려요!!",3,긍정
야정코정,5,2024-08-08 05:32:06,카요코 넘 좋은디,0,긍정
한진희 (검은 꿀꿀이),5,2024-08-07 17:38:59,퍼준다 넥슨 짱 용하 형 짱 청휘석 많이 퍼줘 (티켓도 좋아영),0,긍정
연,1,2024-08-07 12:56:46,이게 클린? ㅋㅋ 에바지,0,부정
정세헌,4,2024-08-07 06:06:34,"음...일단 장점은 일러스트가 예쁘다,스토리가 좋다,애니메이션이 잘 움직인다 입니다 ...단점은...스토리를 제외하곤 콘텐츠가 부족합니다.총력전이나 전술 시험 같은게 있지만,전투 이외 컨텐츠가 부족하다는 느낌 입니다.이벤트 스토리도 다 봐서 볼게 없고...결국 ap로 임무 소탕만 시키고 그냥 나갑니다.스테미나 없이(적게)즐길수 있는 미니게임이 있었ㅇ,면... 합니다....",4,긍정
홍마관,5,2024-08-06 10:25:30,오픈 초창기때 열심히 달리다가 이오리 수영복 때까지했는데 지금 다시 복귀할만합니까?,2,긍정
김민찬,5,2024-08-05 08:39:24,가챠는 맵지만 재밌는 갓겜,1,긍정
김민재,4,2024-08-05 03:19:25,이벤트 미션 클리어가 안되고 있습니다. 확인부탁드립니다.,0,긍정
장문수,4,2024-08-04 15:14:26,최근에 복귀한 유저인데 확실히 게임 초기때보다는 편의성 부분에서 많이 신경써준게 느껴질 정도로 좋아진거 같아요 그리고 평상시 주는 재화가 다른 가챠겜보다 많아서 좋구요 근데 아쉬운거는 학생들 육성 시킬때 재화가 많이 필요한데 학생들에게 들어간 스킬 성장 재료나 레벨업 재료를 다시 돌려받을 수 없다는게 좀 아쉬워요 학생 레벨과 스킬 레벨을 청휘석을 써서 초기화하고 재화를 돌려받을 수 있으면 좋겠어요,69,긍정
L K,5,2024-08-04 05:54:36,적당한 느낌으로 가벼운 게임,1,긍정
박진경,1,2024-08-04 04:31:20,심각하게 튕깁니다 게임 20분 한다고 가정 했을경우 20분 중 10 ~ 15분은 게임 재접속 하는 시간 입니다,4,부정
배선우,5,2024-08-04 02:45:55,본인이 여기에 리뷰는 남겼지만 앱은 원스나 갤스에서 깐 블붕이면 개추ㅋㅋ,1,긍정
열화상카메라,5,2024-08-03 13:53:34,GOAT,0,긍정
다니엘입니다,4,2024-08-03 09:21:43,"다 좋은데 현지화가 잘 되어있지 않아요... 주변에 한글화가 안된 옷에 적힌 문자 글들, 간판이나 하나에 인연스토리의 라디오체조 파트가 대표적인데 한국어판임에도 선생이 초등학생때 라디오체조를 했다고 말합니다. 솔직히 말해서 국민체조라면 모를까 한국에서 누가 일본에서만 보급된 라디오체조를 하나요? 선생은 플레이어 자신을 의미한다고 하는데 선생이 일본인으로 딱 정해진 것도 아니고 일본에서만 보급된 라디오체조를 초등학생때 했다라는 부분은 조금 한국판으로써 현지화가 필요하다 봅니다.",0,긍정
simon Jang,5,2024-08-03 03:29:12,한섭 오픈 리세마라부터 달렸던 유저임. 확률형 가챠라 진입 주저하는 사람이 있다면 찍먹정도는 해보는거 추천함. 한국 서브컬쳐에서 국산(이지만 한국풍 나가사키 짬뽕같은)이 성공한 드문 게임임. 블루아카가 원신같은 오픈월드 게임처럼 컨텐츠가 많다고 생각하진 않음. 그만큼 찍먹하기는 좋은게임. 패스캐 인권캐 천장치고 욕하는 사람들 있음 (본인도 이번에 드히나 천장침) 없음 꼬운거 맞음. 하지만 필요할때는 다른 사람들이 키워놓은거 빌릴수 있음. 스토리 감상&이벤트 즐기는건 전혀 문제없음. 애초에 스토리가 메인인 게임이라.. 경쟁 안하면 게임 진행못하고 그런건 없음. 두서없이 사설이 길었지만 이 게임은 무과금러 배척겜 아님. 본인도 인권캐 없이 하다 중간에 뿌린 무료연차로 지금까지 하고있음. 애정캐는 과금했지만 후회는 없다.,0,긍정
로원,5,2024-08-03 03:08:45,"""건전""한 게임임. 부모에게 보여줘도 될 정도로 클린한게임 ㅇㅇ",1,긍정
한지훈,3,2024-08-02 16:19:52,최근 픽업 뽑기를 돌리는데 3성이 한번에 4개가 떴는데 픽뚫을 당했어요. 그리고 최근 14~15번 정도 연속으로 픽뚫을 당한거 같네요.,0,중립
하하호,5,2024-08-02 15:42:51,"스페셜캐, 편성창에서 들어올릴 수 있게만 해줘도 접은 유저 70%는 다시 겜 깔아볼듯",2,긍정
areE you,5,2024-08-02 11:56:23,설명 불필요,1,긍정
juns Cheri,5,2024-08-02 08:15:27,"픽업확률이 ""앰-췡"" 한거 말곤 훌륭한 스토리와 BGM 그리고 미려한 캐릭디자인이 만족스러운 비주얼노벨 재생기입니다.",0,긍정
flzm e,4,2024-08-02 07:21:34,"솔직히 말해서 요즘 공략도 많이 올라와서 골드컷도 이제 인세인을깨야 될정도로 수준이 엄청올라왔고 슬슬 나만 없으면 꼬우는캐가 점점 많아지는거 같습니다. 다음으로 한국어 더빙이 나왔는데 예상보다 너무 이상하게 나왔고 한섭 라이브 방송도 솔직히 애매했습니다. 또한, 스토리와 캐릭터로만 밀고 나가는게 눈에 보여서 우리는 이정도만 해도 잘났다는게 눈에 보입니다. 하지만 새로운 시스템인 오픈월드가 생겨서 신선했습니다.",169,긍정
미니,5,2024-08-02 02:40:34,완전 깔끔한 그림체와 뽑기권 을 완전 퍼주고 그냥 무과금 들이 즐겁게 할수있게 청휘석 도 많이 뿌려준게 좋습니다!! 10회뽑기 할때마다 3성은 3개에서 4개씩 뜨고 거의그냥 최고입니다 근데 단점은 레벨을 올려야만 캐릭터 레벨을 올릴수 있다는게 문제입니다...뉴비 입장에서는 현질로 인해 히나와 호시노는 5성이지만 레벨차이 때문에 스토리를 못넘기고 있습니다...레벨 빨리 올릴수 있게 AP를 좀더 많이 뿌려주던가 아님 레벨을 빨리 올릴수 있게 다양하게 개선해줬으면 합니다 이점만 빼면 모든것이 완벽한 겜이기 때문에 저로선 강력추천합니다!!,29,긍정
하나,1,2024-08-01 23:33:09,원래 분재겜이라 컨텐츠 부족 이런거에는 크게 신경 안쓰는데 거지같은 전술대항전은 내가 이기든 지든 상관없이 일정시간동안 스킵도 못하고 멍청하게 쳐다만 보고 있어야되니까 불쾌하다못해 짜증이남 밸런스야 캐릭마다 특정 분야에서 강한 애들이 있으니까 맞추기 까다로운거 이해하겠는데 식물인간마냥 유저가 조작도 못하게 막아놓은 pvp를 스킵까지 못하게(정확하게는 일정시간동안) 막아놓은건 선 넘은거지 왜 이래저래 불쾌하기만한 pvp를 넘기지도 못하고 의무적으로 보고있어야함?????,4,부정
감우웅챠,1,2024-08-01 09:21:00,5배속 언제 나옴???????? 이벤트 열릴때 마다 스테이지 하나씩 미는거 답답해 미치겠음 그리고 아레나 1분 입장 대기는 왜 만든거임????????? 니들이 해봐 이거 개불편해 뭐하자는 건지 모르겠네,5,부정
김밥먹자,1,2024-08-01 04:57:22,픽뚤 너무 심하다 18개 픽뚤은 선넘는거 아니냐?,1,부정
서인석,5,2024-07-31 23:22:18,픽뚫 잘 나는거랑 통상캐가 너무 많아서 통언뜬이 안되는게 문제인거 빼면 할만합니다.,0,긍정
hyoung joo kim,5,2024-07-31 15:26:41,정실은 히나,1,긍정
xpfj02,5,2024-07-31 13:44:41,나는 픽뚫에 재능이 있다.,1,긍정
R Wing,5,2024-07-30 20:10:54,뭘 망설이고 있나.,2,긍정
blackdot,5,2024-07-30 18:11:20,masterpiece,0,긍정
이석준,4,2024-07-30 15:16:22,ㅎㅎ 페스확률 좀,0,긍정
John Smith,1,2024-07-30 15:13:23,애정캐빨겜 그리고 상반된 컨텐츠,0,부정
노을,5,2024-07-30 10:59:04,"""인생게임""",2,긍정
Haha Ha,5,2024-07-30 09:24:42,문어ㅋㅋ,0,긍정
여우비,5,2024-07-30 04:46:55,"스토리에서 묻어나오는 캐릭터 하나하나에 대한 애정이 정말 잘 느껴지는 이유는 그만큼 개발진들이 이 게임에 대한 애정이 대단하다는 의미겠죠. 정말 재밌게 즐기고 있고, 18세 딱지 때문에 주변에 추천하면 이상한 눈초리를 받을 때가 가끔 있지만, 서브컬쳐 장르와 깊은 스토리에 관심이 있는 친한 친구들에게도 추천을 하고 싶은 작품입니다. 파란봉투 던지는 나쁜 똥아로나 딱밤 한 대만 때려주세요.",30,긍정
발러,5,2024-07-30 00:53:29,캐릭터는 진짜 잘뽑는데 게임이 영... 같은 ip로 재밌는거 하나 더 만들어줘..,5,긍정
오준석,5,2024-07-29 23:53:59,가볍고 맛있는 게임,1,긍정
김영범,5,2024-07-29 23:50:08,가볍게 천천히 경쟁안하면 하기 좋음,1,긍정
정종훈,5,2024-07-29 08:41:57,블루아카이브 게임을 한지는 아직 5개월이 조금 넘은 뉴비이지만 하루도 빠짐없이 게임을 했을 정도로 정말 재밌습니다!!! 캐릭터도 덕후들의 취향을 제대로 저격했고 전투도 컨텐츠는 적다고 생각하지만 매력적입니다. 그리고 무엇보다도 스토리가 정말 매력적이고 맛있습니다 다른 게임이랑 비교할 수 없을정도로 정말 최고입니다!! 블루아카이브 화이팅!,50,긍정
ᅳ3ᅳ,1,2024-07-29 03:23:25,"역시 넥슨이네요, 뽑기 겜은 역시 도박이랑 다름없어요, 금방 접습니다. 세상이 씁쓸하네요, 빨리 접어서 안심되기도 하고....",2,부정
Minjoon Ji - Official,5,2024-07-29 02:49:37,한국어 더빙 출시... 드디어!!!!,1,긍정
배호빈,3,2024-07-29 02:10:01,아쉽네,0,중립
김민성,1,2024-07-28 19:28:22,가챠 확률이 메이플급이네요,0,부정
배추,5,2024-07-28 12:22:21,진명 개방은 언제 하나요?,1,긍정
거미남자,5,2024-07-28 05:11:29,블루 아카이브.,1,긍정
김범준,3,2024-07-28 04:50:39,한음 더빙 왜 했냐... 진짜 실망입니다 김용하씨.,0,중립
글씨,1,2024-07-28 01:45:51,픽업확률이 픽뚫2~3번나도 안나옴ㅋㅋㄱㄱㅋ,2,부정
이태관,5,2024-07-27 03:34:58,귀엽당 히히,3,긍정
최용갈,5,2024-07-27 02:32:57,미식이네요..,2,긍정
채널_성아깸남_티비 (JDS),1,2024-07-26 11:40:55,"설마 한국성우님들의 보이스가 들어갈줄이야... 감사합니다..감사하긴한데, 그래도 여전히 고객샌터가 없는건 게임이 아니라고 보는데요 저는? 고객샌터 달아주세요. 달아주시고, 1대1상담신청 넣어주세요. 그래야 게임다워지니깐요, 그래야..! 문의가 있는 플레이어들이 안심할수 있을테니깐요. 그리고, 부탁인데.. 메인&일일 스토리에 성우님들 보이스 녹음해주시면 안됄까요? 안하면 뭐가달라집니까? 어떻게 그러고 살아요?! ""어처피 사람들은 스토리에 관심 없어하니까""이러시는것 같은데, 안그런 사람도 있다구요!!...부탁인데.. 메인&일일 스토리에 성우님들 보이스 녹음해주세요...",8,부정
oR,5,2024-07-26 06:41:06,화이팅!,0,긍정
picklecover,5,2024-07-25 15:06:19,재밋게 했습니다^^,14,긍정
서동영,5,2024-07-25 10:27:01,갓겜,0,긍정
Hew Ao,5,2024-07-24 10:58:33,입대 2개월전에 시작했는데 자대와서 짬날때마다 힐링하러옵니다.. 아주 좋은게임,0,긍정
Tae Hoonn Kim,1,2024-07-24 09:35:54,게임으로서 무언가 결여된 앱,5,부정
Mirae Yun,5,2024-07-24 04:20:37,제 와이프가 한국어를 배워왔어요,0,긍정
1020 Tu-,5,2024-07-24 03:21:07,어른의 카드!!!,0,긍정
신무경,5,2024-07-24 01:33:24,유토피아,0,긍정
polaris A,5,2024-07-24 01:19:21,"캐릭터들에게 애착이 안 생길 수가 없는 스토리, 깔끔하고 잘그린 일러 스패셜 학생들도 스트라이커 학생들처럼 승리모션이나 들어올리기 추가해주고 카페 초대할 학생들 전부 선택할 수 있게 해주면 완벽할텐데",2,긍정
이리이리,5,2024-07-23 17:29:07,지인 추천으로 시작한 이유로 매일 하고 있습니다. 캐릭터 일러스트와 스토리가 정말 맘에 듭니다. 가챠가 망하는 상황만 없다면 게임을 하는 내내 너무 행복하네요.,0,긍정
신명주,5,2024-07-23 17:24:37,최고다!!블아!!,0,긍정
귤금향,5,2024-07-23 16:18:13,한국어 더빙 감사합니다,0,긍정
윤석진,3,2024-07-23 15:57:11,"예전에 PC 애플레이어로 즐겼던 게임이였는데, 다시 해보니 역시 대단하군요",0,중립
뷰티인사이드,4,2024-07-23 14:03:19,재밌는데 덱 짜는 게 너무 어려워요..탱딜힐을 어떤 비율로 짜는거죠ㅠ,0,긍정
김죄현자 (寝たい),5,2024-07-23 13:13:01,캐릭터들이 예쁨,0,긍정
야호,5,2024-07-23 12:58:23,"게임이 지루하긴 하지만 스토리도 정말 재밌고 캐릭터성도 뛰어나서 게임의 지루함을 잊게 만들어요 이번 한국어음성 패치도 그렇고 보는 맛, 듣는 맛 다 있어서 좋아요 재밌는 게임 만들어주셔서 감사합니다",0,긍정
ᄅᄋᄏᄏ,5,2024-07-23 12:11:48,하기전에는 '저런 오타쿠 씹덕 게임을 왜하지?' 같은 생각을 했는데 해보니까 와..개인적으로 스토리가 너무 좋았고 제가 감수성이 높은편인지는 모르겠지만 스토리를 보면서 진짜 최소 10번은 넘게 울었고 캐릭터들도 다 개성이 있으며 꾸준히 업데이트도 해주고 딱히 논란도? 없으니까 좋네요 김용하 사랑해,2,긍정
에이브애호가,5,2024-07-23 11:51:05,매일매일 들어와 일일숙제만 하고 나가면 되는겜인데 왜인지 재밌음 오픈유저로써 지금까지 돈 한푼 안쓰고도 인권캐 필수캐 다 뽑아감 단점이 없진 않은데 끝내주는 스토리 애정가는 학생들이 그 단점을 덮는 수준임,0,긍정
John Lee,5,2024-07-23 11:24:59,1년 새 참 많은 게 변했음. 영원히 까야 할 거 같았던 흠도 많이 없어졌다. 유저도 늘었는데 플래티넘 컷 확장 좀..,70,긍정
Джун Бом Ким,4,2024-07-23 11:18:18,쌈뽕하다 ㄹㅇ.,0,긍정
ᅳ지아,5,2024-07-23 11:10:07,갓겜,0,긍정
박상훈,5,2024-07-23 11:06:58,흥신소68 보고 입문했습니다. 후회 없습니다.,0,긍정
목탁든예수,5,2024-07-23 10:28:19,더빙 감사합니다,0,긍정
곰곰,5,2024-07-23 09:52:28,마음에 듭니다. 더욱 정진하세요.,0,긍정
청룡,5,2024-07-23 09:51:27,히나 ㄱㅇㅇ,0,긍정
이도형,5,2024-07-23 09:40:32,호시노 최고,0,긍정
이상윤,5,2024-07-23 09:37:51,오픈유저입니다. 내인생은 블루아카이브를 시작하기 전과 후로 나뉩니다.,0,긍정
용몽리,5,2024-07-23 09:19:02,아주좋소,0,긍정
김주형,5,2024-07-23 09:00:07,학생들이 다들 하나같이 매력적이고 스토리가 재밌어서 좋네요.,0,긍정
이은규,5,2024-07-23 08:52:31,하다 보니까 최고더라... 처음엔 이런 씹덕겜 누가 하나 싶었는데 내가 씹덕이었다 게임 하면서 울은 거 처음이고 pv보면서 운 거 처음이고 섭종을 생각하며 운 거 처음이다 내 인생의 의미가 되어준 게임이다 영원히 함께하고 싶다,0,긍정
LEND B,4,2024-07-23 08:36:51,"오픈때부터 시작해서 지금까지 달리고 있는 선생님입니다 저는 스토리와 메모리얼에 대가리 깨서 시작한 선생님입니다 지금 만약 할지 말아야할지 고민이 되신다면 일단 바로 다운로드하고 돌을 모아두면서 천천히 하시는 것을 추천합니다 이 게임 장점: 개발자들이 변태라 취향에 따라 맞는 학생들이 있다. 매력적인 스토리 사료 많이 뿌림, 꾸준히 하면 현질 안해도 됨 단점: 컨텐츠의 압도적 부족 실질상 총력전<< 매주 치다보면 질림 크리 리트 보스 패턴 리트 박기 시작하면 대가리가 아픔 대결전<<최악의 컨텐츠 고즈때 한번 씨게 당한 사람은 접을 정도로 굉장히 짜증난 컨텐츠였음 가챠 많이 비쌈<<대신 장점으로 커버 가능한 수준",2,긍정
목베개,5,2024-07-23 08:14:24,사랑해요,0,긍정
신도원,5,2024-07-23 07:55:45,더 많은 업데이트를 제안,0,긍정
아키라,5,2024-07-23 07:52:34,끄아아아앙 히나머리짱커엇,0,긍정
Xk11a1s R (020504),5,2024-07-23 07:11:25,우리 하루카 너무 귀엽고 좋아요 에헤헤헤,0,긍정
alex,5,2024-07-23 06:37:11,에덴조약 스토리 개재밌네,0,긍정
밀더,5,2024-07-23 06:32:08,수집형 스토리 게임중 가장 스토리가 탄탄하고 캐릭터별 성격이나 스토리도 매우 잘 잡혀있어 캐릭터에 대한 덕질하기에 안성맞춤인 갓겜 다음 스토리 업데이트를 기다리겠습니다,1,긍정
손주한,5,2024-07-23 06:06:54,갓겜,0,긍정
Null,5,2024-07-23 05:44:51,미식이네요,0,긍정
모찌떡을위하여,5,2024-07-23 05:20:00,기적의 행방을 찾아서,0,긍정
김제롬,5,2024-07-23 04:33:17,재밌어요,0,긍정
그레이스톤,5,2024-07-23 03:48:21,빛이여!!!!,0,긍정
Titanium K.,5,2024-07-23 03:29:08,갓겜,0,긍정
Gamer Lemon,5,2024-07-23 03:01:09,드히나 우오오오오오오오😭😭😭,0,긍정
Zenophy,5,2024-07-23 02:59:24,스토리 하나만 바라보며 나아가는 나의 두꺼운 책 한 권.,0,긍정
국승현,5,2024-07-23 02:47:30,Good,0,긍정
OOO,1,2024-07-22 02:10:28,캐빨 컨텐츠좀 내주세요,3,부정
[진짬뽕],1,2024-07-21 23:12:50,망겜,2,부정
김범,5,2024-07-20 10:21:37,진짜 개쩔어요,0,긍정
박규빈,5,2024-07-20 07:40:16,블루아카이브 사랑해요,0,긍정
제현수,5,2024-07-19 15:46:30,블루아카이브를 처음 출시 했을때 부터 즐겼는대 아직도 재미있다,0,긍정
Taehwan Kim (キム・テファン),5,2024-07-18 15:17:25,"월정액, 선택권만 구매하는 무소과금 유저입니다. 최근 토먼트 클리어하고 플레달았습니다. 청휘석 기본 수급률이 높아서 무과금으로도 충분히 즐길 수 있는 게임입니다.",1,긍정
zerus,5,2024-07-17 21:07:07,한번 빠지면 나오기 힘든게임 학생마다 다양한 개성과 성격들을 맛보고 느낄수있고 스토리에서 놀라고 웃고 울게 만드는 게임 정말 재밌게 하고있습니다. 감사합니다!,1,긍정
퓨어,1,2024-07-17 17:37:58,게임 내부적으로 재투자가 없음,2,부정
Qyd zb,5,2024-07-17 02:42:07,용하형은 신이다,0,긍정
Py K,1,2024-07-17 01:46:58,대먀리 뱡신 큐라레 정박아 오토겜에 위치가믹 쳐넣는게 제장신이냐,3,부정
Skyblue,5,2024-07-16 03:27:30,꿀잼 ~~,1,긍정
Lm ol,1,2024-07-15 04:52:04,음.. 초보가 하기엔 그렇게 좋은편은 아닌 것 같음,2,부정
최재성,5,2024-07-15 00:46:05,디지털 화분,0,긍정
동구,1,2024-07-14 14:33:36,예전에 했던 계정찾으려는데 뭔놈의 로그인 할때마다 신규여서 로그인할때마다 5분씩 기다려야 로그아웃 할 수 있는게 참 그지같네여 안하렵니다,1,부정
Lubeion (Lubeion),3,2024-07-09 20:09:46,업데이트 진짜 개선좀 시작 누르고 업데이트 확인하고 파일 다운받고 팝업뜬거 닫고 시작 누르고 업데이트 확인하고 파일 다운받고 시작 누르면 게임이 켜진다. 블아 말고 이렇게 번거로운 폰겜 없음.,1,중립
정진우,5,2024-07-09 02:53:27,고즈 대결전은 정말 재밌습니다,0,긍정
권형준,5,2024-07-04 11:09:34,절대 엘리그마를 힘부로 쓰지마,1,긍정
Rookii P,1,2024-07-02 12:34:54,이제 여자들도 군대 보내도 되겠는걸~,2,부정
영올,5,2024-07-01 16:16:30,이거 한정케 엘리프 1년 존버해서 120개 모았는데 솔찍히 바꿀수 있게 해주셔야 하는거 아닌가요ㅠㅠ 솔찍히 1년이면 오래 참았는데 겜다 좋은데 이건 에바 아닌가요? 이거 솔찍히 패치좀.. 1년이 아까워요ㅠㅠ 겜이 재미는 있어 별5점은 그대로 드리는데 1년동안 기다린 보상은 솔찍히 해줬으면 좋겠어요,0,긍정
이민기,5,2024-06-29 04:13:34,유즈 넘 귀여웡,2,긍정
몰라용,5,2024-06-28 05:42:25,용하형사랑해용하형사랑해용하형사랑해용하형사랑해용하형사랑해용하형사랑해용하형사랑해용하형사랑해용하형사랑해용하형사랑해용하형사랑해용하형사랑해용하형사랑해용하형사랑해용하형사랑해용하형사랑해용하형사랑해용하형사랑해용하형사랑해용하형사랑해용하형사랑해용하형사랑해용하형사랑해,0,긍정
강한,3,2024-06-27 04:27:37,리소스 다운로드 너무커요,1,중립
For Mother Soviet,5,2024-06-26 19:06:10,호시노 최고입니다,1,긍정
묘훈,5,2024-06-25 22:35:23,재밌어요,0,긍정
박재혁,5,2024-06-25 18:47:41,아.. 무과금러인데 다른 거 뽑는데 120번했는데도 뜬게 없고 다음엔 아코 이벤트가 뜨는구나..,0,긍정
지환,1,2024-06-25 18:02:04,세이아 출시좀...제발,13,부정
taehyeon park,5,2024-06-25 16:53:16,가진대로 분수껏 즐기년 할만합니다 뽑을 거 다 뽑아도 키우는데 한 세월이니 오픈땝 터 한 사람이.아니면 조바심 갖지 말고 천천히 즐기시길 추천합니다 어차피 캐릭터 구경하고 스토리 음미하는 게임입니드,4,긍정
녹차맛커피콩,1,2024-06-25 13:40:27,픽뚫 때문에 접는다. 뭔 픽업할때 마다. 천장치니 하고싶은 마음이 안든다.,8,부정
주현오,5,2024-06-25 13:22:22,서브게임으로 하기 좋음 일퀘 머리 안아픔 스토리 좋음 총력전 전술대회 머리아픔 걍 플레에 목메달지 않는게 좋음,0,긍정
김민서,5,2024-06-25 13:05:58,진짜 게임은 잘 만들었음.. 스토리도 질리는게 없고 하나하나 다 신경써서 만들는거 같아서 업데이트 할때마다 항상 기대됨.. 앞으로도 계속 이런 재미있는 스토리 만들어줬으면,0,긍정
아기백묘 (카노),5,2024-06-25 11:41:43,갓-겜이지만 픽뚫 좀 그만해... ;-;,0,긍정
김영진,5,2024-06-25 11:40:35,갓겜!,1,긍정
돌맹이,1,2024-06-25 11:17:42,왜일까,1,부정
눈_눈ᅮᄂ,5,2024-06-25 09:15:25,잼남,1,긍정
오예준,5,2024-06-25 09:00:44,캐릭터 이쁘고 게임도 괜찮네요,1,긍정
Yuseol,3,2024-06-25 06:04:22,다좋은데 게임성좀 어떻게 해봐요,0,중립
spdlaem 46,5,2024-06-25 05:26:56,청춘 그 자체,1,긍정
큐리린,5,2024-06-25 05:02:04,블루아카이브 너무 재밌고 캐릭터에 귀여움이 많아서 애정으로 키우는중입니다.ㅎㅎ 그중에서 1명은 미유입니다.딱히이유는 너무 귀여워서입니다.항상블루아카이브 화이팅!!!,1,긍정
서재호,5,2024-06-25 03:48:01,잘 하고 있었는데 어느날부터 네트워크 시간이 초과되었다면서 다음 화면으로 안 넘어가네요,0,긍정
P.,1,2024-06-24 20:01:41,돈 안 쳐바르면 스토리 밀기도 힘든 게임,6,부정
칠리토마토,1,2024-06-24 16:44:49,대결전 삭제해,4,부정
게임하는 뭐왜뭐,5,2024-06-23 09:03:14,"거... 리세마라 하기 힘들다고 별점 낮게 주는사람들이 많던데.... 애초에 리세마라가 게임의 대전제가 되어야 생각하는거부터가 이상함. 그리고 블루아카이브 리세는 그리 나쁜 편이 아닌것이, 우마무스메나 (구)니케처럼 리세를 반쯤 막아놓는것도 아니고, 튜토리얼 스킵이 없지만 블아는 튜토리얼 자체가 다른 겜보다 짧아서 실상 거기서 거기임. 심지어 리세에서 원하는 캐가 너무 안뜬다고 별점 낮게주는거도 봤는데 이건 뭐... 단순 땡깡이지. 그리고 게임 난이도가 매운 편이긴 한데, 그건 이런 감상&수집형 분제겜을 몇시간씩 부어서 순식간에 밀고싶은 사람들이나 리세가 필수란거지 각종 커뮤니티나 가이드에서 리세 안하면 겜 못할것처럼 협박하는거랑 달리 전혀 리세가 필수 아님. 천천히 스테이지 밀고. 막히면 레밸 올리고 육성하고 돌 모으고. 다시 밀고. 최종 컨텐츠라고도 할 수 있는 총력전도 무난한 얘들도 무난히 키워도 골드까지는 무난히 가고, 최고등급인 플레 보상이랑 골드 보상 차이도 얼마 안남.",3,긍정
잉여물,1,2024-06-23 02:28:21,리세 진짜 그지같네 리세 불편한 가챠겜은 평가할 가치가 없다,6,부정
피캐터,1,2024-06-22 21:36:13,스토어에 로그인해주세요만 뜨고 구입이 안돼요ㅠ 구입했던것도 안받아지는거같아요ㅠ 네이버로 로그인해서 그런가ㅠ,2,부정
강호영,5,2024-06-22 14:17:31,스토리 업데이트좀 빨리해주세요 그거빼곤 다 최고,0,긍정
김완중,2,2024-06-20 10:42:24,청휘석 뽑기가않됩니다 버그인가요?,2,부정
야호,1,2024-06-20 01:20:49,곽정우,1,부정
2 K,1,2024-06-19 06:51:04,ㅋㅋㅋㅋㅋㅋㅋㅋ너무 재밌어요^^ 근데 사회 진출을 에바잖습니까 겜도 별로고 하기 귀찮게 만들고 .그냥 하기 싫어요 ㅈㅁㄱ,3,부정
Leigh연태주파,5,2024-06-19 04:59:35,연태주파우리의미래,0,긍정
코렙,1,2024-06-18 01:19:21,스페셜캐는 왜 들어올리기가 없죠 돈은 똑같이 받는데,4,부정
최민식,3,2024-06-15 19:25:32,카폐ap 차면 알람이 나오지 않아요 알림은 켜져 있는데,1,중립
코모조,5,2024-06-15 12:36:55,캐릭터가 맛있고 게임이 친절해요.,3,긍정
이성호,5,2024-06-14 07:17:56,잼,0,긍정
윤종혁,5,2024-06-13 05:23:33,카페 알람이 안와요...,8,긍정
류강민,1,2024-06-12 10:45:15,3퍼센트 잘 나올거같죠? 하나도 제대로 안나옵니다 그냥 하지마세요,4,부정
뿔독수리석준,5,2024-06-11 08:15:10,"스토리, 캐릭터 모든것이 다 하나하나 매력적이라 빠져들어 버렸소! 엔타로 블루아카이브!",3,긍정
이우진,5,2024-06-09 18:19:52,맛있다,0,긍정
송찬민,5,2024-06-09 09:16:15,진짜 재밌습니다 제 인생의 탑3에 들 게임중 하나입니다 그리고 제 최애가 히비키인데요 제발 한번이라도 좋으니 엔지니어부 한번만 수영복출시좀 해주세요 🙏,2,긍정
lineup,1,2024-06-06 08:37:38,내가 볼 땐 게임도 한 물 간 것 같다. 망했다. 컨텐츠없고,3,부정
朝倉るる,1,2024-06-06 07:54:58,"똑같은 행동을 해도 결과가 판이하게 달라짐. 그러다 보니 똑같은 행동을 해도 어떨 때는 클리어가 되고 어떨 때는 먼저 캐릭터가 폭사해서 죽거나 딜이 부족해서 클리어가 되지 않음 심지어 상태이상을 거는 것은 그 자체로 확률이기 때문에 초고점의 플레이를 위해서는 무한 재시도를 하며 똑같은 행동을 반복하는 정신나간 짓을 해야 함. 전반적으로 운빨이 모든 걸 좌우하므로 게임에 조작감이 전혀 느껴지지 않음. 이 리뷰를 보고 있는 이들에게 충고 하나 하자면 지금 당장 게임 삭제해라. 그 악명높은 메이플보다 못한 게임이다. 메이플이나 블루 아카이브나 똑같은 행동 반복하는 정박아 짓은 똑같은데 메이플 재획비는 쌀먹해서 돈이라도 번다. 내가 개발진들한테 묻고 싶다. 개발진은 챌린지, 총력전, 대결전 등의 테스트를 어떻게 하는 거냐? 블루 아카이브 유튜브 채널 활발하던데 개발진들이 총력전을 직접 플레이해보는 영상은 없더라? 아마 개발진들은 총력전에서의 유저들의 정박아 짓을 보면서 비웃고 있지 않을까?",20,부정
김경성,5,2024-06-05 02:45:18,넥슨게임이라고는 믿기지 않는 개쩌는 스토리 귀여운 학생들,3,긍정
김도웅우웅,5,2024-06-04 12:19:51,캐릭터들이 많고 귀여운데 쓰임이 없는 애들도 그만큼 많음 아쉬움,2,긍정
Cus,1,2024-06-02 22:05:36,최악 양산형보다 노잼 돈슨,3,부정
이상민 (진심모드),5,2024-06-02 03:18:10,가씀 심심하면 소설 보듯이 하는 게임.. 컨텐츠가 좀 없긴 해도...,1,긍정
effect Medici,1,2024-05-29 20:21:15,스토리는 좋은데 노잼,7,부정
태수강,5,2024-05-29 14:09:58,이쁨,0,긍정
김민서,5,2024-05-29 14:04:55,♡,0,긍정
철이,5,2024-05-29 02:13:33,무엇보다도 저는 블루아키이브 특유의 그림체가 마음에 들어서 시작했습니다. 로딩화면에서 나오는 밝고 통통튀는 브금도 너무 맘에 들었고 기대감이 되게 커졌었는데 역시나 스토리는 너무 완벽했고 한가지 아쉬운점은 풀보이스 였다면 어땟을꺼하는 욕심이 드네요..ㅜㅜ 중간중간 캐릭터 메모리얼은 살아움직이는 듯한 감동을 주었습니다. 블루아카이브 최고!! 애니메이션도 잘 보고 있습니다~,161,긍정
이현준 (이시노),5,2024-05-28 23:17:50,진짜 이게임을 접을수가 없네요^~^ 매일매일 들어가서 하는데 와...한1년반쯤을 하고있는데 질리지도 안고 게속 새로운것들이 나오니꺼 재밌네요 ~ 으헤~,1,긍정
그냥행인,5,2024-05-28 13:40:06,캐릭터 스토리 뭐하나 빠지지않고 좋은 게임입니다,2,긍정
로블파이터,5,2024-05-28 13:32:44,정답이다! 블루 아카이브 내모든걸가져가라!,1,긍정
블루사이다,5,2024-05-28 11:24:32,청휘석주세요,0,긍정
최병일,5,2024-05-28 11:04:32,굿게임,1,긍정
아홉번째_뿔,5,2024-05-28 10:38:44,몰?루,0,긍정
"カン·コ,KangKo",5,2024-05-28 09:40:35,굿,0,긍정
티마르포포카,4,2024-05-28 09:30:07,지금은 잘하고 있습니다.,32,긍정
햄수야,5,2024-05-28 08:47:53,수나코 다시 뽑게해줘,0,긍정
Sayori,5,2024-05-28 07:58:29,오픈때부터 시작한 사람입니다. 지금까지 재미있게 플레이를 하고있지만 최근에 스토리를 접하고 나선 더욱 블루 아카이브에 빠지게 되었네요ㅋㅋㅋㅋ 2.5주년때는 센세 레벨이 59라 티켓 구매를 못했지만 3주년때는 꼭 갈려고 합니다.,1,긍정
마기칼,5,2024-05-28 07:05:05,하다보니 재밌음 캐릭터들도 매력있음,1,긍정
Shiro,5,2024-05-28 06:49:00,우리들의 청춘의 이야기를! bluearchive,1,긍정
으루룽,5,2024-05-28 03:41:44,게임인가? 싶을 정도의 스토리 구성이 장난이 아님,2,긍정
도도,5,2024-05-28 03:26:00,나 믿을거야 대용하 믿을거야...,0,긍정
퐈이야!!!!!!,5,2024-05-26 02:25:05,용하형 사랑해,0,긍정
J M,1,2024-05-26 01:00:49,호드ㅗ,1,부정
Hojung Bae,2,2024-05-24 09:10:20,게임이 재밌다는 생각이 들어 열심히 하다가 레벨 40정도되니 스토리도 막히고 천장도 한 번 치고 나니 레벨도 안오르고 뽑기재화도 없고 쓸만한 학생이 전혀 없어서 대결전 같은 로테이션이나 일반적인 이벤트 들은 온전히 즐길 수 없을 만큼 너무 약해서 할맛이 안나네요 솔직히 캐릭터들 보는 맛으로 하는게 전혀 아니고 온전히 성장이나 전투가 입맛에 맞아서 하는건데 성장이 멈추다시피 하는 와중에 약해빠진 학생들밖에 없으니 전투도 재미가 없습니다 시작할 때 리세마라라는 개념조차도 몰라서 그냥 진행 해버려서 저티어 학생밖에 없는데 또 그냥 막 뽑으면 되는 구조가 아니니 신중히 재화 모아서 한 번에 뽑아야 하는 와중에도 고티어 학생이 나올 보장이 전혀없고 픽업에는 쓸만한 학생은 있지만 그 학생 뽑는다고 스토리나 이벤트를 원활하게 할 수 있는 레벨이 안되니 또 다시 원점으로 돌아가는 구조가 뉴비에게 너무 높은 장벽으로 밖에 보이지가 않네요 아주 아주 천천히 성장 시키느니 차라리 않하는게 나아보여요,4,부정
웃어요,5,2024-05-24 06:54:10,갓겜,2,긍정
jw,5,2024-05-24 06:09:32,스토리만 봐도 시간가는줄 모르겠음,1,긍정
김명섭,5,2024-05-23 07:17:37,최고의 게임 블루아카이브,1,긍정
KOR_ Leopard 2,5,2024-05-23 05:06:31,처음에는 4개 했지만 지금은 5개로 했습니다. 벌써 2년 했지만 아직도 추억도 남아도네요.,13,긍정
kitak ti,4,2024-05-23 04:37:41,블아 pc버전이 필요하다.,0,긍정
임해빈,5,2024-05-22 11:09:40,잘만들었네염 근데 19금인데 학생들이 대부분할수있다는게 좀 거시기하긴하네여.. 이게 19금이래서 놀랍긴하네여 짜피 나이없는애들이 다 하겠져 쩝;,0,긍정
Jameson Kim,5,2024-05-21 06:28:51,즐겁다,2,긍정
동사원형,5,2024-05-20 15:36:04,빵ㅋㅋ,0,긍정
쑤앵민,1,2024-05-19 17:51:23,설치했다 바로 지움,3,부정
ᄌᄉ,3,2024-05-18 10:49:32,페도겜에 갇힌 우리딸램이 불쌍하다 야발,1,중립
Gitae Kim,5,2024-05-18 07:48:26,김용하를 대통령으로!,0,긍정
Pang,4,2024-05-17 23:26:31,이 게임은 게임내 컨텐츠나 게임성을 보기 보단 캐릭터와 그 캐릭터의 서사를 보는게 메인인 게임이다.(순한맛 페그오) 게임만 즐기려면 즐길순 있는데 사실상 할만한게 가챠랑 경쟁 요소가 포함된 타임어택 컨텐츠 및 이벤트 노가다뿐이라 게임성이 없는건 아니지만 솔직히 거기서 재미를 찾을만한 요소가 많이 없다고 봐도 무방하다. 그러므로 스토리 풀스킵을 메인으로 하고 게임만 즐기려는 유저들에겐 잘 맞지 않을지도 모른다. 그나마 다행히도 뉴비 기준에선 얻을 수 있는 뽑기 재화가 넘쳐나기에 넥슨 유통 게임임에도 선택과 집중을 잘한다면 무과금으로도 성능캐를 거의 전부 뽑아갈 수 있다는게 장점인듯하다,49,긍정
ᄋᄋ,1,2024-05-16 04:31:55,재밋다고 강추하는 블기견 때문에 1점줌.. 재밋으려고 하는 게임 아님,5,부정
다이노막막,1,2024-05-15 00:58:12,역시 넥슨이네요ㅋㅋㅋㅋㅋ 갓겜 게임도 넥슨 한테 넘어가면 망겜 된다죠??,5,부정
쥰니부계,4,2024-05-14 09:04:42,제발 메인화면에 로그아웃 기능좀 만들어주세요 폰 바꾸고 실수로 딴 sns계정 눌렀다가 강제로 새계정 만들고 튜토리얼까지 깨야되서 너무 끔찍합니다. 참고로 게임은 재밌어요,0,긍정
현재정,5,2024-05-14 06:03:11,2024년 5월 12일 후기 벌써 접은지 1년..하지만 재밌었습니다 나기사가 20만원을 빼먹지만 않았다면..,0,긍정
꿀빠는뿌우,5,2024-05-14 00:11:43,잼잼,1,긍정
어현즨,5,2024-05-12 13:27:23,수영복 아루 줘,0,긍정
이유수,5,2024-05-11 14:02:48,그냥 이건 갓겜임,1,긍정
성이름,5,2024-05-10 01:41:43,"하도 유명하길래 한번 해보고 솔직한 리뷰 남길게요. 1. 캐릭터 일러스트는 늘 보던 느낌이라 큰 감흥 없었는데 SD 캐릭터들 모션이 너무 귀여움. 성우도 알맞게 잘 쓴 느낌이라 이질감 없어 좋음. 2.메인스토리, 캐릭터스토리, 학원스토리, 외전 등 많은 스토리들이 캐릭터를 알려주고 세계관을 재밌게 풀어줌. 메인스토리가 정말 재밌으니 3장까지는 꼭 보는 것을 추천함! 3. 뽑기를 할 수 있는 유료 재화를 정말 많은 곳에서 풀고 소위 '알레프작' 으로 스테이지만 꾸준히 돌아줘도 무료로 먹을 수 있는게 정말 좋음. 월정액,하프월정액,피로도 패키지 합쳐서 월 2만원정도만 써도 정말 편하고 재밌게 성장할 수 있음! 1. 하나하나는 단순한데 모든 상성에서 이득보려고하면 적상성, 지형, 캐릭터별 특징이 겹쳐서 진입장벽이 높음. 나도 처음 했을때 파티 짜기가 어려웠음. 글자 수가 모자라서 단점을 더 못쓰는데 재밌는 게임이고 인기가 많은데에는 이유가 있는 게임이였음 강추!",187,긍정
김현호,5,2024-05-09 15:40:05,몰?루,0,긍정
심대섭,5,2024-05-09 15:18:33,리뷰 왜 자꾸 지워지는거냐고~ 도대체 유저 개돼지로 보는거 넘 꼬운걸 어캐하냐고요~,4,긍정
김폭살,5,2024-05-08 19:37:12,이게 K-비쥬얼노벨이다 게임 아님,1,긍정
장정민,2,2024-05-08 06:56:15,긴급점검 끝나고 접속해서 캐릭터 뽑으면서 20분 좀 지나고 콜라보 들어갔는데 점검이라고 하며 튕기네요. 몇번 다시 접속해도 같은 결과네요. 사람 6시간이나 기다리게 하고 이게 말이 됩니까!! 똑바로 좀 해주세요.,3,부정
Flora lūnapruína (lūnapruínaFlora),5,2024-05-07 03:24:58,very good,1,긍정
김정원,5,2024-05-06 07:41:13,역시 블루 아카이브는 낭만!,2,긍정
SungHyun Park (ホシカゲアキラ),2,2024-05-05 16:39:47,게임 들어가기전에 계정전환 할수있게좀 만들어주세요... 다른계정 선택할때마다 튜토리얼 다시들어가서 데이터 다 지우고 다시받는거 엉청 귀찮음...,4,부정
MIraI,5,2024-05-05 16:20:46,용하형!,0,긍정
정승민,5,2024-05-02 23:07:03,굿겜,1,긍정
Lin Da,5,2024-05-01 17:40:13,콜라보 미추었냐고 진짜 최곱니다. 어릴적에 재밌게 봤던 작품을 지금 좋아하는게임에서 콜라보라니,2,긍정
ori Kurodate,5,2024-05-01 15:37:46,내가 해본 겜중 제일 청춘이다,2,긍정
짬뽕국물,3,2024-05-01 10:43:57,업데이트 속도가 느리네요 그것 빼고는 갓겜,0,중립
우금휘,1,2024-05-01 10:24:35,분명 3만원을 충전하고 왔는데 블아에서는 0원이라고 뜨네요..;; 다른 앱에는 문제 없던데 왜 여기만 이러죠??,2,부정
최주원,1,2024-05-01 09:51:54,다운 받지말고 다른 비슷 한겜 하세요 최악의 뽑기시스템 광고보고 재미있게시작하는데 최악의 뽑기 퍼주는척하면서 고객 호구로 아는 블루아카이브 최악중 최악임 다운안받는게추천합니다,10,부정
이웃집올빼미,1,2024-05-01 06:27:03,이게 할만큼 한듯 연속으로 캐릭터 안나오니 할맛도 안남,7,부정
무궁화호,5,2024-05-01 06:00:23,크윽 질량이,0,긍정
ng y,5,2024-05-01 00:11:32,쿵쾅박멸 응원합니다,1,긍정
Google 사용자,1,2024-04-30 22:29:00,"체감확률 낮은 겜,비틱한 적이 한번도 없음 혹여 도박을 좋아하는 사람에게 추천",2,부정
1235,5,2024-04-30 20:21:46,이 게임을 알기 전의 제 인생은 완벽하지 않았어요.,2,긍정
롭롭롭,5,2024-04-30 15:48:58,음.... 어우... 전반적으로 생각보다 더 심하게 분위기가 몽글몽글하고 오글거리네요... 게임 자체 구성은 좋습니다. 그런데 전투도중 가끔 캐릭터들이 엄폐물 밖으로 나가서 데미지를 받는다던지 그런 이해 안되는 행동을 하는 경우가 있어요.,0,긍정
나기사,5,2024-04-30 15:45:38,"2024년 1월경 저녁 저는 잘시간에 정말 갑자기 씹덕게임이 하고싶다는 생각이 들었습니다 여러 후보가 있었는데 가장 잘 알려진거 같았던 ""블루아카이브"" 를 시작하게 되었죠..... 그냥 구경만 하려했지만... 중독되어 매일 접속하게 되네요 ㅎ",2,긍정
개리롤로,5,2024-04-30 15:00:01,최고야 ! 꼭 열심히 해봐,0,긍정
유명환,5,2024-04-30 14:49:11,내 인생 갓-겜 . . 2024 4.30 11:48 Pm 추가 긴급 점검..언제 끝나요...?🥲🥲,1,긍정
simba kim,1,2024-04-30 14:41:37,콜라보 1일차 동접 0명의 기적의 망겜... 문좀 열자 제발...,2,부정
하아,5,2024-04-30 14:34:12,진짜 애들이 하나하나 매력있고 잘 만들어졌는지 보여주는 게임인듯....도저히 애정캐를 못고르겠어서 다 키우는건 처음인거 같네 ㅋㅋㅋㅋ,1,긍정
심준형,5,2024-04-30 14:16:06,그냥 최고라고 밖에.,1,긍정
웅나,5,2024-04-30 14:12:57,점검을 하루에 몇번을함???? 그런식으로 할꺼면 콜라보 이벤트고 자시고간에 그냥 다 때려치셈 여태 현질한거 다 페이벡 시켜주던지,1,긍정
김용래,5,2024-04-30 14:09:44,코하루 개귀여움 ㄹㅇ,0,긍정
신정우,5,2024-04-30 13:56:56,점검 언제 끝나요? 이것도 오류인가?...끝났다더니 아직도 점검중...나만 그런가,1,긍정
Malkuth,5,2024-04-30 13:55:22,내 최애 게임이랑 최애 애니의 콜라보라니 이럴수가!,1,긍정
안준영,1,2024-04-30 13:49:01,서버점검시간 약속도 안지키고 11시간+@로 점검하는거면 진짜 머하자는겁니까... 오후10시에 용량4기가나 더쳐먹으며 들어가려고 하니 또 서버 점검이라니 진짜 서버운영진 일하는거 맞나요? 별점 1점도 아깝습니다,4,부정
너는전설이다,5,2024-04-30 13:47:31,에 나 뉴비 굿즈 팔이 더 해조 용하형,0,긍정
우행행행,5,2024-04-30 13:20:54,금일 점검 후 보상 모두받기를 누른 후 안받아진 청휘석이 있길래 직접 하나하나 눌러서 받았습니다. 근데 블아 단톡방 인원들이 모두받기 하고 남은 청휘석 누르면 정지먹는다고 하던데 진짜인가요? 저는 별 생각없이 모두받기로 안받아지는 보상이다 싶어 눌렀는데 정지라면 너무 충격적인데요.. 상경하고 우울감 심하게 왔을때 버티게 해준게 블아인데 이제 못한다면 좀 힘들거 같네요..,0,긍정
박영준,5,2024-04-30 13:12:52,woohyo☆,0,긍정
민ღ,5,2024-04-30 12:47:10,재밌어요,0,긍정
tnsrhek,1,2024-04-30 12:20:53,업뎃 개같이 못하네 진짜로,1,부정
jungil yang,5,2024-04-30 11:44:19,살면서 이렇게 감동적인 게임을 본적이 없는것같은데.. 너무 재밌어요 학생들을 모으는 재미도있고 최종장에서 울었습니다 김용하 화이팅!,3,긍정
물댕댕이,5,2024-04-30 11:43:57,ㅠㅠ 날울려버린 최초의게이무...스토리팀 빨리일해 ㅠㅠㅠㅠㅠ,2,긍정
XXX XXX,5,2024-04-30 11:36:03,대 용 하,2,긍정
오즈키,5,2024-04-30 11:15:46,여태까지 많은 게임을 접했지만 스토리 게임성 성우 캐릭터 무엇하나 빠짐없이 매력이 넘쳐서 너무 좋습니다,2,긍정
노상강도은선생,5,2024-04-30 09:59:53,만렙을 찍고 컨텐츠를 다 했는데도 계속 찾게 됩니다. 새우깡같은 맛이 있어요.,2,긍정
김곱창,5,2024-04-30 09:45:58,우헤헤 정공 크리리트 재밌당,0,긍정
박민호,5,2024-04-30 09:30:07,최고에요,4,긍정
승처니 (승처니),5,2024-04-30 09:10:28,서버 문 열어라 대머리!!!,0,긍정
종이학,5,2024-04-30 09:03:52,지금은 잘 하고있습니다!,2,긍정
양미선,5,2024-04-30 08:57:10,재미있는 게임이다.,0,긍정
lllilill lli,5,2024-04-30 08:54:45,그저 갓겜 인정합니당 ٩(ˊᗜˋ*)و,0,긍정
카트 더 헌터,5,2024-04-30 08:26:58,"넥슨의 유일한 빛, 이 게임덕에 넥슨 안 떠났다.",2,긍정
이타치는살아있다,3,2024-04-30 08:01:07,하스미라는 캐릭터와 히나타라는 캐릭터의 화질을 최상으로 해도 저화질 입니다 문제 해결해 주세요.,0,중립
405 madydog,5,2024-04-30 07:40:00,윤수가이게임을좋아합니다,0,긍정
종영이,5,2024-04-30 07:11:53,오빠가 갈게 식봉아....,0,긍정
킴우럭,5,2024-04-30 06:34:11,밝고 건전한 게임,1,긍정
CV S (정세현),5,2024-04-30 05:16:06,매우 갓.,0,긍정
이민용,5,2024-04-30 04:42:00,"스토리와 분위기는 이 게임의 큰 장점입니다 일러스트레이터를 정말 잘 뽑았습니다 작품의 분위기에 맞는 배경음악을 알맞게 사용했습니다 3D 모델링에서 세세한 디테일이 굉장합니다 반면에 게임으로서 추천을 하기에는 고민이 됩니다 게임 플레이가 재미 없기 때문입니다 이 게임의 모든 전투요소는 캐릭터들의 움직임을 관찰하기 위한 수단일 뿐이였습니다 게임으로서 재미를 느낄려면 적어도 총력전이라는 콘텐츠의 인세인 난이도부터 느낄 수 있습니다 하지만 그 난이도를 도전하기 위한 노동이 매우 수고로우며 동시에 지루합니다 결국 일반 유저들은 이 게임에서 게임으로서 즐길 컨텐츠는 없습니다 게임성은 아무래도 상관 없다! 이쁜 캐릭터들을 보고 싶고 유니크한 스토리와 분위기를 느끼고 싶으며, 확률로 승패 운명이 정해지는 게임을 하고 싶다! 하시면 블루아카이브를 적극 추천합니다.",6,긍정
그만좀만들라고해라,5,2024-04-30 04:39:38,여기 스토리가 진짜 좋음 캐릭터별 스토리나 성격도 그렇고 다른 게임에선 이렇게 낭만 안 챙겨줌..,0,긍정
최영빈,5,2024-04-30 04:32:18,너무 재밌습니다,1,긍정
김레창,5,2024-04-30 04:09:39,씹덕겜을 대체 왜하는건가 싶을정도로 혐오감을 갖고 있었는데 천장도 안높고 재화도 잘뿌리고 게임 자체도 나쁘지 않아서 몇달째 재밌게 하는중입니다. 이대로만 잘 해줬으면 좋겠네요,2,긍정
김대원,5,2024-04-28 14:53:28,내가 게임을 하면서 스토리를 열심히 보게될 줄이야,2,긍정
바나나,5,2024-04-27 07:44:33,도경이한테 추천했더니 용하형을 찬양하더라.. 젠장 이렇게 보니 T1에서 져도 준우승인 대상혁이 대단하다고 느껴진다...,0,긍정
크로노스,5,2024-04-26 17:52:37,엄청 재밌어요,2,긍정
신주원,4,2024-04-26 13:29:00,게임에서 캐릭터랑 스토리 모든건 다 재밌는데 가챠가 확률이 안좋네요..... 요즘에 많이 우울해서 블아로 우울 없애는데 가챠만 하면 우울함이 더 늘어나더라고요...... 가챠 3성 나오는 확률 좀만 올려주시면 안돼나요?,1,긍정
UWB,5,2024-04-26 05:15:23,빡빡아 돌 좀 뿌려,0,긍정
빠나넥슨,5,2024-04-26 02:51:51,제 가챠를 천장 치게한 똥아로나를 15년후에 죽여주세요,4,긍정
미니TV구독,5,2024-04-25 00:54:41,응. 은행털자,1,긍정
inu lvl,5,2024-04-24 10:03:03,우리 1년 더 한다.,0,긍정
サメ,5,2024-04-21 11:13:18,블루 아카아브 유저입니다. 처음에 프롤로그 나오는데 너무 설레이더라고요. 제가 이 게임을 접하게 된게 이 프롤로그 때문에 프롤로그에 사용된 사운드트랙도 마음에 들었어요. 게임 만들어주신 넥슨 멤버분들께 감사드립니다.,0,긍정
개태원,5,2024-04-19 13:55:04,센세!,0,긍정
혀니,4,2024-04-18 17:07:33,튕김만 없음 할만함,0,긍정
묵밥이,5,2024-04-18 11:07:43,스토리좋음,0,긍정
이용수,5,2024-04-17 08:09:36,해응,0,긍정
Xwxynh1,5,2024-04-17 06:00:12,그저 GOAT,0,긍정
권도엽 (ReveLovy),5,2024-04-16 14:31:50,아로나 파란봉투 그만좀 줘...,0,긍정
임승원,5,2024-04-16 11:32:00,블루 아카이브 켜면 나오는 메인화면이 있는데 제가 최종장 깨면 나오는 메인화면하고 음악이 괜찮았는데 바껴서 아쉬웠거든요 그래서 메인화면을 선택해서 볼수있게 해주시면 좋겠습니다.,0,긍정
레몬나르고,1,2024-04-16 01:55:03,19200 청휘석 써서 3성캐릭터 2개 나오고 그거 마저도 픽업 캐릭터도 아니고 이제 현타와서 못하겠네요 블루아카이브도 메이플처럼 확률 조작이 아닌지 의심 됩니다,3,부정
헤윰마루,5,2024-04-15 16:03:36,"스토리 갓벽, 스토리만 보면 여태 이런 완벽한 게임 처음 봤음;; 캐릭터들도 너무 매력적이고 맘에든다. 앞으로도 이렇게만 해주길.. 그나마 바라는게 있다면 메인스토리라도 풀보이스 지원해주면 무한 감사 근데 전투가 소탕 돌리면 금방 끝나서 아쉽긴 한데... 뭐 하루종일 너무 게임으로 시간 잡아먹지 않는다고 생각한다면 개인적으로 나쁘진 않음. 전에 했던 게임은 일퀘가 너무 오래걸려서 일상생활 불가능할 정도였어서..ㅎ",17,긍정
매냐,5,2024-04-15 11:50:16,최고의 게임이에요!,0,긍정
감자(옆집),5,2024-04-15 00:25:19,인생게임임니다. 칸나이격좀 내주세요,0,긍정
나루세미오,3,2024-04-14 14:32:02,그냥 스토리만 보는 게임,1,중립
CHUNYU SONG,5,2024-04-14 03:12:24,너무잼이서요,1,긍정
GGGSSS SSD,1,2024-04-13 21:19:16,과금 확률 도박의 모든것,1,부정
Star Shooting,5,2024-04-13 15:49:26,"작화가 취향에 맞고 SD모션은 탑급, 사운드도 게임 분위기와 정말 잘어울리고 너무 무겁지 않으면서 볼륨있는 메인스토리를 가진 게임입니다. 개발자들의 열정이 유저에게 잘 전해지고 여러 콜라보레이션과 동인 행사등으로 오프라인에서도 다양한 경험을 하게 해주는 블루아카이브. 한국을 대표하는 IP로 거듭나길 바랍니다.",1,긍정
김민섭,1,2024-04-12 13:24:08,게임이 조금 지루하네요,0,부정
EM MOOGG,5,2024-04-12 05:14:42,프라나가 예뻐요,0,긍정
웅웅,1,2024-04-12 00:29:44,애니도 엉망이고 게임에 더이상 기대될 컨텐츠도 없음 ㅜ,6,부정
아삿,5,2024-04-11 15:15:05,내 폰게임인생 계속하게되는 몇안되는게임이다 스토리는 말할것없이 잘뽑혔다 캐릭터는 저마다의 개성이 잘표현됨,1,긍정
쪼리꽁,1,2024-04-11 11:51:59,노잼,4,부정
stealla Aris,5,2024-04-10 16:37:22,첫 출시부터 블루 아카이브 너를 만난 나의 인생이 180도 달라졌다.. 진짜 스토리 멜로디 하나하나가.. 감동적이다..,1,긍정
이현,5,2024-04-10 14:29:58,"플레이하는 감상 한문장: 대 용 하 디렉터님, 그리고 모든 개발자분들, 사랑합니다",0,긍정
최재현,5,2024-04-10 11:03:27,"2월 27일 신규 유저입니다.. 캐릭터와 스토리 빼면 비추천겜 맞습니다. 가챠 이렇게 사특할 줄 몰랐고 과금대비 리턴이 너무 미미하다 느꼈습니다. 별개로 굿즈퀄이 가격대비 실망스러웠고 구하기도 힘들더라구요.. 수입을 위해 꽝을 늘려놓은 듯한 불쾌감과 원하는 캐릭터는 통언뜬이란 말이 나올 정도로 극악이라 최애캐 기본을 얻는데도 과금을 해도 1달 넘게 안나온건 진짜 너무한 거 같습니다.. 전부 즐길 수 없는 컨텐츠 (생략 및 추후 참여), 한국음성 없음, 다른 나라와의 격차 등 시스템적으로 다들 아쉬워하는 이유가 다 공감되었지만 어제 스토리 클리어 했는데 이제부터가 찐이라 생각하게 되었습니다. 오프라인 행사 등 기대가 되었고 고객의 니즈는 충분히 파악하고 있지만 솔직히 아직까지는 매우 아쉽게 느껴집니다.. 그래도 더 나아질거라 믿고 5점 남깁니다.",0,긍정
혜안,1,2024-04-09 18:53:41,오늘 10만원 현질하고 해봤는데도 겜이 재미가 없어... 지금까지 5번 깔고 4번 지웠는데 이제 5번 지우고 다신 쳐다도 안볼라요,1,부정
ONE IZ (IZ ONE),5,2024-04-09 15:20:13,김용하는 신이다,0,긍정
재현박,5,2024-04-09 12:21:35,이 게임이 왜 100만 회지? 이해할 수 없을 정도로 정말 정말 잘 만든 게임인데.. 스토리부터가 그냥 완벽 그 자체,1,긍정
박하은,2,2024-04-07 19:36:58,게임이 재미가 없어요 총력전은 무한 리트에 임무는 오토 딸깍이고 ai는 멍청해서 딜러가 탱킹하고 있고 그나마 캐릭터성으로 먹고 가는 게임,2,부정
얼어붙은,5,2024-04-07 15:19:25,"4월 7일. 접속하자마자 "" Service unavailable in store (100301) "" 이라는 알림이 뜹니다. 그것도 메인화면으로 오면 계속 저게 뜹니다",0,긍정
론론,5,2024-04-06 07:21:59,다 좋은데ㅠㅠ 결제하려고 하니깐 100300에러가 자꾸만 떠요ㅠㅠㅠㅠ😭,0,긍정
エセンシア,1,2024-04-06 07:05:19,메인화면에서 계정 변경 가능하게 해주니,1,부정
jun KU,1,2024-04-06 04:12:52,뉴비 진입이 너무 힘듬,17,부정
WK K,5,2024-04-06 00:13:20,그저 갓겜! 출시하고 지금까지 인생겜이 되엇네요!!,1,긍정
우희철,3,2024-04-05 12:59:25,진짜 뽑기 힘들고 케릭별 스텟 차이 심하고 좋은거 별로 없어서 힘들고 스토리 중 갑자기 난이도 극악으로 해서 하지도 못하게 하고 현질 유도 가 심한거 같습니다.,3,중립
Jason Lee,5,2024-04-05 12:52:44,최고다 김용하,0,긍정
율무차,4,2024-04-05 12:35:19,패키지를 구매하려고 하는데 구매버튼을 누를때 마다 Eror in store(100300)이 떠요,2,긍정
거북상,5,2024-04-03 05:38:47,갓겜,1,긍정
요링이,5,2024-04-03 01:17:40,게임 실행하면 검은화면 뜨고 멈춰서 실행이 안됩니다,0,긍정
유창현,5,2024-04-02 16:18:27,너무 재밋어용 요즘 푹 빠져서 블아만 하네용,0,긍정
Lover EliZA is Dead,1,2024-04-02 10:17:14,"진짜 죡가튼 겜, 픽업이 천장아니고서는 절대 안나오네ㅡㅡ 내가 이겜 오픈때부터 했는데 더 이상 못하겠다. 돈만 빨리는거같아서 이젠 삭제할란다",1,부정
더하기,5,2024-04-02 07:19:20,너무 재미있습니다. 단점은 딱한가지 스테미나를 좀더 주면 좋겠습니다. 생각보다 스테미나를 많이 사용하게되네요,0,긍정
Chanho Lee,5,2024-03-31 15:30:16,쿠후후,0,긍정
고양이,2,2024-03-30 21:36:31,전투가 노잼이라 접음.,3,부정
mass,5,2024-03-30 19:12:40,재미있네요.,1,긍정
김기훈,5,2024-03-30 14:01:18,"메인스토리, 임무도 재밌어요! 굿굿",0,긍정
오렌G?,5,2024-03-30 13:11:46,"스토리가 재밌다! 캐릭터가 개성 있다! 노린 건지는 모르겠지만 캐릭터마다 좋아하는 것과 나사 빠진 점을 최소 하나씩은 가지고 있는게 역시 용하형인 듯 싶다. 다만 음성 녹음이 튜토리얼(프롤로그) 부분을 제외하고는 기껏해야 메모리얼, 전투 중 대사 등 밖에 없는 것이 좀 아쉬움... 메인 스토리를 봐야 하는데 캐릭터를 옆에다 띄워놓고 브금도 틀어놓고 웹소설을 본다는 느낌이 딱인 것 같음. 다만, 최근에 추가된 ""리세해라 10회 다시뽑기권"" 이 생기면서 아루, 이오리 같은 성능 좋은 딜러캐를 들고 임무를 진행하는 게 더 수월해졌다던가 초반 단계에서 청휘석 모으는게 어렵지도 않고(메인 스토리, 임무, 모모톡, 퀘스트 등에서 다 청휘석을 조금씩 챙겨줌) 아무튼 무과금인 입장에서 재밌게 하고 있음",32,긍정
신지안,5,2024-03-29 08:40:29,대 용 하,0,긍정
안주현,5,2024-03-29 07:57:13,정말재밌다,2,긍정
검정이딱따구리,5,2024-03-28 18:33:26,재밌다,0,긍정
윤지민,5,2024-03-28 16:48:39,내 인생 모바일 최고갓겜 !! 뭐든 금방질리는 성격이라 무슨게임이든 길어야 몇달정도밖에 하다 그만둿었는데 이게임은 아무리해도 질리지가않네 ㅋㅋ 학생들 퀄리티며 스토리도 아주맘에드네요 블아를 너무늦게알아버렷다는게 아쉬울따름 ㅠㅠ 모바일겜 처음으로 제대로된 리뷰써보네요 블루아카이브 화이팅입니다♡,0,긍정
foxyboi,5,2024-03-28 13:51:13,그냥 하셈,1,긍정
tV건전지,5,2024-03-27 13:02:41,블루아카이브를 막 시작한 신입유저입니다!매일 블루아카이브 때문에 살맛이 납니다.캐릭터 보는 맛도 있고ㅎㅎ 재미있습니다!,0,긍정
최호영,5,2024-03-23 13:04:04,갓겜,0,긍정
박해인,1,2024-03-23 10:09:22,게임인데 게임성이 없음,2,부정
장윤창,5,2024-03-22 15:09:14,정실은 유우카 정실은 유우카 정실은 유우카,0,긍정
서상규,5,2024-03-22 08:30:15,good,0,긍정
새우튀김,5,2024-03-21 12:08:21,"블루아카이브를 시작한지 1년정도 되어가고 있네요... 정말 재미있게 하며 애정을 가지게 된 게임이 되었습니다 ㅎㅎ 그간 게임을 하면서 느껴본 것을 끄적써봅니다. 일단 장점으로는 캐릭터 하나하나가 매력이 넘칩니다. 캐릭터의 개성이 다양하며 서로가 다른 서사를 가지고 이렇게 표현할 수 있다는 것이 대단하다고 느낍니다. 또한 스토리가 정말...와...맛도리입니다. 스토리 빌드 및 전개가 불편함이 없고, 캐릭터 각각의 가지는 감정선이나 관계를 잘 표현해냈다고 생각합니다. 이렇게 집중적으로 스토리 하나하나 본 게임은 오랜만인 것 같습니다. 단점으로는 재화의 수급과 가챠가 살짝 맵다는 점입니다. 사실 어느 게임이나 재화수급은 어렵다고 생각합니다. 그런데 타게임에 비해 블루아카가 유독 힘들다고 생각되는게 가챠는 보통 선택과 집중으로 선택해야하는데 이렇게 캐릭터를 잘 만들어서 내놓으면 재화가 안모여 ㅠㅠ 그래도 이러한 점들이 제작자가 얼마나 게임에 진심인지를 엿볼 수 있다고 생각합니다.",238,긍정
최수혁,1,2024-03-21 08:53:06,아니 청휘석 10000개를 썼는데 3성 하나안나오는거 실화임? 뽑기 첫날은 확률더 내리는거아님? 어이가 없네,3,부정
태은선,5,2024-03-20 08:02:05,갤럭시 노트 9 사용자입니다. 최근 갑작스럽게 게임에 들어가도 검은 화면만 보이고 실행이 되지 않아 재설치랑 용량정리도 해보았는데 여전히 검은화면만 보이고 있습니다. 그런데 15세용 앱은 잘 실행이 되고 있습니다. 문제를 해결해주세요.,7,긍정
정승아,5,2024-03-19 06:37:13,아주 많이 명작,0,긍정
Deathwing LT,1,2024-03-18 16:12:07,이번 갤럭시 이벤트로 정이 완전 떨어졌습니다 부디 빨리 망하길 빌게요,2,부정
Maquia,1,2024-03-18 13:43:46,두달 기다린 콜라보 꼬라지보고 그냥 접습니다 유저한테 상처만주는 이벤트는 안하는게 오히려 좋을거같네요,3,부정
Akaze S,1,2024-03-18 03:09:48,"갤24울트라 달아놓고 구성품 대다수 갤 24 울트라랑 상관도 없고, 판매는 카톡에서 되팔렘들한테 오픈하는 꼬라지 갤스에서만 기종 접속제한 했어도 되팔렘들 충분히 걸러냈을텐데 지금 중고시장 앱 보면 블아 되팔렘들로 도배되어있던데, 이게 원하시던 그림 맞죠? 판매정보라도 미리 오픈했으면 몰라, 콜라보 공지하고 2달을 쳐 기다린 뒤에 공개를 해놓으면서 꼴랑 2000개에 아무나 구매가능 진짜 역하게 하네요 폰값만 150인데 이따위로 운영? 진짜 소비자를 개 호구로 보고계시죠? 리뷰 달려면 최소점이 존재하것도 짜증납니다",4,부정
송영재,5,2024-03-18 02:20:50,학생들이 개성적이고 귀엽습니다,0,긍정
이일,1,2024-03-18 02:11:36,망겜,3,부정
水野ささやき,5,2024-03-17 14:32:58,캐릭터나 경쟁 시스템이 너무 잘되어 있고 사료도 빠짐없이 주니까 좋은 게임같고 무과금 유저도 시간만 조금 더 투자하면 충분히 따라잡을 수 있는 겜이라 만족합니다,0,긍정
김홍재,5,2024-03-16 01:34:42,지들이 못뽑은거랑 지들 폰 구린거 가지고 여기서 떼쓰면 어쩌노 꼬우면 비틱해라 천장 한번쳣다고 징징거리기는 ㅋ,3,긍정
S KV,5,2024-03-15 09:27:19,재밌는.,0,긍정
Backche블붕,5,2024-03-15 08:43:27,용하신이시여 나에게 비틱을,0,긍정
L. L.,5,2024-03-14 23:17:47,걍 인생 게임임 스토리보고 감동 받은 게임임 항상 응원하고 더 발전했음 좋겠음 개발트리아 항상 응원합니다~,0,긍정
고준영,5,2024-03-14 16:31:19,김용하는 신이고 브루아카는 무적이다,4,긍정
GTC1972,5,2024-03-14 09:29:49,우리 학생들 너무 이뻐요 많이 사랑해주세요,0,긍정
곰곰이,5,2024-03-13 17:28:28,저는 조금 아쉽습니다 (랙이 너무 많이 있습니다.),0,긍정
권도기,5,2024-03-13 04:39:48,최고의 게임,0,긍정
이한승,5,2024-03-13 04:25:21,용하신 만세,0,긍정
야옹야옹해,5,2024-03-13 01:52:06,제 인생에서 이런 갓겜은 처음입니다,1,긍정
꿇행복,5,2024-03-12 21:06:50,내가 폰게임에 돈안쓰는데 이게임은 그래도 쓰는편,1,긍정
ReneQade,5,2024-03-12 17:14:19,맨날 배틀로얄 하다가 이런 힐링겜 하니까 마음이 좋네요... 좀 일찍 시작할걸,1,긍정
blackdot,5,2024-03-12 16:13:32,우타하 코토리 시미코양 일러스트 리뉴얼좀 해다오~~~~,0,긍정
오오가미아야메,5,2024-03-12 16:01:56,"올해 설날부터 제 애인의 추천으로 인해 블루 아카이브를 시작하게 되었는데 미소노 미카라는 캐릭터가 제 최애랍니다 ㅎㅎ ^^ 사랑해요, 블루 아카이브♥",1,긍정
소라쿠운,4,2024-03-12 14:21:45,확률좀 올려줘!!,0,긍정
최현용,5,2024-03-12 14:05:37,이게 왜 청불?,0,긍정
김하진,4,2024-03-12 13:26:34,"오타쿠(?)였지만 그렇기에 더욱 재밌게 플레이 할수있었던 게임이였고 게임이 개성있는 캐릭터들과 눈물콧물 좔좔 흐를수있게해준 스토리들, 캐릭터들에 알맞는 일러스트들까지! 가챠가 망하면 지울까 1시간동안 심히 고민하게하지만 결국 계속하게되는 마성의 매력을 가진 갓겜입니다",58,긍정
양양이,5,2024-03-12 12:54:22,나는 블루아카이브의 시대에 살고있다,0,긍정
박혜민,5,2024-03-12 11:46:44,37렙에 예로니무스 20트 하니까 깨긴 깨네요. 근데 이제 뭐 함,0,긍정
관조,5,2024-03-12 11:33:13,그저 GOAT...,0,긍정
김민재,5,2024-03-12 11:10:18,내 인생,0,긍정
뇌절연구소,5,2024-03-12 10:33:31,"장점: 매우 매력있는 학생들 / 초고퀄 스토리 / 간편한 일퀘(딸깍으로 10분 안에 완료) / 게임 외부 컨텐츠 또한 즐길거리가 매우 다양함 / 제작진(개발트리아)의 적극적인 소통과 적극적 유저 의견 반영 / 맛있는 BGM 단점: 캐릭터 매력, 스토리가 전부인 게임임 / 캐릭터 매력을 활용한 컨텐츠를 내놓지 못함 / 일본서버는 외부 컨텐츠의 다양성과 퀄리티가 높지만 한국서버는 그렇지 못함 / PC 클라이언트를 내놓지 않음",6,긍정
김도형,4,2024-03-12 09:41:29,재미있는데 분재게임 특성상 약간 지루하기도 합니다 하지만 예쁜 학생들과 아름답고 재미있는 스토리로 이 게임에 장점이죠!! 예쁜 학생들과 스토리를 즐기고 싶으면 추천 합니다.,2,긍정
박지원,5,2024-03-12 09:27:43,캐릭터와 스토리가 사랑스러울 정도로 좋은 게임,1,긍정
_은님,5,2024-03-12 09:04:33,스토리 갓겜..,1,긍정
루트3점,5,2024-03-12 08:51:16,최고,1,긍정
타슬람,5,2024-03-12 07:28:13,"특정 랭킹컨텐츠에 신경 안 쓰고 스토리나 캐릭터팔이를 좋아하면 무과금도 가능 단, 이런 분들은 메인스토리 다 깨면 없벤 때 2차 창작말고는 게임을 계속 할 원동력이 없다는 게 단점이라면 단점입니다",0,긍정
이은관,5,2024-03-12 07:10:48,장점 1. 캐릭터 2. 스토리 단점 1. 할게 좀 부족함 여튼 재밌게 하고 있습니다. 히나 최고,0,긍정
조태희,5,2024-03-12 04:49:54,"넥슨겜 훔친 놈들이 블아도 평점테러 한다해서 남김, 블아 오래가자",0,긍정
P플로트,5,2024-03-12 04:33:44,학생들이 귀여워요,0,긍정
장대희,5,2024-03-12 03:42:21,업뎃하고 점검박으면 게임은 언제합니까ㅋㅋㅋ,0,긍정
퍼팅,5,2024-03-12 03:31:54,귀여워,0,긍정
최준수,5,2024-03-10 10:15:46,쌈@뽕한 게임,0,긍정
이민근,5,2024-03-09 10:42:26,와우,0,긍정
황동철,2,2024-03-09 10:14:37,스토리 잘 보다가 에덴조약 3장 도중 탁 끊어버립니다 현질 안한기준으로 최소 40정도 올리라고 하는데 이게 맞나요? 체험캐로 잘 보다가 레벨 낮은 유저캐로 스토리 진행을 막아버리면 어케하나요? 최소한 레벨 스케일링을 해야하는거 아닌가요? 메인콘텐츠가 스토리인데 스토리를 못보게하면 어떻게 하나요? 유저 레벨에 따라 캐릭터 레벨최대치도 늘어나는데 경험치는 늘어나고 얻는양은 계속 적어지는데 스토리를 보는데 일주일 이상을 써야하는게 맞나요? 스토리를 볼때는 좀 편하게 보게 해주십쇼 스테이지랑 스토리를 나눠놓은 이유가 쓸모 없잖아요 이러면,26,부정
김김준식,5,2024-03-05 06:13:50,김준식우리의미래,0,긍정
이성식,4,2024-03-04 11:23:20,그냥 할만한게임,0,긍정
Junu Joe (PanicDisorder),5,2024-03-03 03:17:41,장점 : 할거다하고 빨리 끌수있어서 좋다 단점 : 할거다하면 할게없다.,0,긍정
김지환,5,2024-03-01 12:47:43,"이 게임은 사람들의 머리를 깨뜨려왔고, 지금도 여럿 깨뜨리고 있다. 그리고 앞으로도 사람들의, 나의 머리를 깨뜨려 줄 것 이라 믿는다.",0,긍정
힐리,5,2024-02-29 17:40:44,캐릭터 디자인도 매우 좋고 개성도 정말정말 좋아서 캐릭터 하나하나에 애정이 가는 게임 특히 sd 캐릭터를 정말 잘만들어서 하기 좋은 게임이지만..... 컨텐츠가...너무..반복적이고..새로운 컨텐츠가 없는거 같아요 그리고 스토리는 정말 제가 본 스토리 중에 정말 탑 스토리라고 생각하지만 볼때마다..더빙이 없는게 진짜 너무 아쉽습니다.......ㅠㅠ,49,긍정
Seung Hyeon,5,2024-02-29 17:28:44,3년전에 리뷰를 이상하게 적어서 다시 적어봅니다. 요번년도에 다시 하고 있는데 역시 기대를 저버리지 않더군요. 최고입니다. 게이천국 남고에서 유일하게 저의 버팀목이 되어주는 게임이 될거 같습니다,0,긍정
이소명,5,2024-02-29 13:06:47,응 핵 못고쳐 ~~,0,긍정
박종민,1,2024-02-28 03:26:38,타임어택 인가요 자꾸 튕기니까 제가 하루에 15번이상은 다시 들어옥ᆢ 빨리 해야 더 깰수있으니까 스토리도 제대로 못보고있어요 진짜 성질 짜증나게 하는 게임이네요,3,부정
쨩아리엘,5,2024-02-27 08:07:01,얜 또 왜 업데이트가 안된대?,0,긍정
조준우,5,2024-02-27 03:53:47,"몇년만에 접속해서 다시 시작하려 했는데 제가 쓰던 계정이 사라졌어요...분명 그 계정이었을텐데... 혹시몰라서 페이스북, 넥슨, 구글, 네이버의 모든 계정으로 해봤지만 모두 신규 계정이라면 닉네임, 튜토리얼 모두 처음부터 다시 했습니다. 이거 제 계정 좀 어떻게 안될까요?",0,긍정
이소희,4,2024-02-26 17:30:33,직접 컨트롤하는 재미를 원하시는 플레이어분들께는 반자동 전투 기반인 블루아카는 조금 지루하게 다가올 수 있다고 생각합니다. 또한 가챠 시스템도 상당히 살벌한 편이라고 체감됩니다. 그래도 스토리가 워낙 탄탄하고 재미있어 계속 하게 되는 게임입니다. 캐릭터들이 한명한명 입체적으로 게임 속에서 살아 움직이는 느낌을 많이 받았고 그렇기 때문에 인기가 많은 것 같습니다.,39,긍정
xpfj02,4,2024-02-25 10:43:31,수집형겜중에서 가챠가 쫌 매콤한 편,0,긍정
Dew D,5,2024-02-25 01:57:17,오픈 초기땐 넥슨 게임이라고 까고 봤었는데 지금은 여러모로 기대되는 게임이 되었음,1,긍정
김민석,5,2024-02-24 09:06:11,재밌어요,1,긍정
YJ,5,2024-02-24 03:46:53,청휘석을 내주면 은행을 털지 않겠다 김용하,0,긍정
윤동혁,3,2024-02-23 16:41:02,게임 취향에 안맞아서 케릭터는 좋음,0,중립
정성우,5,2024-02-23 16:37:26,캬..이게 게임이지ㅋㅋㅋ,0,긍정
김재희,5,2024-02-23 02:17:28,씹덕들에게 이 만한 게임 없습니다.,1,긍정
쀼루퉁,1,2024-02-21 20:51:27,일베충게임,2,부정
Gs L (Osori),5,2024-02-21 16:02:41,개인적으로 정말 재미있게 하는중 근데 좀 더 해줬으면 하는거 1. 카페 꾸미기: 다른 친추 해놓은 사람 카페 놀러가는게 가능하고 좀 더 다양하게 꾸미고 크기도 좀 더 키워줬으면 좋겠음 2. 피로도가 떨어지고 나서도 간단하게 할 수 있는 컨텐츠가 있었으면 좋겠음 3. 편선창에서 스트라이커 학생들 말고도 스페셜 학생들 sd를 보고 싶고 들어보고 싶음,6,긍정
류승현,1,2024-02-21 15:22:36,이거 나온지가 언제인데 왜 아직도 게임 중간에 홈화면 나갔다 오면 바로 튕겨서 처음부터 다시 로딩하고 있는지 모르겠네요 ㅋㅋㅋㅋㅋ 로딩 시간도 너무 오래걸리고 게임 홈화면 나갔다 오면 꺼져있는 게 하기 싫게 만듦,6,부정
알아서뭐하게,3,2024-02-21 04:32:50,케릭터들은 잘 뽑았는데 게임성이 심각하게 아쉬움. 고즈 총력전을 해보면 이겜의 비루한 게임성이 가감없이 드러남. 그런 총력전을 만들기 전에 일점사나 전체이동 명령을 구현해 줬다면 훨씬 박진감있는 보스전이 됐을 텐데.. Pvp는 뭐 말할 것도 없이 왜 만들어 놨는지 모를 정도로 답도 없는 쓰레기고..참 안타까움,1,중립
fist king,5,2024-02-20 11:17:16,"제가 군인시절 있었던 일이었습니다. 당시전 20살 갓졸업 바로 군대로 갔습니다 당시 억수같이 비가쏟아지는8월이었습니다. 선임이 갑자기 야 따라오랑께 퍼뜩! 하더니 30분쯤? 걷더니 전라도 국경을넘으려고하는것이었습니다 그때 저도모르게 거긴 넘으면안되시지말입니다요! 라고 실수로 표준어를 뱉어버렸습니다 곧 어둠과폭우속 빨간눈518개가반짝이더니 절포위하고 전 아.. 여기서 죽는구나 싶었습니다 그때 번뜩이는 재치로 동무! 내래 넘지말고 뚫고가자우! 라고 북한군인척하고 전라도로 향했습니다 그때만생각하면아직도 손이떨리는군요.. 전라인민공화국의 수도 광주에 봉사활동을 갔을때 일입니다. 하필이면 황금연휴때 가게 되어 짜증이 났지만 막상 할머니, 할아버지들의 고생하신 얼굴들을 보니 눈가가 촉촉해졌습니다. 어느새 호남사람이랑은 무슨일이 있어도 말을 섞지말라던 어머니의 충고는 까마득히 잊은채 봉사활동을 했습니다. 말벗도 되어드리고 노래도 불러드리고 하던 도중 한 할아버지의 발을 씻겨드리게 되었는데요.",0,긍정
라하늘,3,2024-02-20 04:07:58,아무리 내 가챠 운이 개같다고 해도 100연차 하면 적어도 3성하나는 줄 수 있는거 아니냐 한두번도 아니고... 73렙 찍으면서까지 열심히 하면 뭐해;; 있던 정도 다 떨어진다 일섭도 이 정도까진 아니었는데 넥슨이 다 망쳐놓음 내 멘탈을 위해서라도 접어야지...,8,중립
오버시어,5,2024-02-19 17:53:13,이 게임을 고등학생 때부터 대학생까지 쭉 함께 해왔던 유저로써 블루 아카이브는 스토리나 설정 그리고 귀여운 SD 캐릭터들을 보는 것만으로도 힐링이 되었으며 특히 스토리를 보면서 감동에 눈물까지 흘리는 정도로 저의 인생겜이라고 생각합니다 앞으로 블루 아카이브가 더욱 빛이 나기를 희망합니다!!!,0,긍정
정영민,5,2024-02-19 06:49:25,굳,0,긍정
서정원 (없음),5,2024-02-19 05:44:37,이건 오래가야해...!,0,긍정
지현민,5,2024-02-18 12:49:41,맛있어 맜있구만,0,긍정
문준혁,5,2024-02-17 13:05:59,붉은겨울 연방학원 체리노 각하 만세!,0,긍정
Carlisle Yi,4,2024-02-17 09:06:35,하다보니 재미는 있는데 게임적인 재미는 좀 떨어지고 수집적인 재미가 주인 게임,1,긍정
Tony Song,1,2024-02-15 23:55:32,한국에서만 하라고 만든게임 유학생 배려없고 계정연동 안되는게 너무 아쉽습니다. 본계정에 투자 해놨는데 거품이되서 너무 화가나네요,2,부정
Tae Hyoung Park,5,2024-02-15 20:26:35,명작이 맞습니다. 돌고 돌아서 결국 답은 제가 가지고 있었습니다. 정말 별점이 아깝지 않은 게임이 맞아요...전의 테러는 취소합니다. 하하 정말 구원을받은 느낌을 현실로 승화시켜줘서 고마워 블루 아카이브!,4,긍정
신재민,5,2024-02-15 14:53:01,무조건 최고,0,긍정
여우주,5,2024-02-15 10:32:22,롤만큼 열심히 한 게임,0,긍정
제로누리,5,2024-02-15 05:34:35,"게임개발부 TSC2의 베스트 댓글을 인용하여 적겠습니다 이 게임을 블루 아카이브를 만날 수 있어서, 다행이었습니다.",2,긍정
1 1,5,2024-02-15 04:26:40,굳,0,긍정
//네오나이트,3,2024-02-15 00:45:53,"이 게임 출시되자 하는 2년차 유저인데요. 캐릭터 디자인이 플레이 스토어에서 가장 좋은거 같아요. 스토리도 평타 이상은 먹지만 아쉬운 점은 컨텐츠가 너무나 반복적이여서 질리기 쉬운 게임인거 같아요. 새로운 컨텐츠(리듬게임, 모모톡 스토리 추가 등)가 추가되면 가장 최애 게임일거 같아요",40,중립
Steve,5,2024-02-14 14:23:05,빰빠카밤!,0,긍정
알베르토,1,2024-02-14 09:39:00,너흰다시 픽업이라부르지말아라 픽업확률업이라면서 낮은애들만처나오냐??,6,부정
카릭4398,5,2024-02-13 14:44:38,내 인생 최고의 가챠겜,9,긍정
NANACHI “댕댕이”,1,2024-02-13 07:00:31,오랜만에 접속하려하니 계정이삭제당했네요 돈을 적게지른것도아닌데 참 어이없는상황인데 접속안했다고 계정을 삭제하는건 뭔경우인지 모르겠네,2,부정
UmbraledSoldier214,4,2024-02-13 06:06:54,"페스 캐 체감 확률이 더 내려간 거 같네요... 마일리지 이월이나 3성 확정 표시(200뽑 해야 확정이 아니라 50뽑하면 랜덤 3성 확정, 100뽑하면 픽업 3성 확정, 200뽑은 픽뚫되면 최종적으로 얻는다던지...)라던가를 추가하는 게 좋을 것 같습니다... 일섭이 300뽑 확정이었다가 200뽑으로 줄어든 건 알겠는데, 그래도 너무 확률이 낮습니다. 아니면 상시 태생 3성들을 모두 조각작할 수 있게 '하드' 미션 보상 리뉴얼하는 것도 좋다고 봅니다.",6,긍정
임윤수,5,2024-02-13 05:21:01,카모 너무 예뻐....,4,긍정
Rover,5,2024-02-12 21:30:00,5점,8,긍정
이승훈 (에피후니),3,2024-02-12 13:26:26,3성이 안나와서 별 세개...,3,중립
엄정호,5,2024-02-12 04:47:55,한국말 더빙 없나요?,8,긍정
Drago,5,2024-02-11 14:07:34,수집형 모바일 게임에 이렇게 애정 들인 건 이 겜이 처음. 그래서 분홍봉투 언제 줄 거야 똥아로나,6,긍정
ᄂ,5,2024-02-11 03:20:04,잼있다 잘 놀다다 갑니다,0,긍정
남굴근악마,5,2024-02-10 20:48:58,"스토리 캐릭터 거를 타선이 없습니다. 진짜 한마디로 완벽해요. 하지만 스토리를 중점으로 두는 유저로써 메인,서브 스토리에 다양한 연출이 더욱더 많아졌으면 하는 소망이 있습니다. 그리고 한가지 더 일섭과 한섭의 업데이트가 6개월 이상 차이 나던데 최대한 빨리 업뎃좀 해주세요 ㅠㅠ",15,긍정
박동재,5,2024-02-10 15:57:49,아로나야 날 속인거니 이번에는 비틱이라며,0,긍정
TV나나나,5,2024-02-10 13:18:40,사랑해요,1,긍정
김주레이,5,2024-02-10 10:01:44,블루아게이브 2연속 천장 폼 미쳤다,3,긍정
김정현,4,2024-02-10 09:21:48,하나코누나사랑해,0,긍정
채수혁,5,2024-02-10 05:25:27,밝고 건전합니다,1,긍정
ᄒ,1,2024-02-10 03:51:56,부실한 컨텐츠와 특정 캐릭터가 없으면 파훼가 불가능한 부조리한 패턴 등 불편한 점이 개선되지 않음,5,부정
밍밍이,5,2024-02-10 01:01:53,스토리 갓겜,0,긍정
내 계정1,5,2024-02-09 16:51:30,용하영 제발 체루나,0,긍정
공락,3,2024-02-09 16:48:56,"캐릭터는 잘 뽑음. 여지껏 나온 서브컬쳐 쪽 캐릭터들의 성격을 한데 모아, 적당히 나누고 개성을 붙여서 구축해둔 느낌? 한 줄로 표현하자면 '오타쿠들 좋아하는 캐릭터는 다 있네' 라는 느낌. 스토리도 괜찮다고 생각은 함. 떡밥이 너무 많고, 이해가 안 되거나 개연성이 이상한 부분이 군데군데 있지만... 그래도 이 정도면 수작이라고 봄. 애초에 게임이니까. 몇 가지는 어른의 사정이라고 이해하는 게 맞지. 하지만 게임성은 진짜 최악. 게임인지 스토리 재생기인지 진짜 모르겠음... 수작이라 생각하는 스토리도 특유의 재생기 느낌 때문에 조금 뭣 같음. 이번에 본섭 3주년 이벤트에 나온 것처럼 SRPG 느낌의 필드를 처음부터 도입했다면 어땠을까? 라는 느낌이 듦. 세계관에 유저, 플레이어들을 녹여내는? 전투 인카운터를 기존대로 하더라도, 스토리+캐릭터 게임 답게 일상 회화나 스토리 진행 등을 SRPG식으로 바꾼다면 분명 큰 반향을 일으키지 않을까 싶음. 모두 다 이런 걸 원하겠지?",1,중립
손현직,5,2024-02-09 16:42:35,당신이 있어 행복합니다.,1,긍정
pfwnv y,1,2024-02-09 13:07:17,가챠확률 꼬와서 접습니다 750번 돌려도 안나오면 접는거죠뭐 어짜피 스토리볼꺼면 유툽으로 볼랍니다 ㅎㅎ 볼일없겟지만,4,부정
이찬혁,4,2024-02-08 21:24:31,총력전운빨가챠게임 스토리는좋음. 학생들스토리보는맛도있음 그냥 총력전때문에 개짜증나서 평점낮춤,0,긍정
Event Horizon,1,2024-02-08 21:16:57,개발자가 정신병있는게 확실함 sd모바일겜에 기믹만들어놓고 피할라면 한정케릭 뽑아야함 애들을 이동시키는거나 몹을 타격하는건 케릭스킬로 하는게 아니라 유저가 할수있게 만들어야지 정신병자야 그리고 가챠도 케릭이 픽업이 아닌케릭이 더잘나와 정신병 걸릴거같아 보석값도 한두푼하는것도 아닌데 양심 어디 지옥 메피스토한테 맡겨놓고 게임만들었냐 그리고 케릭 육성하는건 왜이렇게 빡쌘건데 지들이 컨텐츠 일부로 소비 늦출라고 유저한테 부담주는건 어디서 나온발상이냐 진짜 몇년을 해먹었으면 이제는 좀 정신좀 차려라,9,부정
그림용,5,2024-02-08 15:47:42,항상 서브컬쳐 게임이라 생각하며 에써 입덕 부정기를 견뎠지만 이제는 인생게임이 되버렸네요~,1,긍정
Stars,5,2024-02-08 13:16:44,이 게임을 이제 알다니.. 게임 자체가 너무 재밌고 스토리도 마음에 들고 퍼줄땐 너무 퍼줘서 좋습니다!!,0,긍정
안윤상,5,2024-02-08 07:27:14,사랑하는 용하형님 메모리얼 로비 학생 검색기능좀 만들어주세요 제발,1,긍정
Limsu kim,3,2024-02-08 04:38:27,"이번 페스픽업 미카나오는거 맞나요? 348뽑을 했는데 미카빼고 다나오네요 미카뽑으려고 2,3달정도 모았는데요ㅠㅅㅠ",1,중립
세븐,5,2024-02-08 04:31:36,갓겜이에요,0,긍정
여름비,4,2024-02-08 04:09:24,블루아카이브 하고 있었는데 네트워크 연결이 안되어 있다고 뜨는데 앱을 껐다가 다시 재접속했는데 네트워크 연결 접속이 안되어 있다고 하네요,1,긍정
Yuta,3,2024-02-08 03:28:10,"게임 재밌고 스토리 정말 좋고 노래 좋고 다 좋습니다. 다만, 거진 op캐를 한정으로 풀었고, 그 캐릭터 뽑기 위해 재화를 열심히 모았구 그렇게 가챠했습니다. 흠.. 천장 없이 0.3퍼를 뚫어라.. 저는 좀 힘들더라고요 ㅋㅋ 없으면 꼬운 캐릭터를 천장 없이 한정으로 0.3퍼는 좀 아니었던 것 같네요. 정말 애정 가지고 오래 봐온 게임이지만 그냥 저는 놓아줄렵니다.. 게임 자체는 재밌고 정말 장점 많은 게임입니다.",8,중립
김태윤,5,2024-02-08 03:09:32,이거지,0,긍정
최원민,5,2024-02-07 07:50:04,120시간 플레이한 유저였습니다 장단점을 말할께요 장점 1.게임에 몰입할수있게 스토리와 이벤트등 여러 요소를 잘 녹이며 잘 이끌었으며 재미있습니다 2.케릭터 육성하는 맛이 있습니다. 3.메모리얼 보는 맛이있습니다 최애케를 메인에서부터 보면서 즐길수있습니다 4.육성재료를 빠르게 상점에서 살수있습니다 단점 1.겜이 주기적우로 튕깁니다 2.육성하는 맛은 있으나 얻기가 힘들고 재료가 빠르게 소진됩니다 3.뽑기를 하지만 200연을 해도 3성이 1개도 안나와서 눈물이 나고 현질요소가 심하다고 생각합니다 4. 가끔 총력전하다가 버그로 데미지가 안들어 갈때도 있니다. 5.이악물고 특정 케릭터만 안나오는 느낌이 들고있습니다. (제가 시로코 라는 케릭을 뽑을려고했는데 한번도 안나와서 하드모드에서 시로코 파편 100개를 모아서 만들었습니다) 6.무과금 유저에게는 힘들수 있을것같습니다.,1,긍정
하얀머리,5,2024-02-07 06:42:45,용하님 이런 게임 만들어 주셔서 너무 감사하고 사랑합니다...!,0,긍정
Daniel fobiyun1,5,2024-02-06 18:57:18,명작,0,긍정
MC S,1,2024-02-06 10:24:14,"넥슨의 이미지 세탁 IP중 하나. 게임성이나 편의성 고증과 같은 재투자는 하지않고 외부 이벤트나 무거운 게임구조로 돈빨아먹는 게임. 오랫동안해봤지만 재미있지도 않고, 문제점도 모르고, 나아지려고도 안한다. 스토리도 상세고증이 나오지 않은 상태인데 추측을 해봐도 매끄럽게 이어질 개연성이 상상되지않는다. 그리고 주축의 테마가 무엇인지 게임이 나온 지금까지도 모르겟다. 스토리의 상세가 나오지않으면 진척되지않고 나오면 망스토리 들을게 뻔하니 얼렁뚱땅 코믹으로 커버중.",25,부정
Gom Dol,5,2024-02-06 09:41:55,10만원써도 3성 1개도 나올까말까하는 극악 돈슨클라스,3,긍정
김민균,5,2024-02-06 05:00:12,최적화 하나도 안해뒀음,0,긍정
공민재 (Enter Sandman),3,2024-02-05 22:33:57,1월30일 청휘석 이벤트 한다면서 왜 안주냐ㅠㅠㅠ. 들어갔는데 ㅠㅠㅠ ip 확인해보슈,0,중립
bedel euros,5,2024-02-05 11:25:55,명실상부 대세 모바일 게임 블루 아카이브 3주년을 진심으로 축하드립니다 앞으로도 잘부탁드립니다,8,긍정
Ten666,4,2024-02-05 10:04:32,렉걸리고 살짝 루즈한거 빼곤 좋음,0,긍정
함예성(20423),5,2024-02-05 04:45:35,너무좋아요,0,긍정
무혼,1,2024-02-05 02:32:52,무과금으로 할거면 건들지도 말고 쳐다도 보지마라 돈없으면 못할겜이니까.,9,부정
ᄇᄒᄅ,5,2024-02-04 14:34:23,최고,0,긍정
이름,5,2024-02-03 08:40:48,'정말 건전하고 밝은 성인겜',0,긍정
정원준,5,2024-02-03 05:36:01,너무 재밌어요 확률만 조금올려주셨으면 하네요,1,긍정
Pizza,5,2024-02-02 15:42:50,복귀 후 스토리를 밀었는데 시간 가는줄도 모르고 하나하나 보면서 해보니 하루가 가네요... 좋은 스토리 더 보고 싶습니다 빨리 스토리가 많아졌으면 좋겠네요! 스토리 맛이 끝나서 할게 없습니다!,5,긍정
무노,5,2024-02-01 23:21:39,출시 때부터 하다가 안하다가를 반복했지만 나름 아빠된 기분이 좀 큼,0,긍정
공백,1,2024-02-01 12:27:11,가챠 천장으로 계속 가져가니 맨날 천장치게 만드는데 이런식으로 지갑뜯어내니 좋냐? 돌 17만개가 땅파면 나오는것도 아니고,6,부정
LucidDream blue,1,2024-01-31 17:25:19,밤에 켰을경우호러보이스로 오프닝채우는경우많던데 운영자가 정신증같아서지움,2,부정
고재훈,5,2024-01-31 04:38:57,죽을때까지 함,0,긍정
O Taesick,5,2024-01-31 02:13:35,갓겜,0,긍정
김동우,5,2024-01-30 18:37:12,용하그는신이야,0,긍정
진시아,5,2024-01-30 17:50:23,갓겜,0,긍정
민트,1,2024-01-30 17:24:36,확율이 로딩도길고,2,부정
바킈듄,5,2024-01-30 15:47:38,꾸준히 즐기고 있습니다.,0,긍정
조성욱,5,2024-01-30 14:59:03,너무 좋은데?,0,긍정
Estonians,5,2024-01-30 14:27:58,최근들어서 너무 자주 튕겨요 설정도 전부다 낮게 해놓고 플레이하는데 요즘에 그냥 게임도 못하고 있습니다. 하루빨리 고쳐주었으면 하는 바램입니다. (해결됨) 최적화 잘되서 잘하고 있습니다!!,5,긍정
kyunghee kim,5,2024-01-30 13:31:56,굳,0,긍정
고영민,5,2024-01-30 12:57:55,명작,0,긍정
김창일,5,2024-01-30 11:40:06,블루아카는 '인생' 이다...이런 명작을 이제서야 알게되다니...인생 절반 손해볼뻔 했습니다,0,긍정
양하율,5,2024-01-30 11:18:58,천장좀 그만 찍자 이 썩을,1,긍정
도리12 ki,4,2024-01-30 10:56:45,베리굿 굿굿,0,긍정
EXC_고민이 (LOADING),5,2024-01-30 10:27:13,센세가 간다!!!!!!(청휘석들며),0,긍정
Haru Aki,5,2024-01-30 09:38:52,말해뭐해 인생겜 초갓겜 내 인생은 블루아카이브는 시작전 시작후로 나뉜다,0,긍정
이승준,5,2024-01-30 09:11:12,후 사랑한다 내새끼들,0,긍정
천월,5,2024-01-30 09:09:19,다 좋다 메모리얼도...음음!만족!! 하지만 히나 캐릭도 좀 좋게 만들어주세요ㅛㅛㅛ,0,긍정
달콤한 레몬에이드,5,2024-01-30 09:00:42,재밌어요 감사합니다,0,긍정
강영훈,5,2024-01-30 08:13:23,굿,0,긍정
연호령,5,2024-01-30 07:52:08,정실은 시로코,0,긍정
최유정,4,2024-01-30 06:51:52,메인스토리에도 성우가 해줬으면 더 재밌었을듯,0,긍정
Cr.,5,2024-01-30 06:40:18,단연 최고의 게임. 스토리면 스토리 캐릭터면 캐릭터 모든 방면에 있어 최고의 클래스를 자랑함. 이렇게 몰입해서 해본 게임은 처음일뿐더러 운영진의 스탠스가 정말로 마음에 들음.. 다른 게임이나 특히 넥슨에선 전혀 느낄 수 없었던 유저 존중과 소통을 이 게임에서 가장 잘 느끼고 있음. 이대로만 해줬으면 좋겠어요. 사랑합니다.,2,긍정
말라말랑마시멜로,5,2024-01-30 06:38:14,재밌는거같아요,1,긍정
MaIA,5,2024-01-30 06:21:14,국산겜은 역시 잘 만들어야지 국산겜이라 말할수있지,1,긍정
최준혁,5,2024-01-30 06:04:20,이것이 게임이다,1,긍정
성수욱,5,2024-01-30 05:51:23,정말 재밌게 잘 하고 있습니다,0,긍정
너호찬,5,2024-01-30 05:41:44,오픈유저로써 게임성의 추가가 필요하다고 생각합니다.컨텐츠가 부족하여 다른 유저를 유입시키기가 힘듭니다,1,긍정
신정환,5,2024-01-30 05:39:50,우리 겜 흥하자!!,0,긍정
아왈왈해,5,2024-01-30 05:38:30,블끼끼 블끼끼 재화 더 뿌려줘,0,긍정
아비도스 선생님,5,2024-01-30 05:30:43,매모리얼 로비도 좋지만 지금까지 봤던 스토리/이벤트에서 나오는 장면들이나 그런것들도 로비로 사용할수 있음 좋겠습니다 블아 화이팅!,2,긍정
오은서,5,2024-01-30 05:05:31,그저 갓.겜.블.아.,0,긍정
최준용,5,2024-01-30 04:53:50,캐릭터들이 깜찍하고 귀엽고 예쁘고 사랑스러워서 좋아요♡♡,0,긍정
김경진,5,2024-01-30 04:12:42,내 인생을 바뀌게해준 게임이자 목표를 만들어준 게임중 하나 스토리도 진짜 잘만들었고 캐릭터도 각자만의 개성이있다고 생각합니다. 하루 마무리를 항상 블루 아카이브 플레이를 하고 마치는거 같네요 앞으로도 계속 흥했으면 좋겠습니다.,2,긍정
조영식,5,2024-01-30 03:52:53,컵볼게임 보상이 안나와요,0,긍정
Frist,5,2024-01-30 03:40:17,이 게임은 신이야,0,긍정
미엘,5,2024-01-30 03:37:25,내 최고의 인생게임,0,긍정
레이다병이라우,1,2024-01-29 14:26:39,아니 결제하고 이틀도 안되서 사용자에러라며 로그인조차안되는데 문의해도답변도없고 게임 캐시삭제 재설치다해봐도안되네 결제하자마자 이거먼.... 이럴꺼면 환불이라도해주던가요,5,부정
카카오페이,5,2024-01-27 23:45:30,아이폰에서 갤럭시로 바꾸면서 계정 연동도 해놨는데 로그인하니까 왜 새로 가입하라고 뜨는데 기존계정어디간거죠...?,0,긍정
윤동원 (Budbox),1,2024-01-27 10:24:19,최종장 남들볼때 못봤더니 죄다 스포당하고 이벤트도 최종장에 연계되어있어서 아무것도 못하게 되어 결국 다 아는내용을 모르는듯 읽어야 하는 고통스러운 텍스트 고문. 할것도 없이 반복만 요구하는 숙제형 게임에다 기믹이라고 추가하는게 도전과는 상관없이 불합리하고 무작위성의 기분 나쁜것만 추가됨. 현질유도는 인권캐릭터가 죄다 가챠이니 말할것도 없음. 오픈때부터 해왔지만 몇달 망설이다 결국 손절합니다. 게헨나아카이브 화이팅! 앞으로도 게헨나만 빨아주세요!,5,부정
둥글둥글,5,2024-01-27 08:43:26,캐릭터 일러스트와 귀여운 인겜 SD캐릭터로 구성되어있는 게임이다 그리고 스토리도 볼수있는데 그게 괜찮은걸로 알고있다..원래 난 스토리는 아예 스킵하는편인데 이게임 스토리는 조금이나마 보고 그랬던것같다. 그리고 난 모바일 게임같은경우 며칠정도만하고 할 마음이 안생겨서 접는데 이 게임은 내가 열심히 하고있는 게임임.,2,긍정
snke apple,5,2024-01-27 03:12:08,굿,0,긍정
김정훈,5,2024-01-27 02:13:35,우마무스메 하다가 다른건 없나 하고 설치해봤다가 리세두번하고 지움....로딩 느리고 일러도 무슨 선택적 고화질이네,0,긍정
maple,5,2024-01-26 16:54:10,게임도 간편하고 캐릭터도 귀엽고 이쁘고 게다가 메모리얼이라는 기능까지 좋네요 스토리 안보고 스킵하고 원신은 스킵버튼없어서 안하는데 블루아카이브는 스킵이 있어도 재미있고 감동에 낭만이 있어서 스킵안하고 스토리 전부다 봤습니다. 애니메이션 하나보는 느낌?,0,긍정
아닌데,5,2024-01-26 14:12:36,굿,0,긍정
U YI,3,2024-01-26 13:31:25,"장점이 캐릭터, 스토리, 음악. 좋은데 그게 전부입니다. 많은 육성을 요구하는 엘리그마포함 엄청난 재화들, 캐릭터의 매력들을 보고 시작하는 사람들이 많을텐데 컨텐츠들이 전부 지역,스토리 외에는 재미없는 Pay to Win 인 PVP뿐이라는점. Auto 로는 전혀불가하고 바로죽어버리는 총력전, 대결전들을 없앨수는 없으실테니 개선이라도 해주시고 PVP말고도 게임에 매력이나 재미를 많이 살리는 의지와 블루아카이브에 가장 큰 장점인 예쁘고 사람들을 꽉 붙잡아두는 이 잠재력깊은 캐릭터들을 중심적으로 컨텐츠를 추가해주시고 캐릭터들 육성 부담을 줄여야 할거같아요. 현금부담이 큽니다.",3,중립
류우게키사키,5,2024-01-26 01:40:28,뭐해 당장 깔아,1,긍정
강도현,5,2024-01-25 15:21:54,호시노 최고 사형수는 영원하리라,0,긍정
샄쿤스(삵쿤스),3,2024-01-25 13:07:39,스토리 만점 / 사운드 만점 / 그래픽 만점 / 캐릭터 만점 / 운영만점 / 정작 게임전투가 쓰레기 - 뭐전략상성공략 이런거 무시하고 딜찍누밖에 못하게 만들어놓은 덜떨어진 전투시스템 (별-1) 저 쓰레기 전투를 밀 리세 인권캐가 거진 한정에 확률도 낮은편 (별-1) 총 별 3개가 적정함,0,중립
32bit,5,2024-01-25 12:45:07,사실 게임 자체는 그냥 평범한 오타쿠 저격 수집형 RPG임. 하지만 모모톡이라는 시스템으로 각 캐릭터들에게 최대한 입체적인 캐릭터성을 만들어주고 굉장히 몰입도 좋은 스토리를 보여줌. 솔직히 개인적으로 스토리를 굉장히 몰입해서 봤기 때문에 스토리 원툴 겜이라고도 생각됨. 겜이 재미없단건 아님. 겜도 재밌음. 누가 씹덕겜 하겠다면 소프트한 게임으로 추천해줄만 함. /22.11.29.수정/ 블루아카랑 김용하는 신이고 무적이다!! 용하모토 칸 만세!! 블루아브 갓겜이니 꼭 하심씨오!,2,긍정
크루시어스,5,2024-01-25 11:50:14,굿!!!,0,긍정
chip Sun (Sun_chip),1,2024-01-25 09:55:02,매우 재미있는,1,부정
Jung Ho Pak,5,2024-01-25 04:11:54,"말이 필요없는 이 시대의 갓겜임. 3주년 페스에서 보여준 미래의 가능성이나, 넥슨이 잘나간다 싶은 IP는 제법 오래 유지해주는거 감안하면 앞으로 3년은 거뜬히 갈 게임임.",1,긍정
Dragonfly,5,2024-01-25 02:08:09,갓겜입니다!!!!!!!,0,긍정
B HH (HHB),5,2024-01-24 16:39:02,인생살면서 했던 갓.겜.-2023.3.15-,0,긍정
오민석,2,2024-01-24 08:18:48,캐릭터 잘 찍어냄 갠적으로 미소녀 가챠갬 중에 원탑이라 생각함 근데 게임이 재미가 없음 뭐 취향 차이 겠지만,0,부정
박희연,5,2024-01-24 02:23:06,게임을 즐기다 보면 할게 없어지는 소위 분재겜이지만 분재게임으로써는 최고이고 최근에는 그 한계도 극복하려는 시도가 보여서 좋아요,0,긍정
푸른달의선물,1,2024-01-23 18:19:04,"가챠 자체를 욕하는건 아니지만 무과금으로 진행하는게 스트레스를 주는 건 참 대단하다 공격속성은 5가지지만 경장(폭발),중장(관통)이 기본적 게임진행은 직접 싸우는 전투원4명 필드밖에서 지원을 하는 지원병2명으로 진행 됨 전투 캐릭은 딜러,탱커,서포터의 역할으로 나뉘고 지원 캐릭은 딜러,힐러,서포터로 나뉨 시작 캐릭이 폭발서폿,경장탱커,관통딜러랑 힐러임 그리고 초반에 무료 뽑기 기회가 30~40정도 여기서 쓸만한 폭발딜러(전투원)하나만 나오면 초반 미션 S랭크는 무리가 없음 그런데 저 많은 무료뽑기에서 3등급 캐릭이 확정이 1개 밖에 안되는데 2등급에선 쓸만한 딜러가 적음 심지어 나와도 관통딜러만 나오는 경우도 있고 그런경우 2장 부터 S랭크가 어려워짐 무료 재화를 얻는 수단은 많지만 주는양이 매우 적어서 노가다임 스토리는 개인취향를 많이 타니까 사람마다 노가다가 아닐 순 있지만 그 노가다를 해서 뽑아서 안뜨면 적정레벨로 S랭크는 불가능 오버스펙으로 딜찍누 할꺼면 적정레벨 왜 있냐",12,부정
하룬,5,2024-01-23 18:18:18,최종장 보고 왔습니다 잠깐 감동의 눈물을 흘리다 감사의 별점 지르기 5만개를 박고 가겠습니다....,0,긍정
A ISK,5,2024-01-23 12:48:45,안녕하세요 네이버계정으로 재로그인하려니 에러코드32009가 뜨면서 로그인이 안됩니다ㅠ,0,긍정
김미카,1,2024-01-23 10:15:14,무과금으로 할꺼면 비추천함 넥슨게임답게 확률 주작침,8,부정
Dalyume2876,5,2024-01-21 15:03:26,"캐릭터 일러스트와 음성, 3D모델링 게임성 등 완벽한 게임이에요! 하지만 저의 귀차니즘이 너무 심한 탓에 게임을 이어갈 수 없 으읅..게임을 욕하는게 아닙니다. 제 게으름을 탓해주세요 ㅠ",0,긍정
garden kim,4,2024-01-20 09:44:16,스토리와 캐릭터만 겁나 좋은 게임 게임은 좀 재미없지만 캐릭터 최고 덕분에 최에 생김 하루카 사랑해!!!!!!!!!!!!,2,긍정
욥욤욤,5,2024-01-19 11:31:48,학생을 지키는건 선생의 의무다,1,긍정
空れいし,5,2024-01-19 00:46:25,재밌게하고 있음,0,긍정
Jeong Mike,5,2024-01-18 04:53:08,"나이 많이 먹진 않았음에도 불구하고 그저 귀여운 딸래미들 보는 느낌이에요~ 학생들 하나하나가 개성 넘치고, 일러스트와 3D 모델 모두 퀄리티가 높은 것 같습니다. 특유의 그림체도 마음에 들고, 3D 모델의 모션은 귀를 꼼지락거리거나, 가구랑 특수 상호 작용을 하는 등 개발팀이 혼을 갈아넣었다고 봐도 될 정도로 디테일이 살아있습니다. 학생들 하나하나가 호감인 것은 덤이고요. 그리고 운영진 분들이 꾸준히 준비해 주시는 많은 오프라인 행사나 이벤트, 콜라보들을 보니 다른 게임들에서는 보지 못했던 성의가 느껴지고, 왜 블루아카이브가 잘 나가는지 알 것 같습니다. 굿즈 퀄리티만 조금 더 올려 주시면 최고일 것 같습니다. 감사합니다!😊",187,긍정
랫츠고헤븐,5,2024-01-18 02:40:57,"메모리얼이나 모모톡 시스템으로 학생의 성격이나 요소들을 직간접적으로 보여주고, 애정을 쌓게 해주는 점이 메인, 이벤트 스토리에서의 몰입감을 한층 더해주는 것 같습니다. 또 학생들의 sd와 사격 모션이 디테일해서 좋고 흥미로운 보스 디자인과 세계관 설정, 활발한 밈 사용과 2차 창작 장려가 블루 아카이브라는 게임을 이토록 빛내주지 않았나 싶습니다. 늘 청계천의 대게들을 살찌워가면서 좋은 게임을 만들어주시는 개발자분들과 아로나 쨩, 용하신님께 찬사를 보내고 싶습니다.^○^",30,긍정
박태준,5,2024-01-17 08:56:33,아아아 용하형.. 제발 pc클라이언트 좀 만들어 줘,0,긍정
TRY10,5,2024-01-16 15:05:02,이겜만 하면 잠이와서 잠안올때 쓰기 좋네요.. 사실구라고 김재원 보다가 했는데 생각보다 재밌네 그리고 사랑해 넥슨,0,긍정
박혁제,5,2024-01-16 02:17:05,이대로만 갑시다,0,긍정
양모노,5,2024-01-16 01:46:23,나는 만 14세인데 왜 깔리냐,0,긍정
-,5,2024-01-14 16:13:01,넥슨은 서브컬쳐나 만들어라,0,긍정
kasio Mia,5,2024-01-14 14:59:18,"사랑한다 블루 아.카.이.브 아루는 ""사랑""이다.",0,긍정
김상형,5,2024-01-14 10:00:23,게임은 좋은데 최적화가 별로임. 일러스트도 저화질로 나오고 a90 쓰고있는데 그닥 좋은 기종은 아녀도 좋지는 않아도 블루아카만 이러는거 보면 최적화 도 생각해줬으면 좋을거 같음,1,긍정
김현일,5,2024-01-14 08:35:47,갓겜,0,긍정
까실,2,2024-01-14 03:27:30,화면 잠시 나갔다 들어와도 튕기네요... 고쳐주세요,0,부정
꿀잼TV,5,2024-01-13 14:58:00,첨엔 오타쿠들 게임인줄 알았는데 친구들이 많이해서 해봄 근데 진짜 오타쿠들 게임이 아니란걸 암 진짜 ㄹㅇ재밌음 추천해준 친구들이 ㄹㅇ 고마움,1,긍정
이태준,4,2024-01-13 14:29:32,용하형 게임 너무 즐겨하는데 픽업캐릭이 0.7% 확률인데 0.028% 캐릭이 110뽑중 픽업캐릭이 안나오고 다른 캐릭이 4번 나온게 말이 안돼 이거 확률 이상해 요즘 가챠만 돌리면 천장만 계속치고 살려줘,1,긍정
DT,5,2024-01-13 12:32:06,굿,8,긍정
쿠로하루,5,2024-01-13 12:29:15,학생이 친?절하고 선생이 맛있어요,1,긍정
김민수,5,2024-01-12 13:25:51,스토리는 좋아서 팬이 됐지만 아쉬운 게임성 때문에 계속하고 싶었는데도 오래 못 잡음. 그랜드체이스 같은 조작형태였다면 좋았을 텐데.,1,긍정
이지호,3,2024-01-12 11:55:22,모집하려고 모집버튼 누르면 비정상적인 접근이라면서 계속 튕기는데 이거 언제쯤 수정되나요.....,2,중립
김동호,3,2024-01-12 06:48:39,이번에 최신 패치 이후부터 메인 인트로 화면에서부터 로딩이 제대로 안 되는 것 같습니다만 특별한 이유가 있을까요? 재설치까지 해봤는데도 상황이 나아지지가 않네요 원래 '블루 아카이브' 라고 음성이 나와야할텐데... 폰 기종은 갤럭시 A53입니다,12,중립
지라치,5,2024-01-12 00:52:20,수즈사 이쁘다,0,긍정
홍승우,1,2024-01-10 16:10:36,수히나가 안 나와요,1,부정
카푸치노 센세,5,2024-01-10 14:26:31,이 앞 희망있는 매우밝고 푸른 미래가 있다 25주년까지 아니 100주년까지 아니 한계가 없다! 블루아카이브의 숙제:10주년 돌파!,0,긍정
이주원,1,2024-01-10 06:30:30,뽑기 들어가기만 하면 오류뜨고 팅기는거 좀 고쳐라,2,부정
ᄋᄋ,4,2024-01-09 20:21:46,난 캐릭터가 이쁘고 귀여워서 하는중.ㅋ 히나 그저 갓,0,긍정
신현규,5,2024-01-09 17:56:32,1년6개월 동안 하면서 느낀점은 처음에 했을때는 조금 거부감이 들었습니다.하지만 하면 할 수록 빠져드는게 이게임에 매력이라고 볼 수 있습니다. 특히 스토리는 단헌컨대 다른 게임의 스토리들과 비교해도 밀리지않는 정도입니다.최근에 4차PV영상을 봤는데 온몸에 전율이 돋더군요.또한 넥슨게임들에 특징이 이상하게 브금을 잘만든다는 것입니다.브금 하나하나가 다 좋고 잘 듣고있는 부분입니다.근데 단점이라고 한다면 스토리를 다 밀어버리면 딱히 할게 없어지긴 하지만 계속해서 나오는 이벤트 스토리를 보면 딱히 문제 될게 없지많요. 앞으로도 계속 이 방향으로 나아가 주셨음 합니다. 이상 샬레에 선생 이었습니다.,83,긍정
본계정,1,2024-01-09 12:43:17,캐릭터성 빠는거 이외에.....게임성만 높고보면 ㅈ노잼이긴함 스토리랑 캐릭터빨로 버티는게임임,7,부정
조재욱,5,2024-01-09 05:19:03,개발자들의 욕망의 항아리,0,긍정
user-92Sej6cq,5,2024-01-08 14:53:22,예아,0,긍정
이은석,5,2024-01-07 19:42:24,그림 너무 너무 잘 그리시네요^^~~,0,긍정
네센(Nesen),1,2024-01-07 11:58:32,"게?임 문제에 비해서 너무 폭발적인 관심을 받은 어플...........................확실히 고점을 노리지 않는다면 무과금으로도 충분히 즐길수 있는 수집형이지만, 상위권을 노린다면 구조 자체가 문제인 재화 부족으로 인하여 픽업 캐릭터를 뽑아도 키우지 못하고 피규어로 써야 한다.......................s22이긴 하지만 어플 자체가 엄청 무거워서 물 주려 키면 로딩 시간이 절반이다 ........................... 아이패드로 하면 약간 더 쾌적해지긴 하지만 용량이 크고 굳이 패드로 할 이유를 느끼지 못함 ........................... 시작하려 한다면 그냥 캐릭터 자체만 즐기길 바란다 컨텐츠 할게 진짜로 없고, 재미도 없으며 캐릭터성이랑 에덴 조약 투툴이라 생각될 정도로 최악의 경험만 얻음 ........................ 청휘석을 퍼주기도 하고, 정이 있어서 아직 하지만 하나코 3성 뽑고 나면 지울 어플",6,부정
정동섭,5,2024-01-06 02:52:52,뉴비유저입니다.복귀캐릭다시얻을수있어서만족합니다.,0,긍정
HenryKimcoco,5,2024-01-05 14:22:41,"제 인생 최고의 서브컬쳐 게임입니다. 좀 과장해서 말하자면 제 인생의 새로운 색감을 추가해줬다 말하고 싶습니다. 블루 아카이브, 앞으로도 쭉 함께 할 수 있길 응원합니다!",0,긍정
KOI,5,2024-01-05 12:22:44,"""게임이 재미있고 레이사가 맛있어요"" 소전 명방 원신등등을 거쳐오면서 다양한 캐릭터를 보고 만나고 그리고 즐기면서 맛 봐왔지만 블루아카이브에서 한 캐릭터에 푸우욱 빠져본 경험은 다른 게임에서 느끼지 못한거 같아요..!!! 그런 의미로 우리 레이사 이격좀 빨리... ㅎㅎ 수영복 이격이면 더 좋고요 흐흫",1,긍정
이진수,5,2024-01-05 01:58:38,씹덕의 성지,0,긍정
팬텀,5,2024-01-04 22:49:01,좋은 게임 만들어주셔서 감사합니다,1,긍정
태영.,5,2024-01-04 16:04:29,재밌다 스토리 좋고 브금 좋고 캐릭터도 잘 나온다,0,긍정
geonughi ha,5,2024-01-04 15:06:31,여러분 이겜은 안전합니다!,0,긍정
김하영,5,2024-01-04 14:33:30,보상도 밸런스 있게주고 스토리도 잘 짬 그리고 임무가 메인이 아니라 스토리에 더 몰입할수 잇음 그리고 설명도 잘해주고 상점같은 지나갈수 잇는 요소에도 하나하나 캐릭터 붙여져서 더 좋앗음 그리고 3성 미야코 좀 나와 200주고 사게 생겻네 씽;; 그그으ㅡ응리고 온이 쯰쯰 미쳑,1,긍정
재성,5,2024-01-04 04:59:24,다 좋은데 대결전만 없애줘요,0,긍정
그리핀,1,2024-01-04 00:00:43,뽑기 확률 최악의 게임 밸런스가 전혀 맞지 않고 캐릭터간 등급의 차이가 있어 안쓰는 캐릭터가 너무 많다. 이렇게 뽑기 확률이 극악일거면 등급을 없애고 밸런스를 맞추던가 해야되는데 뽑기 확률이 낮으니 지옥이 펼쳐진다. 신규 유저는 절대로 시작해서는 안되는 게임.,8,부정
김철수,5,2024-01-03 02:48:10,Best game ever seen,0,긍정
마현수,4,2024-01-02 16:32:37,다 좋은대 선생이란 호칭을 붙일 때 선생이 학생에게 이런짓을 해도 되는지 자괴감이 든다,0,긍정
이선휘,5,2024-01-01 12:01:36,나쁘지 않네,0,긍정
정상일,5,2023-12-31 12:13:45,대가리 봉합,3,긍정
오타크,5,2023-12-31 06:26:17,밝고 건전한 게임!,0,긍정
박용우,1,2023-12-30 18:56:46,용하야진짜,0,부정
HyoJoon Yoon,5,2023-12-30 13:34:00,계정 연동했더니 전에 하던거 사라졌어요 어떻게 해야되나요?,0,긍정
MY NURSE,4,2023-12-30 13:09:58,"전투고 컨텐츠고 다 좋다 치는데, 게임 켤 때마다 뜨는 궁금하지도 않은 공지좀 없애고 성급 올릴 수 있는 학생은 학생 목록에서 바로 확인할 수 있게 별도 알림 아이콘좀 만들어 주시면 안되나요? 모든 사람이 슈퍼계정이라 재화 생길 때마다 레벨이랑 스킬을 다 한계까지 올려두진 않잖아요",0,긍정
한병우,5,2023-12-30 11:05:10,블루~~~~~아카이브!!! 아로나 X 프라나 O 센세 몰?루,0,긍정
윤현식,5,2023-12-30 09:30:29,한국어 판만 기다리는중,0,긍정
사미다롱이,5,2023-12-30 08:02:37,별이 다섯개,0,긍정
Google 사용자,5,2023-12-30 03:36:21,순수하고 밝은 게임,0,긍정
SCHALE,5,2023-12-29 15:53:55,"일섭, 한섭 출시 때 부터 함께한 선생입니다 결론부터 말하자면 제 인생게임이자 모든 게임들 중에서 단연코 최고의 게임이라고 자신있게 말할 수 있습니다 우리 학생들도 너무 예쁘고 인게임에서의 전술 시스템과 메모리얼, 다양한 컨텐츠 등등 어느 하나 거를 타선없이 정말 잘 만들어진 게임입니다 !! 그중에서도 스토리는 다른 서브컬쳐 게임들과 비교해봐도 무조건 1순위에 들어가는 재미와 감동을 줍니다 또한 선생님들과의 소통과 게임관련 굿즈, 2차 창작물도 매우 잘 되어 있어 5점 밖에 주지 못하는게 아쉬울 따름입니다 !! 다만 조금 불편한 점이 있다면 특정 스토리를 클리어하고 접속하면 로딩화면의 PV음악과 우리 학생들의 메모리얼 BGM을 변경할 수 있게 해주시면 감사하겠습니다 ㅎㅎ 마지막으로 제일 중요한건 우리 미카공주님이 너무 예쁘다는 겁니다 !!! 스토리에서도 메모리얼에서도 그저 존재 자체만으로도 제 삶의 원동력이 되어주고 있습니다 앞으로도 영원히 블루 아카이브 재밌게 플레이 하겠습니다~☆",48,긍정
이현준,5,2023-12-29 08:58:00,갓겜,0,긍정
김태환,5,2023-12-28 23:17:50,수치세가 안보인다고 버그리포트를2개썼구만 2개월이넘도록 아무답변이없네. 별5개달아놔야 좀 보려나?,0,긍정
아우라지,5,2023-12-28 11:51:35,스토리는 ㄹㅇ 잘 짰다ㅋㅋㅋㅋ 카르바노그 편 보니 2005년 드라마 다시 보는 느낌이였다ㅋㅋㅋㅋ,1,긍정
윤다미,5,2023-12-28 00:01:22,늘짜릿해 채고야 스토리며 캐릭터들 스토리까지 너무 재밌게하고 있는 게임이예요!! 폰겜을잘 안하는데 블루아카이브는 꼭하네요!,0,긍정
임동현,5,2023-12-27 15:36:17,스토리 재생기인데 재밌음,1,긍정
하월주,5,2023-12-27 14:50:41,굳,0,긍정
유가온,5,2023-12-27 14:48:10,장점은 재화 수급이 막 어렵지 않고 서비스와 소통이 은근 잘됩니다. 단점은 나중에 스토리 다 보면 은근 할게 없다. 종도지만 이벤트 스토리가 잘나와서 괜찮습니다. 이대로 만 운영 해주시면 좋겠네요. 좋은 게임 감사합니다.,16,긍정
뮤희,5,2023-12-27 09:26:09,용하형 사랑해,0,긍정
CrDog,1,2023-12-27 04:59:22,이제 넥슨겜에 돈 10원이라도 쓰는날에는 넥슨 사옥 터트리러간다,1,부정
Jay Lee,5,2023-12-27 04:19:26,김용하 그는 신이야!,0,긍정
김소라,5,2023-12-26 21:10:15,12.26 토끼 이벤트 상점 접속이 안되네요 ㅠ 재설치 후에도 안됩니다 확인해주세요~,0,긍정
하다다,5,2023-12-26 07:54:10,재밌어요. 첨에 실행 문제는 있었지만 잘 놀고있어요,0,긍정
원동규,3,2023-12-25 14:51:29,스토리 갓겜 뉴비 너무 불친절겜 레벨올리기 너무 힘듬 기다리는 마음으로 한달동안은 4-1 4-5 돌리거나 경던아니면 골던 돌고 꺼야됨,5,중립
C'est Cool,4,2023-12-25 06:47:52,최적화가 너무 별로인거 같아요.. 복잡한 것도 없는 게임인데,0,긍정
김지훈,5,2023-12-25 05:45:25,GOOD,0,긍정
롯데와플짱,1,2023-12-25 03:52:28,스토리가 너무 아싸찐따가 쓴 냄새가 남 오타쿠가 아니면 쳐다도 안볼게임,6,부정
ᄋᄋ,1,2023-12-25 02:31:34,"컨텐츠 부족, 기대되지 않는 컨텐츠만 가득, 개발력 부족, 매력넘치는 캐릭터들이지만 스토리는 갈수록 하락세 에덴조약이 최고였음",1,부정
Ha Rim Kim,5,2023-12-25 02:08:01,Good,0,긍정
이지환,5,2023-12-24 19:28:40,"블루아카이브가 이제 제 인생 게임이 된것같습니다ㅠㅠ 스토리도 좋고, 캐릭터들도 이쁘고, 전투씬도 좋고 그냥 다 좋은것 같습니다 하지만 몇가지 아쉬운점은 버그가 발생한다든가 재화가 뽑기에 비해 너무 적은것 같습니다. 그래도 블루아카이브는 제 인생게임이란것은 변함이 없는거 같습니다 앞으로도 재미있는 콘텐츠들 많이 만들어주세요!^^",28,긍정
윤태현,5,2023-12-24 18:43:48,캐릭터 하나하나를 다 매력적으로 만든다는게 대단한 것 같음,1,긍정
임태균,5,2023-12-24 16:02:32,재미있어요.,0,긍정
22N,5,2023-12-24 15:48:16,재밌게하고있는데 이번에 크리스마스 이벤트로 보내진 스케쥴 티켓 15개가 수령되지않숩니다. 최대한도거 7개고 그거 다 소모해도 수령이 되질 않습니다.. 근데그거말고는 재밌게 잘 하고있습니다,0,긍정
한상혁,5,2023-12-24 07:30:40,님들아 스토리는 꼭 보셈 진짜 초초초 갓겜임!!!!!,0,긍정
Beli Beli,5,2023-12-24 04:07:50,블루아카 평생 가자,1,긍정
김성엽,5,2023-12-24 03:15:31,유효하지않는 인증정보라며 접속이 안됩니다.,0,긍정
이주환,5,2023-12-24 01:17:29,블루아카이브 진짜 좋은 게임 인것 같아요~~>.< 앞으로도 좋은 서비스 및 오래 운영 해주었으면 좋겠어요,0,긍정
O A,5,2023-12-23 23:17:48,스케줄 티켓 15개가 안먹어지는데 이거 어떻게 하나요?,0,긍정
quit yt,5,2023-12-23 17:09:22,갓겜,0,긍정
권웅비,5,2023-12-23 08:03:40,세리나 사랑해~,0,긍정
김여은,1,2023-12-23 06:20:40,학생인 캐릭터들로 왜이러는지 모르겠음,1,부정
S P,4,2023-12-22 02:40:22,스케쥴 티켓을 전부 소모했는데도 우편으로 온 스케쥴 티켓이 안 받아지네요 확인 부탁드립니다,1,긍정
가즈아,5,2023-12-21 18:30:59,한국게임의 희망,0,긍정
몰?루,5,2023-12-21 16:12:48,김용하 그는 신인가?? 캐릭터를 어떻게 이렇게 잘 뽑지????,0,긍정
한조왼쪽젖꼭지,5,2023-12-21 14:26:13,블루,0,긍정
_강규현,5,2023-12-21 13:35:08,굳,0,긍정
김상화,4,2023-12-21 09:10:13,최의아이,0,긍정
SJ,5,2023-12-21 00:11:12,응원합니다,0,긍정
눈없는선인장,5,2023-12-20 17:50:02,"이 게임의 운영진은 단지 게임을 상품으로 바라보지 않습니다. 이 점만으로도, 우리는 천천히 만들어져가는 이 하나의 세계를 지켜 볼 가치가 있습니다.",0,긍정
임건민,5,2023-12-20 15:15:07,캐릭터들이 너무너무 귀엽고 재미있어요 초반에는 리세마라 하느라 엄청 힘들었는데 좋은 캐릭터를 얻고나니까 진짜 재미있어요 그리고 좋아하는 캐릭터를 얻었을 때 기분이 엄청 좋아요,0,긍정
매지션 오브 블랙 카오스,5,2023-12-20 10:31:43,"겜 여러므로 레전드다. 연령도, 브금도 레전드다. 그리고 내 공허한 지갑과 텅장도.",0,긍정
신승현,5,2023-12-20 09:22:01,굳,0,긍정
Ravoir,5,2023-12-20 08:57:49,넥슨 게임 중 가장 갓겜이라고 평가 하고싶음,0,긍정
서강원,1,2023-12-20 04:55:01,한국어더빙 버전했주세요,0,부정
공양잉,5,2023-12-20 01:56:16,이궈궈던~,0,긍정
박준혁,5,2023-12-19 22:58:25,찬양하라 갓용하,0,긍정
Polygon,5,2023-12-19 15:35:11,이 게임 가챠에 조작이 있는게 분명합니다. 천장 찍기 전까지 픽뚫만 나더니 40만원 박고 천장 찍으니 3성 연속으로 4개 줌,0,긍정
김하,5,2023-12-19 14:57:34,머리 깨졌어요 책임져요,1,긍정
오리나무,5,2023-12-19 14:10:13,옆집 호모버스보단 운영잘함 ㅋㅋ,1,긍정
이하랑,5,2023-12-19 13:56:22,사랑한다 블루아카,0,긍정
마라참치,4,2023-12-19 12:19:04,다 좋은데 원래 노트시리즈 쓰다가 폴드 넘어왔는데 되려 화면이 좁아졌네요... 잘리거나 늘어나거나... 추가 화면비율이 있으면 좋겠네요,2,긍정
Lem Flare,5,2023-12-19 12:12:26,각각의 캐릭터들마다 각자만의 개성이 잘 살아있어서 재밌는 작품,0,긍정
이현희 (현희),5,2023-12-19 11:54:36,양산형 게임도 아니고 매우 재밌습니다,0,긍정
프리미티에,5,2023-12-19 10:03:21,"""완벽한 갓겜""",0,긍정
노형남,5,2023-12-19 09:52:06,굳,0,긍정
lil,5,2023-12-19 09:23:39,겁나재밋다,0,긍정
검은까마귀,5,2023-12-19 09:02:44,최고의 겜,0,긍정
지옥,5,2023-12-19 08:46:53,갓겜,0,긍정
레고도영,5,2023-12-19 08:42:45,나의 인생게임,0,긍정
UNKNWON,5,2023-12-19 08:40:19,예전에 깐적이 있어서 그런지 19세인데 깔리네,0,긍정
김경배,5,2023-12-19 08:35:23,갓겜!,0,긍정
문상원,5,2023-12-19 07:22:03,그냥 갓겜,0,긍정
キムモカ,5,2023-12-19 07:09:37,"잔잔한 인생 속 사랑과 약간의 갈등, 그것이 블아이자 인생이다.",0,긍정
최예찬,5,2023-12-19 06:34:14,개혜자,1,긍정
카윌오르,5,2023-12-19 04:59:32,"캐릭터가 귀엽다, 임무 하나에 로딩이 왜 이리 많은겁니까 UI가 통일되지않아서 여기 눌렀다 저기 눌렀다 피곤함",0,긍정
이정윤,5,2023-12-19 03:36:58,스토리가 좋고 과금 없이도 충분히 즐길 수 있네요,0,긍정
Pain ful,5,2023-12-19 03:14:24,말해 뭐하겠습니까 갓겜이지,0,긍정
Noraneko,5,2023-12-19 03:13:35,SD캐릭터의 호불호를 제외하면(케바케임)모바일 게임중 자신있게 1등이라고 할수있음 괜히 일본시장에서 1등한게 아님 내 일본친구들도 다 블아함,0,긍정
이재희,5,2023-12-18 22:44:27,"2주 AP 패키지 결제가 제대로 이루어지지 않아서 환불을 받으려고 하는데 어떻게 해야하나요? 게임 접속시 메인 화면에서 결제중 오류 발생 항목이 있으며 재결제를 진행한다는 메세지 이후, 구매 항목 세션을 불러오는 과정에서 오류가 발생한다고 합니다.",0,긍정
열불나,5,2023-12-18 21:56:20,굿굿,0,긍정
아쿠아리아,2,2023-12-18 20:22:57,게임성은 안좋은편 불편한점과 이상한점이 한두가지가 아님,2,부정
X. Sioner,5,2023-12-18 16:06:20,"생각외로 스토리가 재밌어서 놀랐어요. 전체적인 세계관이나 설정, 떡밥이 흥미로워서 스토리에 몰입됐어요!",1,긍정
이민섭,5,2023-12-18 05:38:19,ㅈ신 터져서 원기견으로 방황하다 찾았는데 진짜 스토리도 탄탄하고 캐릭성도 좋아서 감탄만 했네요. 작년부터 ㅈ신에서 상실된것을 여기서 채우는 경험이었습니다. 용하형님 충성충성,2,긍정
태보마스터,5,2023-12-17 16:59:35,최고임,0,긍정
안민근,5,2023-12-17 13:27:25,다시보니 천사같다,0,긍정
[다크써클],5,2023-12-16 18:17:06,해피엔딩을 향해,0,긍정
김영완,5,2023-12-15 23:31:50,잼씀,0,긍정
전용민,3,2023-12-15 15:02:41,아 진짜 팅기는 문제 언제 해결해요? 넥슨겜이 왜 이렇게 불안정함,2,중립
HASA,5,2023-12-15 01:42:34,프로그래밍만 잘합시다...,4,긍정
M D,5,2023-12-14 16:18:08,안심하고 믿고해도되는 goat 갓겜,0,긍정
방구석그림쟁이,5,2023-12-13 13:29:00,그냥 미친 갓겜,0,긍정
p o,3,2023-12-13 06:40:05,뭐랄까.. ip 인기는 비정상적일정도로 높은데 게임에 인기가 반영이 안되는 이유를 알겠더라..게임 시스템도 ㄴㅈ이고 막상 sd캐릭터들도 이쁘게 만드는것과 별개로 상호작용도 부족하고.. 쉬운게임으로 만드는건 좋은데 텅빈겜으로 만든거같음 아트팀이랑 시나리오팀은 빡일하고 있는데 게임 디렉터는 놀고있나?생각 들 정도임 저번 2주년때 스토리로 엄청난거 보여줬으니 이번엔 시스템적으로 엄청난거 보여주는게 있었으면 좋겠음,8,중립
조형우,5,2023-12-12 11:17:00,이 게임을 1년 넘게 해왔지만 정말 재미있습니다 꼭 한번 해보세요,0,긍정
MINHYEOK CHOI,5,2023-12-11 14:24:27,갓겜,0,긍정
최태영,5,2023-12-11 12:08:54,남.캐.없.음. 이 4글자만으로 모든 별을 채워주었다,0,긍정
wogh han,5,2023-12-11 03:29:08,"저는 개인적으로 리세마라를 안하고 그냥 진행했습니다. 우려와는 다르게 파고들면 들 수록 재밌더라구요. 밸런스가 뭔가 아쉽다는 생각이 들 때쯤이면 제가 외면했던 그 캐릭이 또 쓰일때가 있고 하니깐 좋았습니다. 가챠게임 특성상 물론 모든 밸런스는 맞지 않은게 맞습니다. 그러나 가볍게 즐기는 저로서는 정말 잘 되었다고 생각이 듭니다. 그리고 스토리도 어찌보면 정말 경제적으로 잘 만들었다는 생각이 들 때도 있지만, 감동 포인트에서는 또 힘을 발휘해서 잘 만들기도 했고요. 애니메이션 언제 나오냐. 빨리 만들어라.",1,긍정
김준경,5,2023-12-11 01:13:25,정말 갓겜입니다,1,긍정
지훈,5,2023-12-10 17:41:48,인생겜,0,긍정
RuNa Te (TeRuNa),5,2023-12-10 12:04:19,청휘석 더 줘!!!!,1,긍정
HYUN 5,5,2023-12-10 11:25:43,학생들이 친절하고 사장님이 맛있어요,0,긍정
푸샴,5,2023-12-10 08:39:17,이뿌,0,긍정
Very First,5,2023-12-10 01:32:54,대황슨,0,긍정
김정우,5,2023-12-09 20:01:17,신이 내일 갓겜 말그대로 갓.겜 근데 겜은 노잼임 ㅋ,0,긍정
LEICA,5,2023-12-09 13:07:33,쟈밌어요,0,긍정
Rito,5,2023-12-09 07:59:46,"부득이하게 접게 된 게임이지만, 게임은 정말 잘 만들었습니다. 모든 캐릭터들이 본인만의 개성을 가지고 있고, 그 매력을 잘 보여줍니다. 또한, 경쟁 요소는 개인적으로 긍정적인 시선으로 보진 않지만 어느 정도의 타협점을 잘 찾은 게임입니다. 앞으로도 잘 운영되길 바랍니다.",2,긍정
Min K,5,2023-12-09 05:15:17,..이게 어째서.. 그보다 어떤 의미로 18세일까.. 12세나 15세일듯한데.. 이게 제일 놀랍다.ㅎㅎㅎ 그보다 블루 아카이브.. 응애나 동생& 언니나 누나같은 그런애들이 많네요. 성우가 뭔가..어긋난듯한 애들도 보이긴하던데 반전매력이라 좋아써요. (🦊 닌닌~♡,0,긍정
영장류GOAT신두형,3,2023-12-09 03:43:44,너무 노잼이잔아...,0,중립
병플,5,2023-12-08 16:48:52,♡♡♡아즈사 사랑해♡♡♡,0,긍정
ronus k,5,2023-12-08 14:58:51,"빛용하, 이 한마디면 끝난다",0,긍정
마인크랩,5,2023-12-08 14:20:04,진짜 갓겜입니다,1,긍정
취미헌터,4,2023-12-08 03:55:26,게임성은 좋은데 노아캐릭터같은 성능 개선좀,0,긍정
-모카플,5,2023-12-07 06:52:41,가챠만 잘 떠다오..,2,긍정
JH P,5,2023-12-07 04:41:15,5점 주고 팔로워 할테니 3성좀 팍팍 주세요 ㅠㅠ,0,긍정
파란봉투,5,2023-12-07 03:30:26,일본 비주얼 아츠 작품들에서 많이 보이는 클리셰를 블루아카이브 메인 스토리로 다시 마주하니 감회가 새롭습니다. 키보토스를 배경으로 한 3D 액션 슈팅 게임 만들어주세요 엉엉엉,0,긍정
우와아,5,2023-12-06 23:35:03,채고야~~,2,긍정
jackson,5,2023-12-06 17:51:59,갓,0,긍정
ᄆᄆᄆᄂᄂᄂ,5,2023-12-06 10:42:01,good,0,긍정
먀먀,4,2023-12-05 16:45:21,"바니앙이 생각하는 몰루의 장단점 장 : 개발진의 높은 십덕 이해도, 뛰어난 캐릭터성, 서사, 스토리 및 연출, 활발한 2차 창작과 게임 외 이벤트(콜라보,음악회를 열다,오프행사 등), 얼마 안걸리는 숙제, 고퀄의 OST와 SD 모델링 단 : '게임'으로서의 요소 전반 (플레이어의 매우 제한적인 조작 권한에도 불구하고 특정 보스의 불합리한 이동 기믹 강제나 위치 선정의 일관성 없음, 부위파괴 게이지의 부재, 안정치 리트 등), 지구온라인과의 6개월 격차로 인한 이벤트 계절감 박살 (한여름의 크리스마스, 눈밭에서 수영복), 사료는 많으나 신캐 출시 텀이 짧고 천장 이월이 없어 소과금은 올컬렉이 힘들 수 있으며, 재화가 정말 많이 빡빡한 편 (성능 or 애정 중 하나를 포기해야 하고 우선 순위가 밀리는 학생은 차례가 안와서 영영 육성하지 못할 확률이 높음), 앱이 무겁고 최적화가 구리지만 pc클라가 없음",0,긍정
겁나약한초보,4,2023-12-05 16:25:49,"거점방어 플레이시에 렉이 걸리는 현상, AP가 가득찼다고 오는 알림과 카페의 시간당 차는 AP의 알람이 게임내의 상황과 맞지않고 심지어 알람이 심하면 10개까지 중복으로 오는 현상등을 고칠 수 있지만 방치하는 건 무슨 심보인가요",2,긍정
황수범,1,2023-12-05 10:51:13,정상인은 이게임 안하지,2,부정
김성태,5,2023-12-05 01:34:57,간단하게 즐기기 좋습니다,0,긍정
츰츰,5,2023-12-04 23:08:41,갓겜,0,긍정
Use TITIA,5,2023-12-04 17:05:17,귀엽고 사랑스럽고 스토리도 감동적이고 분위기도 시원하고 그저 갓 GOaT,0,긍정
박호진,5,2023-12-04 14:00:36,세계 최고의 게임,0,긍정
Donv Kimmy,5,2023-12-04 10:51:41,넥슨 흥해라,0,긍정
동영,5,2023-12-04 10:41:15,가챠겜이라 가격은 높습니다만 솔직히 애정으로 장사하다보니 지른 돈이 별로 안 아깝게 느껴지는 겜입니다 다만 운영진에서 사고도 자주 치며 그 때마다 수습을 잘해 넘어가지만 미래에도 그대로 일지는 지켜봐야합니다,0,긍정
Sakanaru,5,2023-12-04 10:37:37,굿굿,4,긍정
0 0,5,2023-12-04 10:20:17,베리굿,0,긍정
박승준,5,2023-12-04 06:39:04,최고입니다 폰 바꾸니까 렉도 없고 학생들은 여전히 귀엽고 좋네요,0,긍정
캔디샤토,5,2023-12-03 08:02:17,게임성은 별로이나 캐릭터와 스토리가 마음에 드는 게임 앞으로 IP를 잘 살려서 원신같은 3D게임으로도 나오면 좋겠습니다,0,긍정
조카새8,5,2023-12-02 16:24:56,다좋은데 천장 그만치게 아로나를 교육시켜주세요ㅠㅠ,0,긍정
김유성2,5,2023-12-02 01:20:14,너무 재밌어요.,0,긍정
란티스,5,2023-12-01 06:30:30,재밌어요,0,긍정
Lee _Gom,5,2023-11-30 15:04:26,갓용하,0,긍정
이은오,1,2023-11-27 14:54:08,실망을 금할수없는 사건,2,부정
강동훈,5,2023-11-27 12:52:41,"하루에 한 번, 10분으로 숙제가 끝나는 겜이라 아주 만족스러움",1,긍정
서현,5,2023-11-27 12:50:51,재밌음,0,긍정
Dnjsgur wjd,5,2023-11-27 12:44:30,재미있어요,0,긍정
이현우,5,2023-11-27 11:33:25,출시때부터하였고 아즈사라는최애정캐도생겼습니다. 재미있었고 스토리도생각보다좋아요. 캐릭터도 다 개성있고이쁘고 근데 총력전이나 전술대전을 전문적으로하는유저가아니라면 할것들이 조금적은거같기도합니다. 총력전은 현질을많이하지않는이상 거의힘들정도로 골드이상으로가기조금힘들고 그위는 힘듦니다. 그래도 이게임에 애정이있고 이겜은 운영자들도 운영잘하고 할만합니다. 블루아카이브 운영팀분들 응원합니다. 오늘까지도 잘즐기고있습니다.,1,긍정
신혜민 (I Need Water),5,2023-11-26 02:12:35,'성'진국이 일본만은 아니다.,1,긍정
유상원,5,2023-11-24 23:47:00,스토리 좋음 캐릭터성 좋음 스토리 서사에서 오는 캐릭터 어필이 개쩜 추가로 파스텔톤 그림체도 좋음,0,긍정
kiloyun 122,5,2023-11-23 16:14:21,개추,0,긍정
키츠네,5,2023-11-23 10:48:32,최고!,0,긍정
사크로메,5,2023-11-23 08:46:25,건전하고 밝은 게임,0,긍정
정의현 부계1,5,2023-11-23 06:33:31,캐릭터가 너무 기엽고 섹시해서 조아요!!,0,긍정
ᄋᄋᄋ,5,2023-11-23 04:11:51,스토리가 재밌고 등장인물들의 캐릭터성이 좋음 게임 전투연출이 아쉬웠으나 나날이 발전하고 있음,0,긍정
솔미,5,2023-11-23 02:07:50,게임하기전 특 5점벅고 생각함,0,긍정
kim tt,2,2023-11-21 12:33:23,리세마라에 지쳐 떠납니다. 인권캐 하나 정도는 갖고 이륙하고 싶었으나 지치네요. 내가 이걸 왜 하고 있나 현타가 씨게 옵니다.,0,부정
니유,1,2023-11-20 12:15:20,재미가 어딨는지,0,부정
ソフィー・トワイライト,5,2023-11-20 01:31:13,옛날엔 욕만 했는데 지금은 원하는건 다 얻기도 했고 스토리 너무 재밌게 보고 이번 애니플러스 콜라보 카페도 갈려고 준비중,10,긍정
Leo __Park,1,2023-11-19 22:30:36,오늘 처음 다운로드하고 플레이했는데 튜토리얼부분이 끝난것으로 보일때 갑자기 illegal program detected 하면서 들어가지지가 않네요 검색을해봐도 제3다른 프로그램을 사용하지않아도 이렇게 못들어가게 막으면 어떻게 플레이 하라는거죠? 프롤로그말고는 아므것도 못하는건가요 정식이고 플레이스토어에서 다운받은건데도요?,2,부정
콜롬비나,5,2023-11-19 19:10:25,다시 올립니다 별1000000개 주고싶은마음은 변함 없구요 게임은 좋아요 오래도록 함께 했으면 좋겠습니다^^,0,긍정
Ssffyrd De,5,2023-11-19 03:05:53,선생님들은 지금 이 기적같은 블루 아카이브의 시대에 살고 있습니다!,1,긍정
MM HMM,5,2023-11-19 02:38:22,겜해보니까 망겜임,1,긍정
2가든,5,2023-11-18 12:45:12,"일단 게임은 최고입니다! 너무 재밌고 캐릭터도 예쁘고 무엇보다 스토리가 진짜 재밌어요ㅠㅠㅠㅠ 에덴조약 꼭 보세요 두번 보세요ㅠㅠㅠㅠㅠㅠㅠㅠㅠㅠ 한가지 버그가 있는데 게임에 접속한 상태에서 화면을 껐다 키면 게임 소리가 안 들립니다ㅠ 이 버그 빼면 다 좋아요! 요즘 많이 퍼줘서 행복합니다 ㅎㅎ 용하는 신이야!!! +본인 무과금인데 현재 한정캐 전부, 성능캐(자주 쓰이는 캐) 전부 가지고 있습니다 처음부터 꾸준히 열심히하고 조각작도 열심히 하다보니 상위권 유저가 되었어요 ㅎㅎ 무과금도 충분히 할 수 있는 게임입니다!!",28,긍정
최윤호 (윤호선생),5,2023-11-17 13:16:11,블루아카이브 2년차 입니다!!!! 전에 비슷한 게임이 있었는데 그 게임은 접었습니다... 하지만 블루아카이브는 질리지도 않고 학생들을 보면서 힐링이되고 기분이 좋았습니다 제가 지금 군생활을 하고있는데 여기저기 혼나면서 지내고있습니다.... 하지만 우리 학생들덕분에 군생활을 열심히 하고있습니다.... 저는 블루아카이브가 계속계속 쭉 이어갔으면 좋겠습니다!!! 개발자분들 에게 정말 감사합니다!!!! 백골!!!!,0,긍정
-땃쥐-,5,2023-11-17 09:32:44,카즈사 뽑으러고 100뽑했는데 3성5개가 다 딴거뜨냐... 꼬아서 접는다.. 솔직히 게임은 재미있고 좋다.,0,긍정
진진돌이,5,2023-11-17 07:22:27,와... 가챠가 안뜬다고 1점을 주네 그냥 단순히 게임성만 보고 점수를 매겨라 잼민이들아,3,긍정
MJ,5,2023-11-16 14:39:28,전투도 지루하지만 좋고 스토리는 개좋고 과금시스템도 좋고 캐릭터도 좋고 뭐도좋고 다좋은데 제발 세미나 특히 유우카 스토리 비중좀 늘려주세요.....,1,긍정
백창기,2,2023-11-16 06:02:15,3성이 너무 안 뜸.3성확률좀 높여줬으면 좋겠음,0,부정
심지,5,2023-11-16 04:07:27,히힣 캐릭터 이쁘다,0,긍정
하늘무리,1,2023-11-15 19:55:24,ㅋㅋ 가챠 개창렬 무한리트지옥 정공전까지 스토리랑 캐릭터성 빼면 답없는데 리뷰도 지우나보네,1,부정
아이고맙소사,5,2023-11-15 02:33:27,"10개월 정도 분재로써 재미있게 즐기다가 총력전, 시험 등이 피곤해서 이젠 놓아준다... 몰?루",0,긍정
홍경수,2,2023-11-14 16:33:01,한국어 음성이나왔다거해서 변경할려고했는데 설정에서도 안보이네요,1,부정
김한휘,5,2023-11-14 08:04:23,와캬퍄헉농쭉튼빵뿅,0,긍정
핸디타투구리타투,5,2023-11-14 06:30:45,맘스터치피자앤치킨 별내역점 블루 아카이브 쿠폰행사중 지금 피자 치킨 드시고 블루 아카이브 쿠폰 이벤트 진행해보세요 불루 아카이브 화이팅,0,긍정
g jo,5,2023-11-14 06:26:43,소 솔직히 말해서 지금 Y700 태블릿으로 플레이 중인데. 캐릭터 일러 해상도가 낮아서 기분이 그 우울해요. 흑흑. 테블릿용 고해상도 이미지라던가 혹시 추후에 추가될 수 있을까요.,1,긍정
리리,5,2023-11-14 04:16:15,별점 1점 리뷰를봤는데 리세를 해야하는 구조 라는 게임은없음. 누가 칼들고 협박한것도 아니고 주는대로 받고 시작하면 됨.,0,긍정
김창현,1,2023-11-13 15:48:42,쓰레기겜,0,부정
비아레,5,2023-11-13 12:52:40,삼만원 충전 했는데 결제가 안됨 개발자 님들 빨리 답글좀 남겨주세요,0,긍정
권성범,5,2023-11-11 18:01:07,가끔 별로인가? 몰?루 갓겜인가? 아!루,0,긍정
곰탱곰탱,1,2023-11-11 12:10:02,할거없다,0,부정
아채,5,2023-11-11 07:39:06,"""갓겜 입니다""",0,긍정
くろ,5,2023-11-11 04:01:49,용하갓그는신이야용하갓그는신이야용하갓그는신이야용하갓그는신이야용하갓그는신이야용하갓그는신이야용하갓그는신이야용하갓그는신이야용하갓그는신이야용하갓그는신이야용하갓그는신이야용하갓그는신이야용하갓그는신이야용하갓그는신이야용하갓그는신이야용하갓그는신이야용하갓그는신이야용하갓그는신이야용하갓그는신이야용하갓그는신이야용하갓그는신이야용하갓그는신이야용하갓그는신이야용하갓그는신이야용하갓그는신이야용하갓그는신이야용하갓그는신이야용하갓그는신이야용하갓그는신이야용하갓그는신이야용하갓그는신이야용하갓그는신이야용하갓그는신이야용하갓그는신이야용하갓그는신이야용하갓그는신이야용하갓그는신이야용하갓그는신이야용하갓그는신이야용하갓그는신이야용하갓그는신이야용하갓그는신이야용하갓그는신이야용하갓그는신이야용하갓그는신이야용하갓그는신이야용하갓그는신이야용하갓그는신이야용하갓그는신이야용하갓그는신이야용하갓그는신이야용하갓그는신이야용하갓그는신이야용하갓그는신이야용하갓그는신이야용하갓그는신이야용하갓그는신이야용하갓그는신이야용하갓그는신이야용하갓그는신이야용하갓그는신이야용하갓그는신이야 갓겜,0,긍정
john kim,1,2023-11-11 03:29:52,광고 낚시,0,부정
낟알,3,2023-11-11 02:45:05,재미가 없어요,0,중립
Haneul,5,2023-11-10 16:06:56,영원한 인생 최고의 게임..,0,긍정
페페,1,2023-11-10 14:02:10,씹덕겜,1,부정
Justin Kaido,1,2023-11-10 00:52:54,15만원 썼는데 아무것도 안나오는거 시롸입니까 이거 확률 조작 아닙니까. 개 어이가 없네,7,부정
u u,5,2023-11-09 16:09:37,게임 시나리오 스토리가 참 정말 좋아요. 오케스트라 복장들도 괜찮던.. 로비에 그대로 쫙깔아두면좋겠던... 빰빠까빰,0,긍정
유태환 (Planete),5,2023-11-09 13:05:59,이 게임은 제 인생을 바꿔놓았습니다.,0,긍정
송석인,5,2023-11-09 13:00:32,15금 왜함 그냥 18금하지,0,긍정
서예현,5,2023-11-09 04:21:20,배경이 너무 예뻐요!!,0,긍정
김정민,5,2023-11-08 02:32:57,밝고 건전한 게임,0,긍정
Jiyu Park,5,2023-11-07 22:38:34,좋습니다,0,긍정
크림치즈,3,2023-11-07 10:54:48,그냥겜,0,중립
137 I,5,2023-11-06 12:55:20,현재 나온 국산 모바일 게임 중에서는 TOP3에 들만큼 재미있는 게임이라고 생각합니다 ^^,0,긍정
류동훈,1,2023-11-06 04:14:56,오타쿠들이 좋아 할 듯,0,부정
Jack Kim (IdleFanatic IF스페이드),5,2023-11-05 19:29:03,몰?루,2,긍정
미래평화,5,2023-11-05 15:20:31,PC 클라는 없는건가요 PC가 편한데 다른 겜처럼 있는줄 알았는데 없는거 보고 당황...,0,긍정
아깽이,5,2023-11-04 15:22:56,ㅋㅋㅋㅋㅋㅋㅋ 와 리뷰를 지워버리네 대단하다,4,긍정
김종우,5,2023-11-04 12:59:06,용하형 사랑해,0,긍정
Red96,5,2023-11-04 06:00:56,최고다!!!!!,0,긍정
이유준,5,2023-11-04 03:43:05,"에덴 조약도 그렇고 스토리 너무 좋은데, 현재 진행중인 그 사운드 오케스트라? 그거 웹 이벤트가 첫날 말고는 흰 화면만 떠서 애들 말도 못 보고 청휘석도 못 받고 있어요.",0,긍정
고현준,5,2023-11-04 03:15:56,좋아하는 게임입니다 많이 플레이하고 있는데 요즘 업데이트를 하고 용량 7052.3MB를 다운로드하는데 기기 저장 공간이 없다고 뜨네요? 오류코드 80203 8GM 여유가 있습니다,0,긍정
aoal ddwdas,2,2023-11-04 03:04:59,3장 24 예로니무스 너프 좀ㅋ,1,부정
임형진,5,2023-11-04 01:36:11,노랑 아카이브노,0,긍정
무장왕녀,3,2023-11-03 16:47:53,가챠 개매움 이게맞나 싶을정도로 픽업도 개악질이고 무과금 할순있음 근데 어느순간 과금해야함 한정캐에 그것도 좋은캐면 절대 무과금은 얻을수 없음 운좋지않으면 캐릭빨장사에 뭐란들 못하겠지만 캐릭빨 장사는 인정하나 적어도 천장 초기화는 씹...에휴,6,중립
이재훈,5,2023-11-03 14:12:12,goat,0,긍정
_ OSCAR,5,2023-11-03 07:43:10,갓겜!,0,긍정
임소해,5,2023-11-03 04:27:39,"너무 마음에 맞는 게임을 찾은것 같다. 스토리, 디자인, 플레이 방식 어쩌면 여태까지 폰겜에 관심없던 이유가 이걸 기다리기 위해서인가? 라는 생각이 들 정도다.",0,긍정
차주,5,2023-11-02 12:42:53,플레이 포인트를 못쓰는게 너무 아쉽네요,0,긍정
박태진,5,2023-11-02 08:28:16,까스레인쥐,0,긍정
Nick Sun,1,2023-11-02 02:57:54,"리뷰 벌써 몇번 지워짐, 이런건 되게 열심히 하네. 부정적인 리뷰는 다 없애버리시고 긍정적인 리뷰만 원하신다면, 그냥 리뷰 섹션을 없애 버리십쇼. 그쪽 일하시는 분들은 아주 돈 쉽게 버셔서 기분 좋겠습니다. 지들 말로는 확률가지고 장난 치지 않았다고 우기는데, 그럼 증거를 보입시쇼. 증거도 없이 그냥 믿으라고만 하면, 그게 말이 됩니까?. 현질하실꺼면 딴게임에서 현질 하는걸 권장합니다.가챠 확률이 말도 안됨. 3성이 뜨더라도 천장으로 뜸. 아시다 시피 천장자체 부터가 말이 안됨. 중복 3성은 덤임.글로벌 서버에 대한 운영은 하지도 않음. 일본이나 중국만 퍼줌. 넥슨 초기 때 부터 넥슨 게임을 많이 한 사람으로써 진짜 실망이 큽니다. 옛날에는 양심이라도 있었지 이젠 그냥 마구잡이로 운영임, 어차피 돈은 계속 들어 온다는 마인드임.",4,부정
류효동,5,2023-11-01 21:24:31,블루아카이브를 하고 있는 유저입니다. 지난주쯤에 업데이트가 있었는데 그때 좌우 화면에 지금까지 없었던 레터박스가 생겼어요. 예전에는 없었는데 왜 갑자기 생겼는지 모르겠습니다. 없애줄 수는 없는 걸까요?,6,긍정
양치기손자 (양치기손자),1,2023-11-01 20:26:14,150연차 했는데 3성 한마리 나와서 접겠슴다,2,부정
정동규,5,2023-11-01 16:54:06,"캐릭터와 스토리가 정말 매력적인 게임 매인, 이벤트 스토리에서도 주연으로 등장하는 학생들의 매력을 잘 어필하며 메모리얼 로비와 매우 귀엽고 캐릭터의 매력을 잘 나타낸 SD의 모션을 보면 개발진이 애정을 가지고 캐릭터를 만들었다는 것이 잘 느껴짐 하지만 1년이 넘는 시간 동안 하면서 항상 아쉬운 점은 매인 컨텐츠인 총력전과 pvp인 전술대항전에서 운이 승패와 클리어에 미치는 영향이 너무 큰 것임 총력전은 크리, 안정치, 총력전 보스들의 패턴과 공격받는 학생에 따라서 클리어에 매우 큰 영향을 주고 전술대항전은 첫번째 스킬이 누구인지,탱커가 회피를 얼마나 잘하는지가 승패에 가장 중요함 그런데 위의 요소들이 전부 다 운에 따라 결정되니 플레이어가 조정할 수 없어 매우 불합리하게 느껴지고 짜증을 유발함 개인적으로는 이런 지나치게 운에 의존하는 부분부터 개선하면 더 좋은 게임으로 발전할 수 있을 것 같고 지금처럼 계속 잘 나가면 좋겠음",4,긍정
정태하,3,2023-11-01 14:55:03,"현질 안하고 7개월 동안 뽑기를 했는데 픽업 캐릭은 커녕 다른 중복 캐릭터 또는 아예 안뜨는데 뭡니까 뭐 현질한 사람만 잘 뜨게 시스템을 만들었나? 현질 안하니까 픽업 캐릭이 뜨지를 않는데 확률 조작한거 아닌가 싶을 정도로 진짜로 안 나와요 중복 뜰때 주는 조각은 뭐 쥐꼬리만큼만 주고 이러니까 중복도 안뜬거나 마찬가지로 의미가 없다 싶어요;; 하지만 나머지는 정말 좋아요 뽑기야 솔직히 리뷰에다가 적을정도 많이 불만족 스럽지만 나머지(캐릭터의 스타일, 단편과 장편 스토리 등등)는 좋습니다 뽑기를 제외한 모든건 정말 잘 만드신 게임이라고 생각합니다^^d",5,중립
꼬꼬,5,2023-11-01 09:29:16,취향맞으면 인생겜,0,긍정
루츠,5,2023-11-01 09:27:30,모든 캐릭터에게 기억로비 추가해줘요,0,긍정
Jaehong Ahn,5,2023-11-01 07:20:20,"스토리 좋음. 단, 세계관과 내용 흐름에 아직 적응 못한 초반에는 상당수의 내용이 중증 중2병 말기로만 보일 수도 있음. 각 캐릭터들의 매력과 고유스토리도 좋고, 일러도 마음에 듦. 전투플레이 방식은 다른 게임에서 흔한지 난 모르겠지만, 나름 신선하고 조작이 어느 정도 가미되어야 하면서 심플해서 만족함. 여러 재화/자원 관리를 잘해야 하는 게임이라, 다른 게임보다도 초반에 재화를 별 생각 없이 쓰는 행위를 더욱 조심해야 함. 경쟁컨텐츠에 관심이 크게 없다면 과금압박은 거의 없음.",19,긍정
김민수,5,2023-11-01 03:27:23,화이팅,0,긍정
로열플레어,1,2023-10-31 22:22:22,이번 이벤트 미니게임이 강요되는게 너무 아쉽습니다.,1,부정
박스피그,5,2023-10-31 22:19:26,아루쨩아루쨔아루쨩아루쨩아루쨔아루쨩아루쨩아루쨔아루쨩아루쨩아루쨔아루쨩아루쨩아루쨔아루쨩아루쨩아루쨔아루쨩아루쨩아루쨔아루쨩아루쨩아루쨔아루쨩아루쨩아루쨔아루쨩아루쨩아루쨔아루쨩아루쨩아루쨔아루쨩아루쨩아루쨔아루쨩아루쨩아루쨔아루쨩아루쨩아루쨔아루쨩아루쨩아루쨔아루쨩아루쨩아루쨔아루쨩아루쨩아루쨔아루쨩아루쨩아루쨔아루쨩아루쨩아루쨔아루쨩아루쨩아루쨔아루쨩아루쨩아루쨔아루쨩아루쨩아루쨔아루쨩아루쨩아루쨔아루쨩아루쨩아루쨔아루쨩아루쨩아루쨔아루쨩아루쨩아루쨔아루쨩아루쨩아루쨔아루쨩아루쨩아루쨔아루쨩아루쨩아루쨔아루쨩아루쨩아루쨔아루쨩아루쨩아루쨔아루쨩아루쨩아루쨔아루쨩아루쨩아루쨔아루쨩아루쨩아루쨔아루쨩아루쨩아루쨔아루쨩아루쨩아루쨔아루쨩아루쨩아루쨔아루쨩아루쨩아루쨔아루쨩아루쨩아루쨔아루쨩아루쨩아루쨔아루쨩아루쨩아루쨔아루쨩아루쨩아루쨔아루쨩아루쨩아루쨔아루쨩아루쨩아루쨔아루쨩아루쨩아루쨔아루쨩아루쨩아루쨔아루쨩아루쨩아루쨔아루쨩아루쨩아루쨔아루쨩아루쨩아루쨔아루쨩아루쨩아루쨔아루쨩아루쨩아루쨔아루쨩아루쨩아루쨔아루쨩아루쨩아루쨔아루쨩아루쨩아루쨔아루쨩아루쨩아루쨔아루쨩아루쨩아루,0,긍정
임프로 (샤아),5,2023-10-31 22:14:47,갓겜,0,긍정
리가든,5,2023-10-31 17:23:48,최고지않나요...,0,긍정
강형욱이포기한개,5,2023-10-31 17:07:35,몰？루 www,0,긍정
메이네드(메이네드),5,2023-10-31 17:05:37,서브컬쳐와 모바일 가챠겜의 빛이요 희망 물론 모바일 수집형 게임으로 잘만들었다는 뜻 Free to play,0,긍정
정민,5,2023-10-31 16:29:07,블루아카 화이팅,0,긍정
윤권상,5,2023-10-31 16:13:41,제발 한 천장 안으로 나와주세요,1,긍정
RAUL,3,2023-10-31 15:16:56,캐릭터 디자인이 취향이 조금 안맞는것도 있고 sd캐릭터 디자인도 맘에 안들지만 게임성은 괜찮은 편이고 스토리도 나름 좋은편 하지만 게임에서 할수있는 컨텐츠가 많지는 않고 거의 화초 키우는형식의 게임이어서 게임의 흥미가 너무 떨어짐,1,중립
비천,5,2023-10-31 14:07:05,몰루 2주년 ㅊㅊㅊㅊㅊㅊㅊ,0,긍정
달토끼 레비,5,2023-10-31 12:49:56,인생갓겜,0,긍정
카디넘,5,2023-10-31 12:22:22,게임 시작 시 타이틀 화면 클릭 후 튕김현상이 있습니다.,0,긍정
Cloud Star,5,2023-10-31 12:17:30,좋다 좋아~,0,긍정
lil Cantabile,5,2023-10-31 11:28:57,갓겜,0,긍정
시원한당근,5,2023-10-31 10:55:31,기본적인 게임 플레이는 조금 지루할 수도 있지만 완성도가 높고 뛰어난 연출력의 스토리 하나 만큼은 이 게임을 이길 모바일 게임이 존재하지 않는다.,0,긍정
규범,5,2023-10-31 10:51:34,흑흑 3성이 새로운 학생이 와주면 좋을텐데,0,긍정
스뽀,5,2023-10-31 10:31:39,메이드 아리스 주란말이오,0,긍정
알꼬르쎄요,5,2023-10-31 10:05:56,이런 류의 개임을 좋아해서 저는 개인적으로 좋았네요,0,긍정
치약소년,5,2023-10-31 09:41:36,역대 최고의 게잉,0,긍정
bolt win,5,2023-10-31 09:26:39,명작,0,긍정
황지수,5,2023-10-31 09:19:05,얘들아..너희들의 끝내주는 서사시를 사랑한다..,0,긍정
바요댤 (바요댤),5,2023-10-31 09:10:20,메이드 아리스 뜨게해주세요 빰빠카빰,0,긍정
고냥미,5,2023-10-31 09:02:56,최고의 게임,0,긍정
ᄉ드,5,2023-10-31 09:02:28,과거의 돈슨이라는 별명으로 불렸던 넥슨이 블루아카이브 하나만으로 한국 게임사의 미래가 됐다고 생각합니다,0,긍정
비둘기,5,2023-10-31 09:02:09,저를 행복하게 해줘요,0,긍정
미래,5,2023-10-31 09:01:41,게임 완성도는 모르겠음,1,긍정
nackero post,5,2023-10-31 09:01:01,최고,0,긍정
루스라그나,5,2023-10-31 08:58:39,나의 최고의 베스트 게임이 되어 주셔서 감사합니다.,0,긍정
닉_,5,2023-10-31 08:12:36,스토리 재밌어요,0,긍정
김미정,5,2023-10-31 07:45:22,다른 요소는 전부 좋았지만 한가지 아쉬웠던 점은 메인 스토리에 보이스 더빙이 없다는 것입니다. 일본어라도 좋으니까 메인 스토리에 보이스 더빙이 추가된다면 더이상 바랄 것 없을 것 같습니다. 정말 재미있는 게임입니다.,0,긍정
티비박스,5,2023-10-31 06:46:16,게임이 재밌는가? no 캐릭터에 치이는가? yes 학생들 때문에 한다 ㄹㅇ,0,긍정
Walker0576,5,2023-10-31 06:08:35,인생갓겜,0,긍정
Skallet Ss,5,2023-10-31 05:21:10,이 시대 최고의 게임 블아 최고의 디렉터 용하햄,0,긍정
김양근,5,2023-10-31 04:22:27,갓겜입니다,0,긍정
Lee,5,2023-10-31 03:57:08,토끼토키기원,56,긍정
전진우,5,2023-10-31 03:53:52,최고의게임,0,긍정
박정현,5,2023-10-31 03:37:29,"정말 pv를 볼 때마다 감회가 새롭습니다. 처음 아무것도 모를 때는 감동을 느끼지 못했는데 스토리를 전부 깨고 봤을 땨 감동이 밀려왔고, 분명 봤던 pv임에도 한국어로 들으니 다시금 감동을 되새겼습니다. 컷신을 음악과 함께 보여주는 것임에도 정말 이루어 말 할 수없는 감동을 주는 이 게임 맛있습니다.",15,긍정
임성민,5,2023-10-31 03:24:35,벌써 2주년이라니.. 오랜만에 길게 할수있는 겜이 곧 되는건가,0,긍정
송영건,5,2023-10-31 03:24:06,👍,0,긍정
이승현,5,2023-10-31 03:15:58,2주년축하해!!!,0,긍정
dontbe,5,2023-10-31 03:06:28,그나마 제일...,0,긍정
도리도리,5,2023-10-31 02:56:40,굿,0,긍정
HAN JONG KO,5,2023-10-31 02:55:53,"이 겜은 분재겜 입니다. 총력전 플레티넘이나, 모든 학생 컬렉팅이 목표가 아니라면 솔직히 월정액 조차 할 필요 없습니다. 저는 둘다 목표가 아닙니다. 그럼에도 불구하고, 한섭 오픈날부터 월정액 꼬박꼬박하고, 가끔 패스 때 보태고, 게등위때 사태때 4시간씩 줄서서 한줄 보탠 건, 내가 이겜의 세계관을 사랑하니까. 내 지갑과 시간이 이 세계관을 유지하는데 도움이 되었으면 하니까.",4,긍정
유은상,5,2023-10-31 02:54:57,최고의게임,0,긍정
허균,5,2023-10-31 02:16:19,굳,0,긍정
김준민,4,2023-10-30 10:30:26,재밌어요,0,긍정
강선,5,2023-10-29 17:33:21,진짜 ㄹㅇ갓겜 입니다!! 일단 스토리가 매우 풍부하고 스토리가 진짜 ㄹㅇ 너무 좋아요!! 하지만. 단점이 있다면 현질 한 사람들과 안 한사람들의 차이가 너무 심하게 나타나게 되는것이 아쉽습니다. 재화를 많이 주긴 하지만 뽑기확율이 너무 낮은거 같습니다ㅜ( 확율좀 높여줘여ㅜㅡㅜ),2,긍정
SungChan Lee,5,2023-10-29 17:32:34,스토리와 플레이어의 경험에 대해 겉포장이 아니라 제대로 신경을 쓰는 몇안되는 게임 그리고 그렇게 만든 결과물도 훌륭함,0,긍정
박두꺼비,5,2023-10-29 16:21:26,갓겜이다,0,긍정
김김우영,5,2023-10-28 16:57:27,18세먹은 블아 ㅋ 그래도 게임은 재미있네요,0,긍정
김강호,5,2023-10-28 04:27:46,유일하게 지금까지하는 폰겜 갓겜 소리들어도 되는 국내유일 원탑킹갓제너럴 모바일 수집게임. 뭐하나 딱히 단점이 없는거같음. 정말 가볍게 오래즐길수있음. 단 월정기결재는 필수로 해줘야함. 이겜은 이정도는 지불해줘야함. 정말 이런 겜 알아서 감사함. 현제 이거말고 대체할 수 있는 게임이 없다고 생각함,7,긍정
JICHEOL KANG,5,2023-10-26 16:04:48,가이드미션에 스케줄 관련된건 완료가 안되네요(해결됨),0,긍정
Sunny Masu,5,2023-10-25 02:25:15,"사랑스러운 캐릭터들, 훌륭한 스토리만으로도 이 게임을 할 가치는 충분하다. 진성 덕후들이 만든 덕후들의 감성을 자극하는 게임이란 이런것인가라는 생각이 들게 함. 게임 육성이나 캐릭터 모으는건 다소 비싸다고는 하지만 우마무스메에 비하면 양반이다(...?) 개인적으로 넥슨에 대한 기업평가를 좀 바꾸게 해준 게임임.",1,긍정
최철호 (데비루),5,2023-10-21 19:35:55,샬레 임무가이드 5일차 7-5노말 240초이내 클리어가 안깨집니다,0,긍정
차재훈,5,2023-10-21 19:24:29,미카복각 제발,1,긍정
수영,1,2023-10-18 01:22:04,세나키우기에서 광고가 너무길어,3,부정
매쉬일플,5,2023-10-17 16:22:07,갓겜,0,긍정
김현중,5,2023-10-17 02:59:59,자지금부터가하이라이트다,1,긍정
임성렬,5,2023-10-17 02:04:18,갓겜,0,긍정
강데스,5,2023-10-16 17:14:17,갓겜,0,긍정
김리건,5,2023-10-16 12:37:29,몰?루,0,긍정
dsa dd,5,2023-10-15 09:44:28,게임 흥해라~,2,긍정
irony0728,1,2023-10-14 04:42:08,로그인 정보 전환했더니 데이터 다 날아감 겜수쥰,0,부정
김예서,5,2023-10-11 08:05:55,스토리 퀄이 높아요,0,긍정
ᄋᄋ,5,2023-10-10 23:20:05,역사상 최고의 게임,0,긍정
ᄋᄋ,5,2023-10-10 09:26:32,스토리 보는 맛에 합니다..,0,긍정
사람지나가는,5,2023-10-09 08:34:12,갓겜이지만 게임이 아님,1,긍정
카카우킹,2,2023-10-09 07:21:10,이상할 정도로 고평가 받는 게임 즐길만한 컨텐츠라곤 총력전 하나뿐에 스토리는 텍스트 끄적끄적 일러 가끔 한두장 무한 반복 이벤트도 스토리랑 똑같이 색다른 경험같은건 1도 없이 맵 전투스킵 뺑뺑이 재화파밍 상점털기 끝,2,부정
조약돌[조약돌],5,2023-10-08 16:44:13,온 세상이 블루아카이브다,0,긍정
박서현,5,2023-10-08 07:29:18,"요즘 대세인 미려한 3D 기반의 게임이 아닌, 슬라이드 쇼와 텍스트로 진행하는 방식이 꺼려져서 플레이를 주저했던 게임입니다. 결론부터 말하면, 그럴 걱정할 이유가 없었고 재미있었습니다. 우려와는 달리 텍스트 기반 게임의 단점을 삽화와 캐릭터 디자인으로 보완하고, 색안경을 끼고 바라볼 수 밖에 없었던 수집형 RPG의 장점을 최대한 살려서, 학생을 수집하는 재미를 느끼게 하는 게임입니다. 하지만 결국 랜덤 모집 방식과 한정 배포 형태의 가챠게임이라는 점은 변하지 않아서, 솔직히 게임을 통해 느낀 재미와 감동에 비해 비용은 상당히 비싼 편이었습니다. 가볍게 즐기기 좋은 게임입니다.",121,긍정
나는사람이다,5,2023-10-07 11:56:07,게임👍 스토리가 재미있음.,0,긍정
백꼬순,5,2023-10-07 11:51:22,이시대의 영광그저goat,0,긍정
Chris L,1,2023-10-07 08:13:05,ㅣ1 YouTube 뮤직,0,부정
김정민,5,2023-10-06 23:40:28,처음으로 한 서브컬쳐 게임인데 제일 오래한 게임이 되었습니다. 캐릭터들 보는 맛이 좋은 게임입니다,0,긍정
꽃말,5,2023-10-06 22:40:54,♥,3,긍정
조규철2,5,2023-10-06 03:12:56,ㅠㅡㅠ 눈에 안 되는거야,0,긍정
김성묵,1,2023-10-05 23:43:17,솔직히 게임성도 너무 구리고 구석기시대에 출시한 게임같이 퀼이 너무 낮네요,0,부정
Hak Lee,5,2023-10-05 21:04:51,사랑(아가페),0,긍정
ᄋᄋ (홀리몰리),5,2023-10-05 16:24:59,갓겜,1,긍정
이근호,5,2023-10-05 14:58:39,재미와 감동이 있는 게임 5점이란 이런게임을 위한 점수지,0,긍정
정재헌,1,2023-10-05 13:19:00,오랫동안 했는데 고즈 하다가 지웠네요 스트레스 받으면서 게임하고 싶지 않아요,6,부정
정재훈,3,2023-10-05 08:38:03,장점 1. 스토리가 좋다. 2. 학생들이 귀엽고 개성있다. 3. 극 분재겜의 특성을 띄고 있어서 꾸준히만 해주면 돼서 편하다. 4. 초반에 유료재화를 많이 준다. 단점 1. 개인적으로 전투가 그다지 재미있지는 않다. 2. PVP랄만한게 없다. 오토시스템이고 랜덤성이 짙어 운에 맡겨야 한다. 게다가 좋은 조합풀의 스펙트럼도 매우 한정적이어서 가치가 없다. 컨트롤이 없고 랜덤하니 카운터의 개념도 희박하다. 3. 생각보다 가챠의 확률이 낮은 느낌이다. 4. 중후반 부터는 유료재화의 수급이 많이 줄어든다. 5. 생각보다 밸런스가 별로다. 특정 학생이 없으면 무조건 손해보는 구조이다. 그런 식으로 설계를 해놓은 부분이 제법 있다. 다른 게임에 비하면 양반이겠지만 대체제도 적은 것이 문제 게다가 뽑고자 하는 한정의 복각시기는 꽤 오래걸리기 때문에 그걸 놓치게 되거나 그 시기에 뽑지 못하면 컨텐츠에 차질이 생기고 다른 유저와의 성장에 큰 차이가 생기므로 불합리함을 많이 느낄 수,10,중립
XKDNR,5,2023-10-02 16:35:19,정말 갓ㅡ겜입니다,0,긍정
배승민,5,2023-10-02 16:25:36,너무재밌겠네요,0,긍정
장발장,5,2023-10-02 15:49:03,접속이 되어야 뭘 하든가 하지,2,긍정
김민규,4,2023-10-01 19:32:36,특별한정픽업만 없으면 갓겜 이 특별한정픽업때문에 기본적으로 천장칠것까지 대비해 청휘석 48000개를 디폴트로 계속 가지고 있어야함 저번에 몇개나 천장처서 3개나 놓쳤더니 할맛이 안남,1,긍정
낫띵,5,2023-10-01 14:16:46,블루아카이브 라는 소재로 좀 더 다양한 게임이 나왔으면 좋겠습니다. 지금은....솔직히 블루아카이브의 잠재력을 끌어오기에는 부족한 게임성 같아요,0,긍정
이정우,4,2023-10-01 06:46:04,신규 유저 미션 중 일부가 완료가 됐는데도 보상이 안 받아집니다.;;;;;;,0,긍정
smart na,5,2023-10-01 01:02:23,비주얼 노벨게임인데 더빙이 적은게 아쉽네요~^^,0,긍정
Daeil Kim,5,2023-09-30 13:29:41,슌에 맞을떄마다 반중반공 다짐하게됨,1,긍정
황민혁,5,2023-09-30 09:46:47,호시농 ㅋㅋ,0,긍정
김안식,5,2023-09-30 07:32:54,몰?루,0,긍정
임원혁,5,2023-09-30 05:58:28,아 걍 다 좋다고ㅋㅋ,0,긍정
너랑나랑드,5,2023-09-30 02:08:29,일반인도 빠지게 하는 게임,0,긍정
우기철,4,2023-09-30 00:35:47,"혹시 음성도 중국말으로 말고 언어처럼 한국말로 말하게 해주시면 감사하고 또한 15세 불루아케이브도 한국음성으로 말을하게 해주시면 감사하겠습니다 왜냐하면 한국 유저들도 있는데 왜 중국어로말을 하는지 모르겠지만 한국 유저들은 한국말로 나고게 해주고 중국,미국같은 사람들은 그 나라 말이나 그 나라 언어로 인식을 해줘야지 왜 언어는 한국언어고 캐릭터가하는말은 중국말로 나오는지 이해가 안돼서 의문이고 또한 말로 하던지 아니면 말풍선으로 하던지 둘중에 하나만해도 되지않을까 싶네요 ㅎㅎ 제발좀 한국 유저들은 캐릭터가하는말도 한국말로 해주시면 감사하고 그리고 아프지마시고 건강하세요",0,긍정
류가은,5,2023-09-29 15:52:37,최종장 끝났는데 이제 스토리 안나오는건가요,0,긍정
슬림이,5,2023-09-29 10:51:21,그야말로 GOAT,0,긍정
Yanyak얀약,5,2023-09-27 17:27:42,어흐흑,0,긍정
오함마,4,2023-09-27 15:45:41,이번 업데이트 이후로 게임 접속이 안 됩니다... 살려주세요 제발 ㅠㅜ,0,긍정
qovv,5,2023-09-27 15:31:34,재미써오,0,긍정
이승,5,2023-09-27 11:22:42,재미씀,0,긍정
Cortana,5,2023-09-27 11:16:48,스토리 대 갓 겜,0,긍정
김재국,4,2023-09-26 23:36:05,재미져요 아기자기 합니다,0,긍정
pekopeko,1,2023-09-26 23:31:08,넌 단한번도 나에게 비틱을 주지않고 매번 천장만 주면서 접으라고 강요했지. 그래서 접는다,2,부정
김승창,1,2023-09-26 14:32:15,말이 필요없는 망겜,0,부정
최서현,5,2023-09-26 13:23:24,한국 게임의 희망이다 ㄹㅇ,0,긍정
이준호,5,2023-09-26 13:15:31,센세..,0,긍정
서병헌,5,2023-09-26 12:52:21,이시대 최고의 모바일게임,0,긍정
성이름,5,2023-09-26 12:24:27,갓겜,0,긍정
김경식,3,2023-09-26 10:45:22,"스토리, 전투, 케릭터 매우 맘에 든다. 5점을 주고 싶지만 가챠가 너무 매워서 -2별",0,중립
도시락,5,2023-09-26 10:26:52,그저 G.O.A.T,0,긍정
ZEON잔당,5,2023-09-26 09:34:36,인생게임,0,긍정
초양이,1,2023-09-26 09:29:43,이거 확률조작임 내가 당해봄,0,부정
잋창림ᄆᄆᄆ,5,2023-09-26 08:45:24,킹아,0,긍정
김민재,5,2023-09-26 08:32:56,갓겜. 이거 한마디로 정리할 수 있는 게임이다..,0,긍정
베리멜론,5,2023-09-26 08:31:56,스토리에서 눈물콧물 다 짜냄,1,긍정
ad,5,2023-09-26 08:26:13,좀 총싸움 느낌이 나면 좋을거 같아요,0,긍정
오현준,5,2023-09-26 08:20:32,블아를 만나고 제 인생이 바뀌었습니다...,0,긍정
동자개,5,2023-09-26 08:16:43,인생겜,0,긍정
말린망고,5,2023-09-26 08:09:41,몰?루,0,긍정
정현교,5,2023-09-26 07:46:06,몰?루,0,긍정
유원찬,5,2023-09-26 06:35:31,취향만 맞는다면 정말 재밌는게임,0,긍정
설라비,4,2023-09-26 06:32:44,"장점 1. 좋은 스토리. 에덴조약과 최종장의 연출 등 스토리의 완성도가 높다. 2. 직관적인 육성 방식. 딱히 어렵게 꼬아두거나 능력치를 세부적으로 잘게 쪼개어 각각을 강화하게 하는 식의 육성이 아니고, 레벨 / 메인스킬 + 서브스킬 / 장비 3개(+애장품) / 신비 해방 정도로 복잡하지 않게 구성한 점이 좋다. 3. 의외로 높은 전략성. 반오토이고 스킬만 쓸수 있는 구조지만 그렇기 때문에 위치 이동 스킬 같은 특수한 스킬의 활용도가 높아지는 등 생각보다 전략적인 전투를 할 수 있다. 단점 1. 너무 많은 컨텐츠와 그로 인한 과도한 재화 소모. 주는 재화가 적은건 아니다. 그러나 너무 많은 컨텐츠로 인해 수 십명의 캐릭터를 육성해야하는데, 고렙 단계로 갈 수록 이 문제가 심화된다. 2. 일부 총력전의 캐릭터 밸런스. 시로/쿠로의 운유카나 예로니무스의 코코나 등 없으면 꼬운 캐릭이 꽤 존재한다. 그렇다고 특히 운유카의 경우 한정이라 조합 짜기가 매우 난감하다.",48,긍정
PANKA팬카,5,2023-09-26 06:22:50,"최종화에 감동받았어요. 고마워요 김용하 씨, 그리고 블루 아카이브 팀. 이런 스토리가 있기에 살 이유가 생겼네요.",0,긍정
라마르,1,2023-09-26 06:21:38,너무 주인님 나라 친화적 아닌가요 ㅋㅋ,0,부정
Rogna,5,2023-09-26 06:08:49,야?루,0,긍정
Yukibana Yuzuki,5,2023-09-26 05:14:20,프뭐시기센세ㅠㅠ,0,긍정
o th,5,2023-09-26 04:27:44,"가챠겜 해봤으면 알거임. 리세해서 신권 딜러들 모으고 겜하면 됨. 이건 적어도 성장재화로 장난치진 않음. 리세 중에 그나마 합리적이긴한데 돈을 쓸거면 리세를 최대한 해보고 현질을 하던 재화 모아서 뽑던 신권 다 뽑았으면 그러고나서 인권 뽑는거 추천. 미카(총력전☆☆☆☆☆), 이로하(지역☆☆☆☆☆) 등의 신권들 있음 갤러리 들어가서 조금만 봐도 뭐가 신권인지 알거임",0,긍정
lil Cantabile,5,2023-09-26 04:03:51,쵝오,0,긍정
h,5,2023-09-26 03:47:10,이만한 게임이 없다,0,긍정
youngdae Go,5,2023-09-26 03:32:43,G.O.A.T,0,긍정
박상윤,5,2023-09-26 03:19:10,명작,0,긍정
qhr tp (diddy),5,2023-09-25 08:00:08,용하형이 친절하고 학생들이 맛있어요,0,긍정
성이름,5,2023-09-24 08:47:41,좋아요 다양함이나 신선한 컨텐츠가 나오면 좋을 것 같아요,1,긍정
김광훈,5,2023-09-24 01:08:02,안녕하세요 요즘 블루아카이브 재밌게 하고있는 선생입니다 100회 뽑기에 끌러서 오랜만에 해보긴 했는데 생각보다 재밌네요 스토리도 조건없이 볼수있고 이런겜에 별점이 아깝지 않습니다 그런고로 별 다섯개 드립니다,0,긍정
김진형,5,2023-09-23 16:40:08,진짜 오랜만에 펑펑 울었네요. 너무 잘 봤습니다. 감사합니다.,0,긍정
임희춘,5,2023-09-23 13:16:47,모바일게임이 줄 수 있는 최고의 감동,0,긍정
남아정,5,2023-09-23 09:51:46,제미있어요 갓겜,0,긍정
금개구리tv,5,2023-09-23 08:33:05,다 좋은데....인연 랭크 올리는거 어떻게 하는건가요? 인연 랭크가 1레벨로 고정된거 마냥 안 올라가서 시간 날때마다 접속해서 인연 랭크 확인하는데 올라갈 기미가 전혀 안보이네요.....그래도 스토리가 너무 재밌어서 별점 5점 남기겠습니다. 인연 랭크가 안 올라가는게 제가 인연 랭크를 올리는 방법을 몰라서 그런 것 같습니다. 어떻게 올리는건지 방법을 알려주실 수 있을까요?,0,긍정
lvall l,5,2023-09-23 02:30:42,왜 이 게임을 좀 더 빨리 시작하지 않았을까,0,긍정
Corazón 2,5,2023-09-22 04:56:04,최고의 카미겜,0,긍정
???,5,2023-09-20 20:51:55,김용하 그는 신이야,1,긍정
Ego Putrefaction,5,2023-09-20 03:10:53,짱짱겜,0,긍정
Aa A,5,2023-09-19 06:01:11,"캐릭터는 귀여운데 게임에 할게 없음 총력전 아니면 일퀘가 다임. 스토리나 이벤트등 1회성 컨텐츠는 재밌다. 과금은 제법 매우니 뉴비들은 리세를하던 리세계를 사라. 나중가서 찡찡대지 말고. 평가는 거의 극과 극을 달리는데 1점준 놈들은 지들이 못뽑아놓고 찡찡, 재화 안준다고 찡찡, 뭔 매 가챠마다 천장칠정도로 재화를 주길바라는 거지마인드인지는 모르겠는데 그런거 하고싶으면 유튜브 광고에서 나오는 700연차 무료뽑기 중국겜이나 하러가라. 그리고 무과금이랑 월 50만씩 박는놈이랑 컨텐츠를 똑같이 밀면 그게 서버비 내주는놈들 역차별 아니냐? 그렇게 실력갓겜이 하고싶으면 20년째 초보만 구하는 스타나 롤판으로 가야지 ptw게임와서 무과금으론 할수가 없어요 이래봤자 어쩌라는건지 모르겠다. 심지어 무과금으로 스토리나 이벤트는 전부 진행 가능한데 개쪼랩으로 고랩존에 들이받거나 이벤트 챌린지같은거 들이박는놈들이 한둘이 아니더라. 아니면 공략이라도 좀 봐라.",1,긍정
g G,5,2023-09-18 05:52:13,김용하 그는 신인가?,0,긍정
등대지기,5,2023-09-17 15:25:52,"최종장,,클리어,,!!! 정말 갓겜입니다..따흐흑",2,긍정
seong hoon o,5,2023-09-17 07:04:54,헤응헤응,0,긍정
권순호,4,2023-09-17 04:45:25,재밌는데요 스토리 3편 3장 24단계에서 막히네요 너무 어려워요 무과금은 깰수 없어요,0,긍정
전준태,5,2023-09-16 11:41:36,인생 최고의 모바일 게임,0,긍정
모리스,5,2023-09-16 04:56:36,인생게임,0,긍정
큐블,5,2023-09-14 14:56:49,세리카 사랑해,0,긍정
튜얄,5,2023-09-14 14:30:11,그리고 모든 기적이 시작되는 곳,1,긍정
위창우,5,2023-09-14 11:12:04,초반이지만 할만함 리세안하면 고금좀 해야할뜻,0,긍정
ess k,5,2023-09-14 08:17:25,"정말재밋어요. 스토리는 정말 따라올 게임이 있을까싶네요. 적절하면서도 좋은브금과 독특한 캐릭터성, 애니를보는듯한 연출까지. 중간중간 삽화도 완벽하구요. 특히 최종장은 기대이상이었어요. 유저들이 함께 미션을 수행하고 클리어해서 실시간 진행되는게 게임 몰입도를 높여주고 진행하면서 높아진 긴장을 적절한 웃음으로 풀어주는것도 좋았습니다. 에필로그 끝나고 프라나가 들어오는 연출도 정말 감탄했어요. 앞으로 나올 2부가 기다려지내요!",42,긍정
이재준,5,2023-09-13 09:01:35,부힛 부히힛,0,긍정
이호중,5,2023-09-13 04:27:07,사랑한다... 충성한다.,0,긍정
문호영,4,2023-09-12 15:04:02,"장점:스토리는 말할필요없이 좋음 게다가 스킬모션부터 3d모델링 등 최고 수준임 캐릭터 마다의 특징과 성격을 정말 잘구현 함 메모리얼이라는 라이브 2D또한 대부분 좋은 퀄리티를 보여줌 단점:재화를 많이 주나 무소과금이 하기에 2중픽업이라든지 조금 확률이 낮음,전술대항전(pvp)나 총력전에서는 픽업캐를 접대하기에 못뽑으면 랭킹올리기가 상당히 빡셈 그럼에도 쉬엄쉬엄하면서 하기엔 나쁘지 않음",2,긍정
발리코,5,2023-09-12 10:17:19,"블힝힝힝힝힝 최종장 보고 나니까 갓겜인 줄 깨달았습니다....ㅠㅠ 오픈때부터 하다가 최근에는 일본 버전까지 시작했는데.... 진짜 한국에서 보기 드문 서브컬쳐 게임입니다!! 갓용하님과 게임개발 담당 부서분들, 각종 일러스트 담당하시는 작가님들, ost 작사작곡해주시는 선생님들 모두에게 이 밝고 건전한 게임을 만들어주셔서 감사하다고 전하고 싶습니다!!",0,긍정
Fellx,5,2023-09-12 06:12:45,"서브컬쳐 장르 중에 탑급에 있는 이유는 스토리, 디자인을 꼽을 수 있지 않을까? 가장 중요한 몰입도를 극한까지 끌어안았다.",0,긍정
ver β,5,2023-09-12 02:39:16,기억할게요....프롤레타리아 센세...,0,긍정
Chan Yoon,5,2023-09-12 02:17:43,스토리 재밌음,0,긍정
권희정,5,2023-09-11 16:00:49,완벽합니다.,0,긍정
f_finch_bird_,5,2023-09-11 14:07:42,오픈부터 시작한 센세입니다. 중간 중간 접기는 했지만 결국 계속하게 되네요. 항상 좋은 게임을 위해 힘써주시는 개발트리아 분들 감사드리며 앞으로도 함께 가겠습니다. 블루아카이브 화이팅! 용하형 사랑해요! + 최종장까지 고생 많으셨습니다! 항상 밝고 아름다운 학생들의 이야기를 담아주셔서 감사합니다. 프테라 센세 기억하겠습니다....ㅠ,2,긍정
송송송송송송,5,2023-09-11 05:38:25,용하형 사랑하면 개추 일단나부터,0,긍정
USB5.0,5,2023-09-11 02:00:37,감동,0,긍정
천몽,1,2023-09-10 17:00:31,엔딩봤는데 메인 로그인 화면 ost를 왜 멋대로 바꾸시죠? 의도는 알겠지만 이건 좀 아닌 거 같습니다... 저는 모데라토 듣고 싶다고요!!!,1,부정
C.W Park,5,2023-09-10 12:30:39,"갓겜 다만, 로딩속도만 좀 개선시켜줬으면 좋겠어요",0,긍정
박인섭,5,2023-09-10 09:38:53,재밌습니다,1,긍정
장민창,5,2023-09-10 05:30:09,갓겜,0,긍정
Jiseung Ryu,5,2023-09-09 23:40:55,안하면 인생손해임,0,긍정
김태훈,5,2023-09-09 20:41:44,그저 최고,0,긍정
0 00,5,2023-09-09 18:02:20,"개인적인 의견과 보완점을 담겠습니다. 게임의 짜임새 자체는 애니류를 빼고 전체적으로 보더라도 탑급입니다. 특히 무과금과 과금의 완급조절이 매우 인상적이고 균형잡혀있다는 느낌을 받았고 스토리는 굉장히 편의주의적이라는 느낌을 받을 수 있으나 전 그점을 오히려 특색이라 느꼈고, 마케팅 면에서도 감탄했습니다. 단점 포함하고도 만점일 정도로 좋지만, 그럼에도 문제점은 많다고 느낍니다. 첫째로 데이터처리량이 너무 많습니다. 오히려 플레이시간에 비례해 쌓인다는 느낌도 나고요 특히 스토리, 전투가 아닌 일반화면에서도 지속적으로 발생한다는 점이 좀 심각했습니다. 둘째로 스토리에서의 전투도입인데, 블루아카이브의 전투는 굉장히 단조로움을 띄고 길기에, 스토리의 몰입감을 더한다, 기보다는 오히려 몰입감을 떨어뜨리는 요인으로 작용했다고 느꼈습니다. 짧은 애니메이션을 간간히 넣어두는 것이 보다 효과적이었지 않았을까 생각합니다. 전투가 단조롭다, 도 일종의 단점이지만 이 점은 대응을 잘 해둔 것 같아 줄입니다",81,긍정
woong,5,2023-09-09 15:43:10,아니 왜 카드 경고문구 없는데!!! 그냥 청휘석 1200개 회수하고 다시 카드 주세요 제발제발제발제발제발제발제발제발,0,긍정
무율2 2,5,2023-09-09 09:02:38,청춘X학원X밀리터리 RPG 아주 재밌습니다 하지만 그속에 있는 전혀 청춘이 아닌 스토리들 아주 흥미진진함 ㅋㅋ,0,긍정
ᄋᄋᄋ,4,2023-09-09 03:18:35,블아에는 감동이있다,0,긍정
해해,5,2023-09-09 01:10:48,이 겜을 시작한게 제 최대행운입니다. 스토리도 인생살면서 본 것중에 1위!! 블루아카이브 운영해주셔서 감사합니다!,0,긍정
이민제,5,2023-09-08 08:28:29,갓게임,0,긍정
사람 ([Free]),5,2023-09-07 14:54:34,넥슨 혐오하고 역겨워하고 끔찍하게 싫어하지만 그런 개인 감정 빼고 게임만 보자면 잘 만든 게임 입니다.,1,긍정
푸차르,5,2023-09-06 03:43:22,만족,0,긍정
메피즌,5,2023-09-05 23:14:38,최고다 블아,1,긍정
이선민,1,2023-09-05 13:34:53,최적화도 잘 안 되어 있는지 버벅거린다. 이건 특히 리듬게임 이벤트가 가관이었고 한정캐가 계속 나오는데 천장이 딱히 낮지도 않은데 재화가 싼 것도 아니다. 픽뚫도 많이 나온다. 역시 넥슨이다. 못해도 다음 복각 때 까지는 2점 이상은 못 주겠다,3,부정
난나눈눈,5,2023-09-05 10:06:25,지금 뽑기 들어가려고 하면 잘못된 접속이라면서 안 들어가져요,0,긍정
ᅳ.,5,2023-09-05 08:33:46,다 필요 없고 용하형 사랑해 블루 아카 개발 진분들 운영진분들 사랑합니다 만수무강하세요...,1,긍정
윤성우,5,2023-09-05 04:30:15,재미있습니다.,0,긍정
득덕,5,2023-09-04 12:45:17,오래오래 번성하길,3,긍정
Mikalov70,4,2023-09-04 05:52:22,다른건 다 좋지만 컨텐츠가 부족하단 느낌이드네요,0,긍정
별을 찾는 소년,5,2023-09-03 23:18:03,총력전이 너무 경쟁이 심해 피튀기는거 말곤 느긋하게 겜 할수 있어 좋네요. 경쟁 생각안하면 다른겜 하면서 같이 겸해서 하기에 딱 좋은거 같습니다.,0,긍정
ki Ki (KIKI),2,2023-09-03 23:13:42,Wifi - 데이터 간 네트워크 환경에 변화가 있을 때 오류 팝업 띄우면서 타이틀로 내보내는건 좀 아닌것 같습니다.,1,부정
Bal DDi,2,2023-09-02 15:56:39,N슨에서 만든 게임중 가장 괜찮음. 하지만 레벨 20부터 성장 가능성이 안보이내요.. 에버소울로 다시 갑니다. ㅂㅂ2~,0,부정
날마다허풍,3,2023-09-02 14:38:34,귀요미,0,중립
Ringo,5,2023-09-01 09:26:22,용하 당신은 신이야,0,긍정
du dwo (두부),5,2023-08-31 03:04:56,사장님이 빡빡이고 캐릭터가 맛있어요,0,긍정
멍멍이,5,2023-08-30 01:08:52,19세 게임이란 것을 더이상 숨기지 않음,0,긍정
주호,5,2023-08-29 07:17:34,재밌습니다 제발 하루나를 주세요 ㅠㅠㅠ 최애캐만 없어요 ㅠㅠㅠㅠ,0,긍정
정하영,5,2023-08-29 06:56:04,아주 좋습니다,0,긍정
choco다크초코밀크초코,5,2023-08-29 01:49:47,몰?루,0,긍정
장카 (장카),5,2023-08-28 18:08:24,제가 생각하는 최고의 갓겜 다른겜은 몰라도 이겜은 꼭 메인스토리를 즐기시길 바랍니다,2,긍정
예준,4,2023-08-27 06:11:16,토키 나기사 200연 노픽업은 너무 심하지 않나.. 천장 쳤는데도 노픽업이 말이 됨?,0,긍정
김성윤,5,2023-08-27 02:55:53,진짜 덕후로서 사랑하지 않을수 없는 게임 학생들의 특징이 가지각색이라 좋아하는 학생 보면서 키우는 맛도 있지만 아츠코 스토리부터 이 게임의 진가는 스토리구나 싶음 지금의 최종장 또한 너무 잘 보고있습니다 앞으로가 더욱 기대되는 게임입니다,1,긍정
Barcode,5,2023-08-26 17:19:37,사랑합니다 블루아키이브!!!,0,긍정
우쥬,5,2023-08-26 09:19:05,용하쨩 사랑해,0,긍정
콘디,5,2023-08-26 06:41:41,온세상이몰?루다,0,긍정
신강현,5,2023-08-25 10:22:06,"내가 해본 가챠게임중에 최고로 재밌다. 너무 극악이지도 않고 그렇다고 너무 잘뜨지도 않는 가챠확률이 제일 좋았다(내 뇌피셜). 그밖에도 탄탄한 스토리, 하나하나 매력있는 캐릭터들 덕분에 내가 이게임에 안착할수 있었다. 10년이 지나도록 흥해라 블루 아카이브!!",1,긍정
큐피잉,5,2023-08-24 00:03:00,☆☆☆☆☆,0,긍정
이준현,5,2023-08-23 15:08:11,김용하 그는 신이야!,1,긍정
이지호,5,2023-08-23 13:26:03,"너무 너무 재밌고, 일러도 예쁘고, 캐릭터들도 개성이 많아서 매우 재미있습니다! 그런데 딱 한가지 아쉬운 점은 가끔씩 인연포인트를 획득했다고는 하는데 정작 모모톡에서 안 오르는 경우가 있어요... 바쁘시지 않다면 수정 부탁드립니다!",5,긍정
Kim se hyon,2,2023-08-23 11:31:10,해보니까 게임은 괜찮긴한데 뭐 갸챠수급이나 성급 올릴거 수급할려해도 뭐 수단이 거희 없음 사료뿌린다해도 뭐 10연차 하나뿐인데 현질 3성 선택말곤 나머진 진짜 도박이라 꺼려진다..,8,부정
탈진,5,2023-08-23 09:12:05,갓겜입니다,0,긍정
황윤건,1,2023-08-22 17:33:11,억까젤심한겜 3%인데100번뽑아도안나옴,6,부정
123,5,2023-08-22 17:11:50,수로하 주세요,0,긍정
ruma “cap.”,5,2023-08-22 12:39:32,왜 보라색이 안 나오나요 오노레 아로나아아아앜!!! 블흑흑...,0,긍정
평온한인간,5,2023-08-22 07:22:20,음...다른건 안바라고 1회 뽑기권 10장이 모이면 10회 뽑기가 가능하게 해주실 수 있을까요? 20장이 있는데 1번씩 누르는건 시간도 오래걸려서 약간 힘든감이 있네요,0,긍정
에엥,5,2023-08-22 02:18:17,더 날아오르라 블루아카이브!!,0,긍정
최건,5,2023-08-21 17:01:25,이시대 최고의,0,긍정
kdiwnd a,5,2023-08-20 14:15:45,스토리 good 캐릭터 good,0,긍정
이인성,5,2023-08-20 11:07:56,고맙습니다 인생게임입니다 오래오래가자 블루아카이브 ㅠㅠ,0,긍정
최민철,5,2023-08-18 13:49:32,뽑기 말고는 괜찮음,1,긍정
김영찬,5,2023-08-18 02:37:20,그저 G.O.A.T,0,긍정
박현우,5,2023-08-18 01:35:58,친선전이나 2ㄷ2같은 친구랑 할 수 있는 컨텐츠 그리고 다른 컨텐츠들이 필요할 거 같아요,0,긍정
HiAtus,5,2023-08-18 00:30:23,스나오오카미 시로코 다이스키,0,긍정
정구리,5,2023-08-17 22:47:15,숙제가 적어서 편해요,0,긍정
이정민,5,2023-08-17 17:52:17,몰?루,0,긍정
위상우,5,2023-08-17 12:09:27,노출이 약해요,0,긍정
CCFWRB,5,2023-08-17 02:56:31,"안녕하세요. 진심으로 블루아카이브를 즐기고 있는 훌륭한 센세입니다. 이 글을 보는 다른 분들도 이제 블루아카이브를 즐길 수 있었으면 합니다. 먼저 단점 청휘석이라는 가챠돌릴 수 있는 아이템이 있는데 그 청휘석이 1200개가 있어야 10연차를 돌릴 수 있습니다. 근데 문제는 청휘석이 들어올때 점검이 끝나고가 아닌 이상 많아도 거의 30정도 밖에 되지 않습니다. 물론 밸런스를 맞혀서 정하신거 게신거 겠지만 너무 적은거 같긴 하네요. 그리고 친구 시스템에서 채팅을 할 수 있었으면하고 친구와 하는 콘탠츠가 많았으면 하네요.다음으로 장점입니다. 캐릭터마다 개성이 넘쳐서 애장캐가 매일 바꿀 수 도 있을 정도로 너무 캐릭터를 잘만들었습니다. 심지어 겹치는 부분도 많치 않고 캐릭터마다의 특징이 있습니다. 그리고 레벨 올리는것도 쉽습니다. 또 보스가 많고, 스토리도 잘 짜노셔서 가끔 울기도 합니다. 이제 이 글을 보고 많은 분들이 블루아카이브를 즐기셨슴 좋겠네요. 디자이너분들, PD분들이게 화이팅!",46,긍정
하늘,1,2023-08-16 23:39:06,게임이 나오기 전 기대했다. 하지만 출시 후 싸구려 그래픽에 놀람. 컷신이라도 애니메이션으로 예쁘게 나올 줄 알았는데 싸구려 2등신 그래픽으로 조잡한 연출만 보여줌. 스토리도 난데없이 학교 어쩌고 전투 어쩌고 하는데 흥미롭지가 않음. 그 진지한 분위기인 일본 라노벨 특유의 독자는 모르는 설정 설명도 없이 주절주절 늘어놓아서 어쩌라는 거야 하는 느낌. 하드하게 몰입할 유저면 그게 장점이 될 수도 되겠지만 내가 기대한 느낌은 아니었음. 심지어 캐릭터도 라투디가 아님. 일러만 띡 놓음. 라투디는 로비만. 그것마저도 따로 해금해야함. 그래도 캐릭터는 예쁘기 때문에 가끔씩 들어가서 가챠는 했는데 어째서인지 로그인이 풀림. 아이디 기억 안나서 이것저것 로그인해봤는데 신규 아이디가 생성돼버려서 로그아웃도 맘대로 못 함; 튜토리얼 다 깨거나 지우고 새로 설치해야됨,5,부정
허준,5,2023-08-16 14:24:22,갓 겜,0,긍정
강유담,5,2023-08-14 22:01:53,갓용하,0,긍정
ᄌᄉᄋ,5,2023-08-14 13:26:17,수시노 패스로 시작한 수대남으로서 항상 좋은 게임 감사합니다,0,긍정
허브콩나물,1,2023-08-14 05:18:18,마지막장 나왔다해서 플레이하는데 어떻게 약7~8연차를 돌렸는데 픽업캐가 하나도 안 뜰 수가있죠???;;;확률조작 의심될 정도인데 얼마나 어떤걸 돌렸는지 확인할 수 있는 방법도없고 뭐 어쩌란건지 모르겠습니다..옆동네 넷마블 페그오도 안 이럽니다;; 이렇게되면 삭제만이 답이죠..,8,부정
쿤이군,1,2023-08-12 13:18:19,앱 실행하면 작동 안됨 홈 화면좀 나가자 넥슨아 복귀하면 안되냐,1,부정
박우정,5,2023-08-12 13:02:54,ㅠㅜㅠㅠ 진짜 재미있네요 애들 육성시키고 스테이지 공략하는 것도 좋구요 일러도 너무 예뻐서 좋아요!!,0,긍정
아임게이,5,2023-08-11 22:09:19,김용하 그는 신인가?,0,긍정
유랑이,5,2023-08-11 13:28:35,귀엽움,0,긍정
Pillim필림,5,2023-08-11 12:31:39,갓겜,0,긍정
HaTo “はと”,5,2023-08-11 11:00:20,재밌습니다,0,긍정
유월,5,2023-08-10 18:12:12,말이 필요없는 갓겜,0,긍정
namyoung jung,5,2023-08-10 06:40:50,재밋게해용 잼있어요,0,긍정
WOOYOUNG CHOI,5,2023-08-09 16:08:16,너무 좋은데... 게임을 할려고 키면...튕기는현상이 발생....해요..,0,긍정
최우진,5,2023-08-09 02:22:47,왜다운오류가되서게임을못하네,2,긍정
타노스,5,2023-08-08 18:16:35,재미도있고 디자인도 마음에듭니다만 진입장벽을 조금만낮춰줬으면 하는바램입니다,0,긍정
정재형,5,2023-08-08 16:02:42,치사한놈들 모자 내놔라,2,긍정
누군,3,2023-08-08 15:30:59,a23 울트라에서도 렉이 있는게 좀,0,중립
방현우,5,2023-08-08 09:02:29,일러도 좋고 스토리도 좋고 운영진도 친설해서 좋아요,0,긍정
남상일,5,2023-08-08 06:00:12,이 게임에는 감동이 있다!,0,긍정
상대,5,2023-08-07 20:24:46,타카나시 호시노가 귀여운 게임입니다 수영복 호시노도 귀엽습니다 근데 전 두개 다 없습니다,1,긍정
임혁,4,2023-08-07 19:01:15,이번장 열리면서 게임이 움직이질 않네요. 데이터삭제도 해보고. 다시깔아도 게임이 안움직입니다. 권한허용. 캐쉬.데이터삭제. 삭제 후 재설치 해도 접속이 안됩니다. 일단 15버전 해보니되네요. 빠른실내에 문어를 볼수있으면 좋겠습니다.,1,긍정
양지호,5,2023-08-07 14:24:15,"중국은 원신, 일본은 우마무스메면 한국은 블아다 한중일 섭컬쳐 ㅆㅅㅌㅊ",0,긍정
Brandon Jeong,4,2023-08-07 11:18:26,뽑기 확률 극악,2,긍정
배준우,5,2023-08-07 02:31:57,굿,0,긍정
덗,5,2023-08-06 19:23:23,엄청난 자유도와 통쾌한 타격감 사소한 디테일까지.. 와우.. 퀄리티도 퀄리티인데 너무 재밌는데요? 앞으로도 할거같아서 좋네요!,0,긍정
Jk-dla,5,2023-08-06 01:48:56,하루카 애호해줘,1,긍정
박명규,1,2023-08-06 01:08:03,픽업모집이 아니라 픽뚫 모집이네요ㅋㅋ,0,부정
박규성 (리플),5,2023-08-05 13:23:36,최고의게임,0,긍정
Kakwndj12 13,5,2023-08-05 13:14:41,갑자기 벤먹었습니다 버그악용도 불법프로그램도 안썼습니다 확인 가능합니까,1,긍정
강동현,5,2023-08-05 04:00:51,제작자님게임이시작안해요오류이가밨아요,1,긍정
김민서,5,2023-08-05 02:52:37,"정말재밌게 하고있습니다. 수집,전투,스토리 모든 것이 마음에 듭니다. 그러나 단 한가지 아쉬운 점이 있다면, 3장 스토리에서 갓 시작한 사람들은 보스를 깨지못해 진행할 수가 없다는 것입니다.",0,긍정
김병수,5,2023-08-04 13:21:56,딴거 다 모르겠고 캐릭터 일러 ㅆㅆㅆㅆㅆㅆㅆㅅㅌㅊ,0,긍정
Millitary Airplane,5,2023-08-04 11:22:40,갓겜,0,긍정
손유환,5,2023-08-04 09:53:29,굿,0,긍정
최창용,5,2023-08-03 19:00:56,블루아카이브 하고싶은데 6202.5MB로 인해 못할 뻔 했던 선생입니다. 지금 저장공간 때문에 게임을 못하고있는데 스토어 저장공간최대가 58GB인데 아직 8GB정도 남았고 내장매모리는 64GB가 최대지만 56.28GB를 사용중이고 대략8GB정도 남았는데 게임에 필요한파일 6202.5MB를 추가로 다운받아야 한다고 라는데 스토어 저장공간도 내장매모리도 최대한 정리해서 나온게 저정도인데 게임을 하고싶어도 못했는데 용량이 가장큰 11GB앱을 하나 삭제하고 다운로드를 해보니 해결됬습니다. 접어야 하나 고민 했는데 다행이 안접어도 되서 안심했습니다. 만약 저처럼 기기 저장공간이 부족하다고 하면 용량이 크되 삭제하고 다시 다운 받아도 되는 10GB이상인 앱이나 다합쳐서 10GB가 되는 앱들을 삭제하고 다운을 다 받은 뒤에 다시 설치하는걸 추천할게요 6202.5MB은 10GB이상 이니 저처럼 접을지 고민이신 분들은 이 방법 추천드립니다 참고로 프리코네는 다시 다운받아보니 용량이 딱 되더군요,2,긍정
김영호,5,2023-08-03 07:50:05,굳,0,긍정
이준하,5,2023-08-03 02:23:26,몰?루,1,긍정
