userName,score,date,review,likes,sentiment
이런혼자친구,4,2026-07-30 08:28:38,"뭐야 섭종했는데 그리고 엡스토어에 모두 다 내렸갔는데 뭐지? 그리고 앱과 리뷰도 왜 안내려가지, 아무튼 에버소울2 부활 가즈아",0,긍정
차민혁,5,2026-07-18 14:27:44,다시 꼭 만나자,0,긍정
Knight,5,2026-07-17 16:57:04,"가장 힘들 때 곁에 있어준 유일한 존재가 에버소울이었습니다. 저를 구원해주셔서 감사합니다. 다시 에덴을, 정령들을 만날 수 있길 기원하겠습니다. 고마워요 정말로",0,긍정
넌누구냐,5,2026-07-12 08:34:03,"정말 열심히 했고, 재밌게 즐겼으며, 애정도 깊었던 게임입니다. 감사했습니다.",0,긍정
정은수,5,2026-07-12 00:38:30,❤️,0,긍정
권주호,5,2026-07-11 08:46:47,재밌게 플레이 했는데 이렇게 서비스 종료을 하다니 아쉽습니다 4주년이나 5주년 기달이렸는데 아쉅네요ㅠㅠㅠㅠㅠㅠㅠㅠ,0,긍정
Wasteland,5,2026-07-07 12:16:14,작별인사,0,긍정
MASTERPIECE,5,2026-07-06 23:42:47,잘가 에버소울 나름 1주년 때 복귀해서 꾸준히 열심히 했었다.. 추억 속에 남겨둘게..,0,긍정
HeroLD준현,5,2026-07-03 01:38:53,섭종.. ㅠㅠ 서비스 이어가주셔서 감사했습니다. 에버소울 세계의 끝을 보지 못해 아쉽네요 수고하셨습니다~!!!,0,긍정
SH Y,1,2026-07-02 19:48:53,이젠 정말 갔구만,0,부정
허미옥,5,2026-07-02 03:20:28,제 인생작인게임입니다,1,긍정
양승복 (전라우수사 이억기),5,2026-06-30 09:39:50,정렬들과 정이 들었는데 종료라니 아쉽네요 다시 돌아 오실꺼죠? 이렇게 끝내기 아쉬워요,0,긍정
김민성,5,2026-06-30 02:56:14,고마웠어요 에버소울,0,긍정
416 HK,5,2026-06-30 02:01:11,개추 행복했다...,0,긍정
김민성 (doring1),5,2026-06-29 17:32:47,저는 에버소울 초창기 때 했던 유저 입니다. 저의 좋은 추억을 남겨주셔서 감사했습니다. 다시 만날일이 있다면 다시 만나길 기다리고 있겠습니다.,0,긍정
정하도,5,2026-06-29 17:07:27,에버소울을 한지도 오래된것같은데 섭종이라니 너무 아쉽고 정이 들면서 너무 재미있게 플레이 했습니다. 에버소울2라는 게임을 만들게 된다면 꼭 플레이를 해보겠습니다. 그동안 수고 많으셨고 에버소울2라는 타이틀로 다시 컴백하시면은 꼭 플레이를 해보겠습니다~ 그동안 수고많으셨습니다. 에버소울 포에버 입니다. 꼭 에버소울2로 컴백홈 해주세요~ 진심으로 말이죠.,4,긍정
신현재 (가그),5,2026-06-29 14:30:57,"이렇게 늦게 얘기하게 되었는데요. 종료 시기를 늦추면 안 될까요? 아직 각성 하지 않은 (천사, 악마, 혼돈)형 정령들이 많은데 ~ 라고 말하고 싶지만. 이렇게 재미있고 정이가는 게임을 만들어 줬었어 감사합니다. 3년 간 수고 많으셨어요.^^",0,긍정
나님,5,2026-06-28 02:56:00,넌 나의 최고였다,0,긍정
월아,5,2026-06-24 14:58:06,섭종하지마라,0,긍정
희규,1,2026-06-23 03:25:32,뽑기가 쓰레기네 별한개도 아깝다,2,부정
고양이,1,2026-06-19 15:42:15,"이거 곧 섭종한다던데, 지르지 말고 빨리 나오셈.",1,부정
최수호,5,2026-06-18 13:37:40,요근래 3년동안 가장 재밌게 했던 게임이 섭종을 해서 많이 아쉽네요ㅠㅡㅠ,0,긍정
룡이,3,2026-06-16 07:41:47,3년간 서비스 나름 숙제하듯이 해왔는데 무관심해서 섭종도 뒤늦게 알고 삭제 아쉽지만 바이...,1,중립
Nostalgic Nomad,1,2026-06-05 01:58:01,하여간 이렇게 될줄 알았다,6,부정
신선남길,5,2026-06-02 11:39:37,벌써 6월30일 서비스 종료!!!! 애버소울 ㅠㅠㅠㅠㅠ 제가 애버소울 좋아합니다 처음에는 유튜브로 콜라보게임을 검색으로 찾아서 에버소울 앤 데이트 어 라이브 콜라보을 하고 있었어 설치 했는데 꽤 좋아서요 데이트 어라이브 토카 랑 쿠로미 을 있었어 토카는 얻지 못하지만 쿠로미은 얻었어요 그 동안 처음으로 데이트 어 라이브 콜라보 해줬어 감사합니다 애버소울 그리고 그안에 모든 정령들 고마워서ㅠㅠ 이제 갈 시간이 얼마 없군나 그동안 고마워서 애버소울 모든 정령들 이 게임 만들분 도 감사합니다 ㅠㅠㅠ 또,0,긍정
한성욱,1,2026-05-31 17:31:50,3주년에 섭종? 해본적은 있었지만 역시 기대를 벗어나지 않는 작업이 없었으니 어쩌면 여러의미로 다행일지도,6,부정
Junhee Choi,4,2026-05-28 14:11:24,시작한지 얼마 안됐는데 퀄리티도 높고 캐릭터들도 예쁘고 멋져서 볼수록 눈호강하는 느낌이고 게임자체도 재미있는 느낌이라 자주하게 될거같네요,0,긍정
최태우,5,2026-05-19 23:03:35,복귀하려했는데 섭종한다니 많이 아쉽네요.,0,긍정
김준수,5,2026-05-18 14:57:24,오픈때 했었는데 섭종한다니 아쉽네요,0,긍정
あやりん,5,2026-05-18 08:03:37,함께해서 즐거웠습니다. 마지막이니 5점 드리고 가겠습니다,0,긍정
오성주,5,2026-05-17 13:12:54,재미있어요,0,긍정
이윤서,5,2026-05-16 16:20:22,서비스종료한다니 너무 아숴워요.....,0,긍정
103 Strv,1,2026-05-13 17:48:49,하... 그니까 카톡으로 하지 말라니까 왜 카톡으로 해서 서비스 종료? 하... 어이가 없네 한국 게임들 왜이러냐 그래도 내가 좋아 하는 요소가 있는 게임 이였다 다음 작은 카톡.넷마블.넥슨. 이런데 내지말고 스토브에 내도록,3,부정
곰곰이,5,2026-05-11 15:27:19,마음에 드는 것,0,긍정
고요,5,2026-05-11 12:38:02,"게임 처음나왔을때부터 즐겼어요, 부디 다시 만날수있기를 바랍니다.",1,긍정
아오츠키스이무,3,2026-05-06 17:45:38,섭종한다니까 많이즐겨 둬요,2,중립
한서리,5,2026-05-06 14:16:54,그동안 감사했습니다 사전예약 당시 유저로써 끝까지 해왔던 시작과 끝 모든 게 좋았습니다,1,긍정
ordio k,5,2026-05-05 16:26:28,고생했다...그 동안 나름 과금 많이하면서 즐겼었던 겜인데 한번 접으니 손 안가더라...그래도 섭종한다니...아쉽네...,2,긍정
갬스트,2,2026-05-05 06:45:00,결국 섭종런,0,부정
어두운,5,2026-05-04 13:12:33,진짜 좋아했던 게임이었는데 여러 논란이 있어서 예상은 했지만 결국 가는구나..........지금까지 고마웠다. 에버소울,0,긍정
lim jm (재묭),3,2026-05-04 10:24:10,그동안 고생했습니다. 이렇게 섭종이라니...,0,중립
김진태,1,2026-05-03 11:26:32,섭종한다는 소리가 있던데요,0,부정
sihoo79 cho,5,2026-05-02 07:02:38,수고했다,1,긍정
박진우,1,2026-04-30 18:26:13,그래 결국 섭종이지 김철희 기억해두겠다. 네놈이 게임 디렉터에 보이면 거르겠다.,0,부정
NIM “ᅳ” A,5,2026-04-29 22:43:42,또 보자,1,긍정
김필범,1,2026-04-29 10:31:14,이게임 왜 섭종함?,0,부정
김떡순,5,2026-04-18 19:32:24,잘 즐겼습니다 말도 많고 탈도 많았지만 미운정도 정이네요. 오픈유저로 모든 콘텐츠에 100등 안에 찍혀있게 됐네요.. 나인아크 그동안 감사했고 유저분들도 고생많았습니다.,1,긍정
배우진,1,2026-04-16 01:28:51,이젠 아니야...,0,부정
카밍,1,2026-04-11 13:51:49,아직까지 정...상..영업(?) 합니다?,1,부정
우효,3,2026-03-22 13:31:22,일섭망하고 중섭도 빠른시간에 나락가서 걍 가망이 없음 냉정히 말하면 한섭도 올해안에 끝날 가능성 높음 직원도 감소하고 그나마 소통해주던 철희pd도 작년에 끝난듯함 GG,1,중립
임태경,1,2026-03-03 08:35:57,섭종하자~~,4,부정
성범진,5,2026-02-27 13:27:15,시작한지 3일째...너무잼있고 진입장벽도 그리높아보이지 않아서 잼있게하고있어요^^,0,긍정
황정식,2,2026-02-23 07:07:45,"키우는 재미만 있고, 일부 수많은 리트라이를 요구하는 컨텐츠가 불쾌한 경험이 될 수 있음. 운영적으로도 아쉬운 사건들이 몇 있어서 추천하기 힘듬.",1,부정
필리아,4,2026-02-19 09:16:36,리뷰 수정파트로 무소과금도 꾸준하게 즐기기엔 좋은 게임. 다만 게임 내 컨텐츠가 유저 렙에 따라오지 못한 한계점이 있어서 컨텐츠들의 난도가 증가해서 자원수급이 좀 더 수월해지면 좋을 수 있겠습니다,2,긍정
장영준,4,2026-02-19 05:43:41,이 게임 정말 재밌게 했었는데...용량이 큰 게임이라서ㅠㅠ....,0,긍정
Despia (Despia),3,2026-02-19 02:13:38,게임사의 재투자 의지가 보이지 않습니다 3주년이라는 중요한 이벤트 시점에도 평소보다 약간 더 나은 보상의 이벤트 외엔 별다른 내용은 없었고 오히려 3연속 천악혼 출시로 막바지 쥐어짜기를 들어가겠다는 느낌만 강하게 납니다 새로 시작하시더라도 별다른 개선 의지가 없는 한 과금은 피하시는걸 추천드립니다,61,중립
이준수,5,2026-02-18 23:38:10,좋아요,1,긍정
민경희,5,2026-02-18 17:16:44,매우 재미있게 즐기면서 하고있어요.,1,긍정
민경희,5,2026-02-14 15:39:52,오랜만에 재미나게 하는 게임입니다.,0,긍정
지뚱,5,2026-02-09 06:30:34,콘텐츠가 많고 스토리도 다양해서 정말 재미있는 것 같습니다.,0,긍정
메론남작,1,2026-02-05 09:14:51,"씹덕겜주제 스토리가 없음 걍 캐릭 원툴인데 캐릭조차도 3D는 중국겜에 따이고, 2D는 블아,니케한테 따임.",3,부정
사자왕(사자왕),3,2026-02-04 04:35:12,종말의 정령도 있으면 반작용으로 창조의 정령.보존의 정령도 있어야 하는 것도 아닌가요? 밤이 있으면 낮이 있듯이,0,중립
송유나,1,2026-02-01 09:13:36,🤔,1,부정
이효준,1,2026-01-26 14:35:09,하지마세요 대놓고 뽑기 확률 주작게임입니다!!!,0,부정
이더샷,5,2026-01-25 10:42:36,굿,0,긍정
레몬김,5,2026-01-25 01:24:11,스킬연출이 훌륭하고 캐릭터디자인도 뛰어나서 재미있게 하고있어요,1,긍정
LUNIN,1,2026-01-22 14:32:05,제가 최근에 게임을 지워야 할 일이 있어서 지웠다가 이반에 3주년인거 보고 복귀해는데 구글 계정으로 로그인되어있던 2.5주년까지 함께했던 계정은 로그인 방식이 안보여 로그인도 못하고 카카오 로그인 밖에 안남아있네요;;,0,부정
Eve,2,2026-01-21 01:14:17,너무 자주 강종함,0,부정
송민수,4,2026-01-13 02:05:04,구원자의 안이한 태도를 개선할 수 있나요?,1,긍정
견이,1,2026-01-11 05:08:36,최근에 게임하면서 먹통이 되거나 한 적이 없었던 것 같은데 수시로 먹통이 돼서 재시작을 해야하는 일이 빈번히 발생하네요,2,부정
이명진,5,2026-01-07 05:22:08,개존잼,0,긍정
경준설,3,2026-01-06 11:12:41,게임하다 렉이 걸린건지 계속 시간 지나면 화면이 멈춰서 나갔다 다시 들어와야함.. 이거 나만 그럼?,1,중립
송송용준,1,2026-01-06 07:48:43,갤럭시 Z flip3인데 오늘 접속하니 오류가 뜨네요? 1월 6일 오후부터 안됩니다.,4,부정
신상민,2,2026-01-05 01:58:38,"갤24에서 멈춤 현상 안고치세요? 하루 30분 안걸리는 숙제 하면서 두세번은 강종해야 하는게 맞습니까? 갤24,갤25 유저들이 수도 없이 민원을 넣는데 유저들이 우스운가요? 그저 돈줄로만 보이냐구요 게임이 스토리가 재밌고 캐릭이 예쁘고 유틸성 좋고 그런거보다 원할히 플레이가 되는게 우선 아니냐구요 진짜..유물뽑다 멈춰 캐릭 뽑다 멈춰 결장가다 멈춰 무슨 컨텐츠 할때마다 멈출까 조마조마 해야 하냐구요 갤24가 무슨 10년된 폰인가요? 내가 이겜 첨할때 S21이었어..그때도 안멈추던게 갤24인 지금?",2,부정
카심드,1,2026-01-03 03:15:58,앱자체에 렉이나 버그 멈춤현상이 너무 심해서 못해먹겟어요 구글플레이 게임즈로 하고잇는데 자꾸 중간에 끊기거나 멈춰서 진짜 게임을 접어야하나 고민됩니다!! ㅠㅠ,0,부정
백민아,5,2026-01-02 06:16:48,솔직히 재미있는데 남들 앞에서는 못할거 같은 게임이에요 다들 부정적인데 현질 안하면 가끔 못싸울때도 있지만 전 천천히 무과금으로 나아가는 중이랍니다 캐릭터도 완전 이쁘고 ㅎㅎ,1,긍정
두건남,5,2026-01-01 19:47:43,굿,0,긍정
미소,5,2025-12-31 07:44:35,에버소울 짱 🍡,0,긍정
준앙준,5,2025-12-25 06:05:44,에버소울 순이 넘나 좋은 것 ㅎ ㅎ그래서 순ㅇ이 버프랑 각캐 빨리 내면 좋을 것 같아요,0,긍정
이지우,5,2025-12-24 22:53:11,재밌게 하고있습니다. 제 구글계정 문제로 오픈때부터 하던 계정이 날라간건 아쉽지만 다시 하더라도 재미있는 개임 같습니다.,0,긍정
윤기훈,5,2025-12-24 10:58:27,메인스토리 하편 언제쯤 나오나요? 빨리 보고 싶어요. I love 에버소울,1,긍정
어두운,5,2025-12-18 06:12:17,캐릭터도 이쁘고 재미있습니다.,0,긍정
명경지수,4,2025-12-07 07:32:23,"전투는 자동이며, 스킬 쓰는 타이밍이나 진영짜기, 장비 착용등을 정해서 할 수 있는 게임. 명함을 얻기는 쉽지만 강화를 하려면 다소간의 투자가 필요하지만 그리 높은 가격이 아니라 부담이 덜하다. 영지 꾸미기나 정령과의 소통도 있다. 단점은 스토리에서 주인공이 활약하는 것이 적다는 것과 몇몇 인연스토리는 별로 보기 안좋다는 점 정도.",11,긍정
김법규,5,2025-12-01 13:22:15,제발 떠라 ㅠㅠ,0,긍정
박기랑,1,2025-11-26 14:52:58,제법 키운 계정이 사라졌네요 다신 안함,0,부정
찹쌀콩떡,4,2025-11-26 13:39:16,스토리 좋고 잘만든 게임같은데 돈써야 레벨업 할수있다는거 ㅠㅠ,0,긍정
최호권,5,2025-11-26 02:35:21,맵희형 돌아와..,0,긍정
정현우,4,2025-11-14 08:32:14,재미있네요~ 스토리 좋아요,0,긍정
최호수,4,2025-11-10 18:00:08,"생각보다 괜찮음 에픽 캐릭터들도 후반까지 끌고갈만함 근데 겜 출시한지 오래됐으면 뉴비들 빨리 올라와서 고인물들 발바닥이라도 핥을수있게끔 풀돌 1,2개 정도 스토리 중후반까지 밀만한거 줬으면 좋겠음",0,긍정
섭컬쳐,1,2025-11-08 22:46:51,그냥 섭종박아라 커뮤도 글리젠 다뒤졋네,1,부정
잔나비,1,2025-11-08 05:23:57,게임이 자주 멈추고 있습니다,4,부정
홍성규,5,2025-11-01 05:50:44,굿,0,긍정
왕신정,1,2025-10-30 05:10:22,장사안되나? 대책없이.아무한테나.톡뿌리네.안함.ㅋ.ㅋ,2,부정
생각,1,2025-10-28 03:30:28,화가나서 진정하고 써보는건데 게임이 1000일이나 지났으면 좀 바뀌어야 하는거 아닙니까? 아니 적어도 초기 오픈했을때랑 달라져야죠 전투가 재미 있는것도 아니고 스토리도 그닥 좋지도 않고 어떤부분은 자동이고 어떤부분은 전투 끝나고 매번 딸각 눌러줘야하고 벨런스는 그냥 엉망이고 변화가 없어요 전에 라이브 방송하고 그런 노력이라도 보이는데 지금은요? 변화가 없어요 모델링 이쁘면 뭐하냐고요 그런 게임 많아요 이쁜거 치면 많은데 그럼 게임성으로 승부를 봐야하는데 지금 이겜이 승부가 됩니까? 유입이 있어요?,15,부정
momo&너부리,5,2025-10-28 01:41:04,재미있네요,0,긍정
Rain,3,2025-10-27 12:17:53,1년 넘게 했지만 결국엔 지루해져서 삭제했습니다. 새로운 컨텐츠나 스토리가 나오지 않는 이상 복귀는 안할 것 같네요 그래도 잘 즐기다 갑니다 >.o,0,중립
와나우바,5,2025-10-17 01:24:01,가볍게 즐기기도 너무 좋고 게임 잧0가 너무 잘만들어서 잼나요,0,긍정
김용득,4,2025-10-15 08:51:50,재미가쏠쏠함,0,긍정
ck lee,3,2025-10-05 07:05:50,유저가 왜 없는지 알겠습니다.. 1000일 된 게임이 하루에도 몇번씩 멈춰서 먹통이예요 재미자체는 괜찮아요,0,중립
이명희,5,2025-10-05 06:35:21,걍재미썽ᆢㄷ,0,긍정
Goodboy,1,2025-10-04 22:10:29,"AFK 게임 방식으로 갈수록 반복되는 적과 과금으로 이어갈지 세월아 네월아 존버해서 올라갈지 정해야 합니다. 초반에는 전투가 매력적이나 과금이 가치나 매력을 주지 못하면 쉽게 유저가 이탈할것 같습니다. 무엇보다 캐릭터의 외형이 많이 부족하며, 주요 캐릭터가 남성향 유저에게 어필하기 어려운 유형의 캐릭터들로만 구성되어 캐릭터적 매력을 전혀 느낄수 없습니다. 남성향 유저 니즈를 전혀 채우지 못하며 주역인 메피스토.린지.유리아.탈리아 등 남성향 유저의 니즈를 만족시키기에는 역부족이며 불편한 시스템과 호불호 갈리는 방향성으로 게임의 매력이 느껴지지 않습니다. 전체적으론 어떤 유저의 니즈를 맞추기 위해만든 겜인지 알수없으며 서브컬쳐 게임으로 전혀 느껴지지 않습니다. 무엇보다 강제적으로 가슴이 작은 인권캐를 유도하여 그 캐릭터가 취향이 아닌 유저에게 게임의 재미 자체를 낮추고 있습니다. 여러 문제가 존재하나 아트의 분위기가 남성향 서브컬쳐 니즈와는 거리가 한참 멀다 판단됩니다.",10,부정
SPYFAMILY OPBR,1,2025-10-03 08:23:40,픽업이라는 뜻을 모르나 200뽑에 픽업캐 1개 ㅋㅋㅋㅋ,0,부정
이수형,5,2025-09-28 14:15:20,게임사의 정성이 느껴지는 갓겜입니다!!,0,긍정
최진용,5,2025-09-21 14:04:48,재미있어요,0,긍정
리득춘,5,2025-09-14 01:32:04,재밋어요아주 마니마니,0,긍정
Stylish S,5,2025-09-09 23:06:00,그래픽이 화려하고 캐릭이 많아서 수집하는 재미가 있습니다,0,긍정
뀨우,1,2025-09-06 09:45:34,일단 최근에 다시 복귀한유저로써 감상을 적어본다 타게임 이리저리 돌아다니다 과금 무과금 다해본결과 이게임만큼 돈안들이고 확률도 정직하고 잘뜨고 컨텐츠 많은 겜 없다고 할수있을정도다 추천 박고본다 카카오 계정 전에꺼로하려고하는데 시작하면 현 카카오 계정으로 들어가지는데 전계정으로 못들어감,4,부정
양소이,5,2025-08-30 14:23:15,재미나요,0,긍정
유재상,5,2025-08-12 02:12:38,s25 팅기는것좀 어떻게좀 해줘라~,2,긍정
TH 1,1,2025-08-07 04:15:10,아무리 그래도 아시아 서버 유저들 통수치는건 좀 아닌거 같네요.,0,부정
D Choi,2,2025-07-30 08:59:22,용량크고 로딩길고 자동진행 안되고.. 불편함,1,부정
오병화,5,2025-07-27 14:39:12,재미짐,0,긍정
박민환 (지휘관),5,2025-07-24 11:56:20,계속 플레이 해보니깐 재밌네요 시작한지2일차 인데 괜찮은 게임인거 같아요 캐릭터들이 정말 마음에. 들어요,0,긍정
lsj angelhisoka,5,2025-07-23 09:25:25,재밌어요..재화퍼줍니다..,2,긍정
산아강아,5,2025-07-20 03:35:14,이것 저것 다 좋네요,0,긍정
뽀롱뿌뿌,3,2025-07-17 03:57:03,보통,0,중립
김리,5,2025-07-13 22:10:55,캐릭터들이 귀엽고 섹시함,1,긍정
이경준,5,2025-07-10 17:38:07,좀 나은편임 요즘게임치고,0,긍정
숨은그림,5,2025-07-10 04:02:10,카겜의 두번째 갓겜. 프리코네랑 이거 두개 하는데 난 운이 좋은것 같아 ㅋㅋㅋㅋ,0,긍정
토냥이,5,2025-07-05 13:44:00,💓,0,긍정
초록빛,5,2025-07-03 22:34:28,아이좋아,0,긍정
박찬종,5,2025-07-03 05:25:06,갤럭시 s25플러스 사용중입니다. 중간에 자꾸 멈쳐서 재부팅해야합니다- 고쳐주세요 젭알,2,긍정
이경준,5,2025-06-25 01:40:47,vip시스템이 없어서 참 좋은👍 게임. 소과금정도가 적당히 즐길수있음. 팅김현상만 개선되면 베스트임ㆍ,0,긍정
류츠카르벨리아아쿠아레이,5,2025-06-25 00:05:00,"캐릭터 디자인도 매력적으로 좋고 브금도 캐릭터나 배경에 어울리는데, 꾸미는 것을 좋아하는시간가는 줄 모르네요! 인기가 더 많아졌으면 좋겠네요!2년 넘게 플레이 중인 유저입니다. 천천히 게임 진행하는느낌으로 하면 무과금으로도 충분히 즐길 수 있는게임입니다. 가챠부분도 큰 스트레스 없이 에픽캐릭터를 뽑을 수 있습니다. 초기에 비하면 유저들과 소통으로 많은 부분이개선이 되었습니다. 전투신과 필살기 등의 연출도 상당히좋습니다. 또한 캐릭터도 개성있고보이스도제공하고있어서좀더정이가는느낌입니다.꾸준히이벤트스토리가제공하고 있고, 그에 따른 재화 등의 수급도 어럽지 않습니다.캐릭터 모델링과 나름 자연스러운 움직임으로 스토리등을진행 시 몰입감도 높다고 생각합니다. 다만, 자동 전투가 기본컨셉이기 때문에 하나 하나 세세히 컨트롤 한다는 느낌이없어서 약간 심심할 수 있습니다. 그렇지만 전투 중 스킬들이화려해서 감상하는 재미가 있습니다..",0,긍정
ayoung J,5,2025-06-23 11:02:17,너무나도 간편하기도 하고 좀 자동적이면서 수동적인 성장시스템과 조합할 레벨링 로그라이크 전술도 가능할 듯 싶네요.이제 3일차이긴 해도 재미있게 하고 있습니다 ㅎㅎ 뭣하면 적의 특성의 조성까지도 파악할 때까지는 아직 모르는 게 가장 재미있으니까.,16,긍정
Ru트차,5,2025-06-21 13:44:55,섭종하지 말고 오래 갑시다 제발ㅜㅜ 이렇게까지 소통하고 게임에 진심인 개발진들과 완성도 높은 게임이 없어요,0,긍정
웃지요그저,4,2025-06-19 07:57:33,다 좋으니까 메인스토리만 어떻게 해주세요.. 클리셰비틀기 판에 등장한 정석클리셰 게임인데 스토리가 맛이 없으면 어떡해요 ㅜ,0,긍정
윤종욱,5,2025-06-19 01:00:00,최고의 선택이에요.,0,긍정
NAGO,3,2025-06-10 08:30:23,한참 흥미진진하게 스토리보다 멈추고 뽑기 하려고하면 멈추고.. 캐릭터도 예쁘고 참 좋은데 할만하면 게임자체가 멈춰서 진행이 안되니 너무 슬프네요. 설치하고 4번 멈춰서 겨우 튜토리얼 끝냈네요.,4,중립
신지윤,3,2025-06-07 02:45:04,정말 재미있고 캐릭터나 스토리도 좋아요. 근데 버그가 하나 정도 발견했는데 캐릭터를 분명 뽑았는데 정령에 들어가면 사라져있습니다... 혹시몰라서 나갔다 들어와도 복구되어 있지 않아요… + 화면 멈춤 너무 심해요 켠 지 5분도 안 돼서 게임이 멈춰서 나갔다가 들어왔다. 최소 2번은 반복해야 하는 게 불편합니다….,6,중립
K Jung,5,2025-06-06 05:06:15,완전 재밌고 혜자겜!,0,긍정
포모치,5,2025-05-30 06:41:14,지들 운이 개똥이어서 픽업 실패한걸 남탓하네 ㅋㅋ. 니들은 실패했지? 난 바로떴어. 징징거리지마,0,긍정
김퇴근 (퇴근),1,2025-05-26 03:33:33,최근 이 겜 행적보고 댓달러왔음... 재미없어서 오래전에 접었는데 이게 정답일줄은 몰랐네 잘가라,1,부정
송송용준,1,2025-05-24 01:33:55,저번에 게임이 안되서 답변한 유저입니다. 모델명은 SM-F711N이고 발생일은 오늘입 니다. 그저께 업뎃하고 들어갔는데 또 안되 네요. 휴대폰 기기는 Galaxy Z Flip3 5G입 니다.,0,부정
서범석,4,2025-05-22 04:03:00,평가는 괜찮다,1,긍정
바야아바야야움,5,2025-05-20 12:16:16,굿굿,0,긍정
jungmo Yeon,1,2025-05-17 13:34:32,유저들한테 이익이 되는 기원의 탑 업데이트는 죽어도 안하고 돈 되는 신규정령 업데이트만 하니 유저 유입도 안되고 기존 유저도 빠져나가지,2,부정
부계정,1,2025-05-16 12:02:50,"초창기에 접은 내가 이김, 여윽시 똥카오 운영레전드",4,부정
큐오,1,2025-05-15 03:48:15,머리를 쓰기엔 불편하고 짜증나는 요소가 산재해있는데 그렇다고 무지성으로 하기엔 이따금씩 이상한거 들고와서 퀴즈나 맞추게 시키는 이도저도 아닌 게임.,1,부정
리들러,1,2025-05-13 17:49:38,아니 당신이 시작할 그리고 우리가 시작될 이야기 정도는 아닌데.,0,부정
황정무,5,2025-05-08 07:38:54,재미지네요,0,긍정
WonSeok,2,2025-05-08 03:52:24,게임 플레이 중 중간에 멈추는 현상 저만 그러건가요? s25 쓰는데 게임이 멈추는데 불편하네요 고쳐주세요,0,부정
김성우,5,2025-04-27 15:58:05,스토리 그래픽 너무잘만들었네요,0,긍정
SuperRainbow,5,2025-04-27 11:16:35,"(수정) 소과금 5개월 유저 - 장점으로는, 개인적으로 무과금/소과금러한테도 혜자겜입니다. 뽑기는 30회 소환시 에픽 확정이 제일 마음에 들고 픽업도 안 나올 때는 진짜 안 나오지만 대체로 잘 주는 편이라서 현재 전 캐릭 소장 중입니다. 오리진을 찍는 것 아니고 명함만을 목적으로 한다면 전 캐릭 얻기는 매우 쉽습니다. 정말 랭커가 되실 분이나 빠른 진행을 원하시는 분들이 아니라면 무소과금으로도 충분히 즐길 수 있는 게임입니다. 그리고 단점은 앱 크기로, 추가 데이터까지 전부 다운로드 했을 때 최소 18GB 이상으로 게임 중에서도 꽤나 큰 용량입니다. 스토리가 많아서 이해는 갑니다만, 저장용량이 큰 스마트폰한테도 결코 적은 용량은 아니네요. 그리고 무소과금 기준, 캐릭터 업그레이드 할때 한 170레벨 정도까지는 무난하게 올릴 수 있으나 그 이상부터는 재화가 좀 많이 들어갑니다. 그래도 전리품이나 여러 컨텐츠 돌다 보면 또 수급은 괜찮은 편입니다. 여담으로 유물 승급이 좀 악랄합니다..",84,긍정
원종명,5,2025-04-23 06:15:09,구글이나 페북이나 게스트 좀 해주세용,0,긍정
Yily Kim (Mir),5,2025-04-17 04:35:25,꾸준히만 한다면 부담없이 즐길수있음 캐릭터도 이쁘고 방치형이라 시간에 제약이 없어서 좋다 벌써 1년 넘게한듯 ㅎ이제2년 넘었네,1,긍정
AI쌍둥이 AI,5,2025-04-11 08:34:31,정령들퀄리티도좋고에니메이션이부드럽네요.,0,긍정
종이나무,4,2025-04-11 08:23:33,"결국 접습니다. 쇼콜라 퀸 이벤트 하다보니 내가 게임을 잘못 즐겼구나 싶어요. 오토로 해도 되지만 조금만 파고 들어도 너무 어렵네요. 복잡한 전투를 좋아하면 갓겜일 수 있으나.. 운영, 개발진 열심히 하는 게 보이지만 매니악하다는 느낌. 캐릭터 디자인은 아주 좋습니다.",2,긍정
내로남불,1,2025-04-02 12:32:17,s25 인데 리뷰보니까 나만 멈춤현상이 잇는게 아니네 최적화 안하고 대충 운영하나? 신규유저는 못얻는 케릭은 왜 잇는거임 ? 약올리나? 이러면 과금안하지,0,부정
이영석,5,2025-03-30 00:08:04,몇일안됐느대 아직은 할만한거같아요,0,긍정
화월 (ofdeath사리엘),5,2025-03-28 12:54:57,신캐가너무아름답네요,0,긍정
진율,5,2025-03-27 10:49:22,우와 진짜,0,긍정
오가이,5,2025-03-27 01:50:18,흠..,2,긍정
채희형,5,2025-03-24 08:24:09,재미있고 하나하나 여캐들이 예쁘고 스토리가 재미있어요.,0,긍정
김대현,5,2025-03-22 15:10:33,재미나네요,0,긍정
노민,4,2025-03-19 00:43:19,갤럭시s25 울트라로 게임하는데 중간중간 계속 멈춰서 껐다가 다시 켜야하네요 개선 부탁드려요,3,긍정
박종호,5,2025-03-12 14:14:50,예쁜 캐릭과 이펙트도 좋습니다.,0,긍정
손진성,5,2025-03-12 05:32:54,재밋음,0,긍정
양대원,5,2025-03-12 04:57:47,애니메이션을 보면서 게임 하는기분? 다양한케릭과 무과금도 좋다,0,긍정
발사탕,3,2025-03-11 09:14:37,일단 소위 말하는 분재겜 애들 귀엽고 리세 하는게 좋아보임 큰 맵 안에 세부 맵? 챕터? 가 좀 많아요 처음부터 25개인가?? 나중가면 100개 될것같은 느낌.... 현질 안해도 충분히 할만한것 같아요 근데 에피소드 보는거 번거로워요... 들어가서 스킵 아이콘도 작고 선택지도 있고... 몹 잡는것도 오토 잘 되있고 근데 설명이 좀 불친절해요 나름 할만하다고 생각합니다,1,중립
이춘만,5,2025-03-10 12:00:10,재미있게 하고 있어요,0,긍정
김대영,4,2025-03-08 02:08:14,갤럭시 s25 울트라 사용중인데 게임 재밌게 잘 하고 있넜습니다. 근데 최근들어 중간중간 멈춰요 멈추는 시점들이 다 달라서 원인을 모르겠어요 1. 전투 종료화면 2. 유물 뽑기 결과화면 3. 아레나 입장화면 4. 이벤트 페이지 입장 등등 생각난거만 적었는데 더 많아요...,34,긍정
머슴아,5,2025-03-07 07:07:05,재밌다재밌어,0,긍정
난씹덕임,1,2025-03-07 06:00:28,카카오톡 로그인 없어졋습니다,0,부정
크레이지사슴,5,2025-03-06 12:07:49,"2년 넘게 플레이 중인 유저입니다. 천천히 게임 진행하는 느낌으로 하면 무과금으로도 충분히 즐길 수 있는 게임입니다. 가챠부분도 큰 스트레스 없이 에픽캐릭터를 뽑을 수 있습니다. 초기에 비하면 유저들과 소통으로 많은 부분이 개선이 되었습니다. 전투신과 필살기 등의 연출도 상당히 좋습니다. 또한 캐릭터도 개성있고 보이스도 제공하고 있어서 좀 더 정이가는 느낌입니다. 꾸준히 이벤트 스토리가 제공하고 있고, 그에 따른 재화 등의 수급도 어럽지 않습니다. 캐릭터 모델링과 나름 자연스러운 움직임으로 스토리등을 진행 시 몰입감도 높다고 생각합니다. 다만, 자동 전투가 기본 컨셉이기 때문에 하나 하나 세세히 컨트롤 한다는 느낌이 없어서 약간 심심할 수 있습니다. 그렇지만 전투 중 스킬들이 화려해서 감상하는 재미가 있습니다. 추가로 아레나가 재미가 없습니다.좀 심심합니다. 개인적으로 아레나가 좀 더 재미가 있었으면 하는 아쉬움이 있습니다. 전반적으로 괜찮은 게임입니다.",210,긍정
김다니,5,2025-02-27 01:37:57,재미있어요!,0,긍정
在韩生活的中国猫고양이,5,2025-02-26 08:06:40,캐릭터들이 맘에 들고 많이 뿌려줍니다,0,긍정
0 K,1,2025-02-23 18:22:11,내가 이 딴 게임에 돈을 썼다는 게 아직도 후회스럽다 별점 1개도 아깝다 0점은 없습니까,0,부정
재독전,5,2025-02-23 12:20:46,그림이 너무 이뻐요^~^,0,긍정
으앙,5,2025-02-20 02:25:24,오픈초기부터 지금까지 즐기고 있어요 정말 혜자겜이라고 생각합니다. 다만 갤25+로 바꾸고 나서 게임이 꼭 한번은 멈춰버리네요 로딩도 아니고 그냥 화면 정지 ㅠㅠ,2,긍정
루이미너스,1,2025-02-19 23:13:11,S25 기기에 대해 최적화가 되지 않았는지 계속 멈추는 현상이 발생하는데... 최적화 요청드립니다,1,부정
박민준,1,2025-02-16 12:40:35,"시작할때 검은화면에서 계속 안 넘어가지네요. 정말 재미없습니다. 이런 소소한 버그도 아직까지 안 해결하시다니, 실망이네요",0,부정
l i,4,2025-02-15 06:54:32,프리코네 같은 길드하우스처럼 방안을 꾸미고 캐릭터를 구경할수있는 그런 시스템이 있음 좋겠어요,0,긍정
엔드,5,2025-02-15 05:46:17,오랜만에 접속 이쁘다,0,긍정
DJ Song,3,2025-02-15 05:18:13,"스토리도 나름 보는맛이 았고, 보상도 후한 편이고, 나름 재화도 잘주고, 캐릭터도 이쁘고, 아기자기한 맛이 있어.. 좋은데.. 아니 왜 가챠는 문제가 많은걸까요.. 잘 돌아가다가도.. 툭하면 그냥 화면 그대로 멈춰서 끄고 재부팅 하지않으면 그대로 쭉있는.. 이 오류는 대체 언제 고쳐질까요?? 이런 겜류의 특성상 가챠의 비중이 높을수밖에 없는데.. 안나오는것도 서러운데 멈춰서 결과 확인도 못하고 다시 들어가보면 뽑기 재화는 사라졌는데 결과는 알길이 없고.. 한 두 번은 그러려니 했는데 계속 이러니 짜증나서 다시 들어가기가 싫을 정도네요...",11,중립
youngkyo lee,5,2025-02-13 15:03:18,재밌습니다.,0,긍정
김필범,5,2025-02-13 08:21:25,릴리트 기간한정 스킨 먹고 싶어서 400뽑했는데 결국 스킨 못 얻었어요 나중에라도 보석으로 얻을수 있게 해주세요,0,긍정
강윤석,5,2025-02-12 11:11:10,조금 아쉽지만 재밌네요.... 너무 비싸요 ㅎㅎ,0,긍정
진현민,5,2025-02-10 16:43:01,넘나재미따,0,긍정
LIANJI QUAN,5,2025-02-02 12:38:00,내가 플레이 하던거 중에서 10점 만점,0,긍정
김도진,5,2025-02-01 08:16:09,친구따라 하게됬는데 정말 재미있네요!,0,긍정
이해준,5,2025-01-24 08:35:03,에버소울하는 마지막의 고우,0,긍정
강아름,5,2025-01-24 02:02:55,시작한지 일주일되어서 아직잘모르지만 아직은 무과금으로 재밋게하는중입니다,0,긍정
극백야,5,2025-01-23 20:30:53,그래픽 좋고 디자인도 좋고 스토리도 나름 잘 짜짐 근데 용량 상당히 많이 먹음 예전(23년 1월 5일)보다는 확실히 정령이 다양해지고 속성도 추가되서 다양한 플레이도 가능 근데 스토리 보는거 배속기능좀 넣어주면 좋겠다...,4,긍정
김태수,5,2025-01-23 05:08:17,소과금 친화적 게임. 게임사 입장은 어떨지 몰라도 유저 입장에서는 꾸준히 강해지는 게 너무 매력적인 게임입니다.,2,긍정
김대후,5,2025-01-23 03:32:49,무자본 혜자게임,0,긍정
JUN,5,2025-01-17 10:31:18,이겜 재미있어요 다들 꼭 해보세요,0,긍정
김현정,3,2025-01-15 17:33:53,빠르게 진행되었어요,0,중립
jsg h,5,2025-01-15 03:15:14,좋네요 게임,0,긍정
이희성,5,2025-01-13 01:33:06,없음,0,긍정
한한지혁,5,2025-01-12 20:38:21,에버소울 메인스토리 2부 나오나여 간만보지말고 주세요 2부,0,긍정
Cortex C.B,2,2025-01-12 00:04:29,캐릭이 매우 많고 뭔가 난잡함 일단 좀 더 해볼 거긴 한데 뉴비가 입문하기엔 너무 복잡하고 어지러움,1,부정
J.M P,5,2025-01-11 07:31:07,결제가 두번 됬는데 어떻게 해야될까요?? 패키지 샀는데 안들어와서 다시 뉴르니깐 중복 결제가 됬는데 해결 돠나요?,0,긍정
라몽,1,2025-01-09 16:58:45,제발 소통 좀 해요.... 1주년인데 딸랑 방송?,5,부정
김원태,5,2025-01-09 12:48:09,재밌다ㅎㅎㅎ,0,긍정
드래곤SD,5,2025-01-06 14:19:19,스토리 보는거 상당히 빡센거 말고는 재밌음,0,긍정
이준영,5,2025-01-06 11:19:37,너무너무 재미나게 하는중,0,긍정
박정홍,5,2025-01-05 21:00:40,오픈때부터 했던 유저인데 지금은 일퀘만 하는 사람으로써 솔직 캐릭터만 너무 양산하는 느낌이 강함 물론 뽑기권 재화도 간간히 줘서 뽑는데는 문제없지만 정령만 너무 뽑아대니 따라가기 벅참... 보는맛 뽑는맛 잇지만 컨텐츠에 힘을 좀 실어줫으면 좋겟는 바람 2주년 축하하고 3주년까지 별탈없엇으면 좋겟는 바램.. 에버소울 화이팅,13,긍정
준바,1,2025-01-05 15:59:58,오랜만에 복귀하려하니 캐릭이 사라졌네 다시 하던거나 해야겠다,0,부정
천안문탱크맨,5,2025-01-05 12:23:46,시간가는줄도 모르고 재밌네요,0,긍정
진소은별,5,2025-01-05 07:39:05,갤럭시 24 울트라 화면 비율 좀 맞춰주세요 끝부분이 잘려요,0,긍정
류해욱,5,2025-01-04 10:48:15,굳,0,긍정
장산웅 (saika),5,2025-01-03 15:17:02,재미써요~ 이거말고 딱히 할게 음따는...,0,긍정
조유진,5,2025-01-03 12:31:02,에버톡이 안되는데 버그인가요? 하루빨리 버그좀 고쳐주세요. 에버톡 들어가면 손모양이 ×표시를 계속 가리킵니다.,0,긍정
이혜지,1,2025-01-03 03:43:07,신규유저 안받아요? 언제적 아키를 아직까지 스테이지 미는데 써야합니까? 그리고 스토어는 플레이스토어에서 다운받는데 왜 구글연동이없어요?,1,부정
NicknameWH,5,2025-01-02 05:43:10,재밌기도 하고 무과금 소과금러들한테도 좋은 게임이 맞지만 컨텐츠가 너무 없어서 신규유입이 없어서 게임이 사라질까 걱정이네요...오래오래 보고싶네요 화이팅입니다,0,긍정
강성택,5,2025-01-02 03:22:14,"출시 때 6개월 정도 즐기다 1.5주년때 복귀해서 현재 2주년까지 즐기는 중인데, 개인적인 후기를 남기자면 - 느긋하게 즐기고 싶은 사람에게 추천 > 성장속도가 상당히 느림. 이건 과금러도 똑같은데 진짜 성장하는데 오래걸림. 과금러도 진짜 오래걸림 > 캐릭터 등급 올리는데도 상당히 오래걸림(재료 캐릭터 수급량이 어마무시함) - 무과금 쌉가능.. 성장속도가 느리다보니깐 언젠가 뜬다는 마인드 + 쉬지않고 열리는 이벤트(이벤트 대상 캐릭마다 2~3개씩 받을 수 있음)로 충분함. > 캐릭터 많이 뽑아봐야 재료캐릭터 수급이 안되서 어차피 못올림. 나만해도 소과금으로 1.5주년에 복귀해서 지금 모든 캐릭 오리진 찍을 수 있는 만큼은 있는데, 재료캐릭이 없어서 2/3 밖에 오리진을 못함.",8,긍정
목상훈,4,2024-12-26 08:52:20,페어리테일 루시 캐럭터 와 콜라보 해주세요,0,긍정
박수홍,5,2024-12-23 10:31:49,재밌네요,0,긍정
징징이,5,2024-12-22 18:48:10,재밋엉 ㅎㅎ,0,긍정
남자그플,5,2024-12-22 07:54:09,마다가스카르왕도마뱀이 채소를 게걸스럽게 먹어치우는걸 보고 무럭무럭 잘크는구나 하는 뿌듯함이 이겜캐릭 키울때 느껴짐,1,긍정
유예주,4,2024-12-20 09:34:20,천천히 무과금으로 하기 좋은겜임,0,긍정
여울이,4,2024-12-19 07:10:25,가챠로만 말고 배포캐도 만들면 좋을거 같음...,0,긍정
상재박,1,2024-12-17 01:20:08,pc클라가 최적화가 최악입니다 개선여지도 없네요 수차레 피드백을 통해 개선요청을 하였지만 pc클라는 호환이 전혀안되어있고 자주튕기는등 불쾌함이 최고에 달하여 삭제합니다,1,부정
치킨사줘,5,2024-12-12 02:33:07,단점이 없다하면 거짓말인데 장점이 더 많아서 단점이 당장 눈에 들어오지는 않음,2,긍정
황승민,5,2024-12-09 02:00:13,🪓🗡⚔️🗡⚔️,0,긍정
노종인,5,2024-12-03 01:07:59,잼나네 ㅎㅎ,0,긍정
장정연,5,2024-12-02 13:04:25,개 재미있음.스토리도 개 잼남,0,긍정
ᄎᄇᄋ,5,2024-11-29 23:39:56,캐릭터도이쁘고 좋네용,0,긍정
송민국,5,2024-11-29 02:54:46,대단히 감사합니다 좋은 하루 되세요,0,긍정
강진우,5,2024-11-29 02:15:47,재밌습니다,0,긍정
별빛,1,2024-11-28 13:38:30,둘중 한명이 배포전용 캐릭으로 내놓았으면 할만했다에 만장일치적 입니다 둘다 뽑기로 내놓으면 누가 하겠습니까?,0,부정
히미소사,5,2024-11-28 12:52:39,간만에 오래할 게임 찾은건 같아요. 감스합니다,0,긍정
하얀머리,5,2024-11-28 03:19:40,"최근에는 제법 보스들 기믹들이 파워인플레를 잘 막고 있다고 생각합니다. 네, 재밌어요!",1,긍정
강민,4,2024-11-25 04:19:55,굳!,0,긍정
권동욱,5,2024-11-24 20:17:16,재밌음~~,0,긍정
코메이지코이시&아깅샤링,5,2024-11-24 07:32:38,업데이트 내용:서비스 안정화 현실:렉이 20배로 증가,1,긍정
노시형,5,2024-11-24 03:19:18,정말 재밌습니다,0,긍정
유리멘탈,5,2024-11-24 01:20:40,good,0,긍정
MIKOYAN,4,2024-11-23 04:41:16,메피 노말엔딩이 어떻게 폭팔 엔딩이냐고 내 메피 돌려줘요,0,긍정
김수빈,4,2024-11-22 06:46:00,제가. 가장좋아하는 콜라보 해주셔서 정말 감사합니다. 제가 데이트 어 라이브 콜라보라시는 게임이 나왔으면 좋겠다고 계속 생각했었는데 해주셔서 정말 감사했습니다,2,긍정
이새아,5,2024-11-21 18:14:32,재미서요 ㅎㅎ,0,긍정
kaiselin,5,2024-11-21 14:29:04,그동안 재미있게 즐겼네요.,1,긍정
DoMiNic LEE,5,2024-11-21 11:43:29,무소과금도 재미있게 할수있는 게임 일러도 좋고 영지 꾸미기 레이드도 재밌다 더좋은 조합을 만들어가는 재미,0,긍정
Ninomiya 0,5,2024-11-21 03:55:20,재밌어요!,0,긍정
양어진,5,2024-11-21 02:46:13,❤️♡,0,긍정
wnran,5,2024-11-16 09:13:26,손이 편함,0,긍정
매일잡생각,5,2024-11-15 07:52:54,재밌습니다,0,긍정
최동욱 (황제리왕),5,2024-11-14 09:02:25,스토리번역 부터 목소리음성 케릭터 화질까지 완벽합니다^^ 항상 힘내세요 언제까지나 계속 에버소울게임 응원하고 많이많이 사랑해 드리겠습니다 ^^💚 😘,1,긍정
박정호,3,2024-11-14 03:18:03,유저친화적인게임 덕질하기좋은게임 직관적이고 과도한 피로감을 필요로하지않음 재밌는게임액션연출 코스튬 일러스트 노래가 매력적임 최근 추가 리뷰를 남기겠습니다 앱플레이어로 이게임을 시작했습니다 근데 pc초기화 후 다시 설치했는데 카카오 로그인으로 이어지지않더군요 어떠한방법을 해도 불가능했습니다 해외계정로그인으로 넘어가더군요 애플페이스북구글... 저는 이게임을 365일 하루도 빼먹지않고 했습니다 결국 남은건 아무것도없이 새로운 계정을 파야겠네요 허허 게임 이거 하라는겁니까 말라는겁니까 이거 건의 넣어보고 변하는게없고 적어도 접근성이 떨어지는 행동을 방치한다면 저는 노력조차없는 게임이라고 판단할 생각입니다,2,중립
조재민,5,2024-11-08 14:10:37,정말 재밌고 스릴넘쳐요!! 래벨업하는재미에 캐릭터뽑는 재미! 보상이많아서좋아요!,1,긍정
콘디,5,2024-11-08 07:19:05,여러모로 시작이 안타까운 게임. 유저가 성장력 만큼 들어왔다면 더 성장에 박차를 가해줄 게임,0,긍정
신종진,5,2024-11-05 08:30:22,굳,0,긍정
홍이은지,5,2024-11-03 15:18:10,영지쪽 시스템만 고치면 괜찮을 듯,0,긍정
젤리푸딩 (jellypuding),5,2024-11-03 12:25:26,모르겠당,0,긍정
우종현,5,2024-11-02 07:33:08,잼나요,0,긍정
바삭킹,2,2024-10-31 06:39:44,업데이트가 되면 될수록 렉이 걸리는 경우가 잦아졌습니다 해결 좀 해주세요 제발,0,부정
김준식,5,2024-10-31 05:04:25,김준식우리의미래까지,2,긍정
노형래,5,2024-10-31 03:23:23,"이태원 참사나 학교폭력 및 가정폭력이나 단독으로 여행, 외박, 야간 외출, 환경정화활동, 지회나 시위 참여에 대한 선입견과 더불어서 미혼부모, 성소수자, 이주노동자, 불법체류자, 1인가구, 비친족가구, 위기청소년, 한국에서의 마약재활치료, 의료나 식품으로의 대마 합법 등에 대한 부정적 인식을 없애는데 보조할 게임입니다.",0,긍정
전주엽,5,2024-10-31 02:48:59,재미있게 게임을 즐기고 있어요,1,긍정
Minsub Yeom,5,2024-10-21 04:24:30,재밌게 잘 하고 있습니다~,0,긍정
옹달센,1,2024-10-19 15:01:42,음..... 야겜,0,부정
안개비 (FOGRAIN),5,2024-10-18 17:56:56,"이런 수집형 RPG 좋아라 하는데, 아주 잼나게 즐기고 있어요.",1,긍정
메론,5,2024-10-15 06:50:17,혜자겜,0,긍정
서종우,5,2024-10-15 03:01:57,모으는재미도있고 조합짜는재미도있네요. 게임재밌게할게요,0,긍정
손영재,4,2024-10-12 01:14:30,구글 플레이 게임즈 베타로 게임하는데 왜 결제라는게 안되는건가요,0,긍정
고영서,5,2024-10-10 14:03:44,캐릭터랑 스토리도 잘 뽑고 꼭 과금 안 해도 무난하게 즐기기 좋은 겜. 오픈 첫날부터 해 온 유저인데 편의성 패치 같은 것도 하면서 꾸준히 성장하는 모습 보여서 보기 좋음ㅎㅎ(계정은 날아갔지만..),2,긍정
구르밍,5,2024-10-10 02:02:59,어떤게임을하든 리뷰작성을해본적이없는사람입니다. 결제도 이렇게 해본적도 처음입니다. 계속 오래오래하고싶습니다~ 파이팅 에버소울!,0,긍정
달구마,4,2024-10-06 13:55:51,"장점은 다양한 컨텐츠가 있는데 뭘 고르든 다른 컨텐츠랑 비슷하게 성장할 수 있었습니다. 방치 시스템이 있어서 겜이 조금 라이트해진 듯한 느낌이 들었기도 하고요. 단점은 게임성이 조금 부족하다고 생각합니다, 전투 들어가서 하는게 캐릭터가 하는거 보기, 스킬 돌면 누르기 뿐이라서 그렇고요. 근데 특별 전투(스토리 전투) 같은 경우는 맵이 있긴 했는데, 그것도 스토리 한정이지 스토리, 던전 외는 잘 안보였습니다. 그리고 전선을 깨는걸 강제합니다, 전선을 깨야 추가 콘텐츠가 개방되는 방식이라 조금 아쉬웠습니다. 만일 내가 블루아카이브가 게임성이 좋다고 한다면 이것도 먹어보실만 하다고 생각됩니다.",0,긍정
김봉정,5,2024-10-05 20:55:12,김봉정아들우리의미래까지,0,긍정
이현빈,5,2024-10-03 11:51:23,진짜 재밌어요,0,긍정
정점이,5,2024-09-29 10:43:53,빅씨마,1,긍정
김종선,5,2024-09-26 04:45:30,너무 재미있어요,0,긍정
한건우,5,2024-09-24 08:37:48,재밌게 하고 있습니다,0,긍정
WonChan,5,2024-09-21 15:25:06,다 좋은데 사유지 땅 좀 늘려주세요. 건물을 지을 수가 없어요.,0,긍정
대한독립군,5,2024-09-21 04:03:01,하면서느낀건데캐릭터육성도하기편하고캐릭터하나하나가다이쁨,0,긍정
박원균,5,2024-09-20 11:48:18,라이트 유저와 헤비 유저 구분이 되어 있는 게임깈음,1,긍정
검은상자,2,2024-09-19 11:15:56,백그라운드 다운로드가 안되네..??,1,부정
송세원,5,2024-09-17 14:12:42,처음에는 그냥지울줄알았지만 하다보니 맛돌고 잘 플레이중 ㅋㅋ 함 맛보고 하시는거추천 에매한점수는싫어서5점 박아드려요 단점 치면.. 흠 아직 더 보는쪽,0,긍정
counter사이드!!,5,2024-09-17 14:07:12,에버소울 주년 포함해서 너무 만족스럽고 재밌습니다. 진짜 인생겜,0,긍정
미정,4,2024-09-17 02:23:31,스토리하느라 게임하는게 적어 조금아쉬운데 그래픽이나 스토리는 나쁘지않네요.,0,긍정
Zero B,5,2024-09-16 14:54:38,아직까진 잼나는데 과금은 빠른길 ㄱ,0,긍정
북극여우(Arctic_0),3,2024-09-16 12:24:10,그래픽은 좋지만... 1. 내가 좋아하는 전투 시스템이 아니고... 2. 방치형이 얼마나 재미없는지 또 깨달았고... 3. 대사나 캐릭이 너무 음.......,0,중립
이상민,5,2024-09-15 12:58:49,3D로 캐릭터를 잘표현하고 스토리도 많아서 좋네요,0,긍정
유진,5,2024-09-12 12:12:14,캐릭터들이 너무 이뻐요!,0,긍정
원더풀데이,4,2024-09-12 05:01:08,캐릭터 이쁘고 진행도 괜찮은데 너무 캐릭터만 늘리는거 아닌가 싶은 감이 있네요 컨텐츠 늘어나는건 환영입니다만 피로감이 누적되는 컨텐츠는 수정이 있어야 할 듯 합니다 예컨데 정령과의 대화와 유실물 찾기는 동일한 내용의 반복으로 무슨 의미가 있나 싶을 정도로 구색맞추기로 보이고 사냥 컨텐츠는 레어몹이 극악으로 나와서 보상에 변수가 있는 것도 아닌 그저 시간만 뺏는 요소로 작용하며 영지꾸미기는 어쩔수 없는 설치형 보상 오브제로 인해 꾸밈요소에 방해만 되므로 보유시 효과발동이어야 좋다고 봅니다,79,긍정
리릭파블라,2,2024-09-09 07:46:02,로딩이 너무심함 초반 스토리 설명이 너무 많음,0,부정
PP,5,2024-09-07 22:35:06,꽤 재밌음. 캐릭터 애호형 씹덕겜스러움에 충실함. ap가 없고 가챠권 많이 주고 그냥 아무 생각없이 캐릭터 빨고 싶은 사람에게 알맞음.,0,긍정
서눙,5,2024-09-07 18:39:08,이 게임에 현질한다면 게임사에서 현질 유도를 해서가 아니고 이 게임 자체가 좋아서 하는것이다 그저 갓겜,0,긍정
Fatal Error,5,2024-09-07 02:08:52,스킨을...인게임 재화로 살수있다고...????,1,긍정
F A,1,2024-09-06 22:33:11,오류,0,부정
강지욱,5,2024-09-06 13:32:40,애들이 너무 귀여워요 특히 가넷~,0,긍정
오호석,5,2024-09-06 01:03:41,재밋어요 ㅋㅋ,0,긍정
SG KANG,5,2024-09-05 20:24:51,내가 한 모든 모바일 게임중에서 가장 길게하고있고 앞으로도 할 게임,0,긍정
에데온,5,2024-09-04 10:47:09,재미있게 플레이 하고있어요,0,긍정
희라,5,2024-09-03 04:42:07,이런류 게임 중에선 가장 무과금친화적이라고 봄. 오픈때부터 지금까지했는데 초기에 비해서 다른게임됨 발전진짜많이함 유저랑 소통도 잘해줘서 좋음 재화도 막퍼주고,0,긍정
김창기,5,2024-09-03 03:59:34,일러스트 이쁨~^^♡,0,긍정
DM R,1,2024-09-02 16:06:15,튜토리얼 스킵 기능 좀 넣어라 뭐 다 어디선가 해봤던 것들 투성이인데 왜 억지로 노가다를 해야하는 거냐? 이 게임 만 가지고 있는 특별한 플레이 방식도 아무 것도 없이 컨텐츠 소모 속도만 늦추려고 발버둥 치는 꼬라지가 개고기 같다,1,부정
김영욱,1,2024-09-01 12:29:55,한국 구글 계정으로 설치했다가 결제 시도 하려니 한국 결제 수단이 떠서 지우고 해외 구글 계정으로 두번이나 설치 삭제를 반복했는데도 한국 계정 결제 수단이 뜨는 이유는 뭐임? 서버가 한국으로 계속 뜨면 이해라도 되지 지역락 때문에 해외 거주자는 VPN 아니면 한국섭 못하게 막아놧으면서 결제는 ㅋㅋㅋ 한국 아니면 안되는건가 ㅋㅋㅋ,0,부정
S CDR,5,2024-08-30 10:24:13,클래식한데 재밋음,0,긍정
5sie 0,5,2024-08-30 01:29:54,재밋어요,0,긍정
aoal ddwdas,4,2024-08-29 05:36:02,괜찮은 게임임. 개발사와 유저들 간에 소통도 원활하고. 출시 때부터 이랬으면 참 좋았을듯.,0,긍정
헝그리울프,1,2024-08-29 05:08:53,별5개 줫다가 업뎃할따 마다 매번 터무니없는 데이터 다운 용량땨문에 짜증남,0,부정
보리덩어리,5,2024-08-29 04:26:54,국산 모바일 서브컬처겜중에 탑급 퀄인거 같습니다. 오래오래 서비스하면 좋겠습니다.,0,긍정
jun su park,5,2024-08-27 00:01:51,재미있네요:) 감사합니다,0,긍정
집별,5,2024-08-26 13:12:31,아직까진 재밌음,0,긍정
유하tv,5,2024-08-25 13:29:53,캐릭터가 다 마음에 들고 그냥 다 맘에 듬,0,긍정
띠리링,5,2024-08-14 06:03:59,그닥잼있음,0,긍정
최재서,5,2024-08-12 13:49:27,캐릭터들도 맘에들고 일러스트도 좋습니다. 그리고 스토리도 좋고 재화도 많이 퍼주는거같아서 겜이 재미있습니다,0,긍정
하얀머리,5,2024-08-10 14:49:19,늘 재밌는 컨텐츠를 제공해주셔서 감사합니다!,0,긍정
배정훈,5,2024-08-08 14:41:48,재미있는 게임 입니다,0,긍정
임시헌,4,2024-08-08 14:20:17,꾸준한 업데이트 다양한 이벤트 좋네요,0,긍정
김경환,5,2024-08-06 09:40:46,캐릭들이 이쁘고 재밌음,0,긍정
김경환,5,2024-08-05 04:36:47,afk류 게임은 처음해보는데 재밌음 캐릭 모델링도 취향저격임,0,긍정
장승우,5,2024-08-04 11:24:45,♥,0,긍정
양성민,5,2024-08-03 14:33:58,"그림도 좋고 스토리도 좋고 아기자기함도 있고 좋은 음악, 좋은 노래도많고 사료도 많이주고 신경 정말 많이쓴것같습니다 인생게임이될것같은.. 왜 이제 알게됐을까",0,긍정
이르베브,4,2024-08-03 01:28:18,낫뱃,0,긍정
masu JJ,5,2024-08-01 03:18:03,Afk 좋아하면 ㄱㅊ,0,긍정
우창,5,2024-07-25 16:25:28,"이렇게 오래 즐긴 모바일겜은 에버소울이 유일, 최근 업데이트 후 속도 개선도 되서 좋습니다.",0,긍정
뮤직김,4,2024-07-24 17:41:28,"선별소환 너무 힘들다 원하는것 고르게 해 ""줘""",0,긍정
정대호,1,2024-07-23 12:04:34,pc로는 구글게임 베타즈 뮤뮤 모바일 무한 로딩 구동 불가 네트워크 오류 1040 떠야 게임 구동 됨 pc 사양 문제 아님 / 폰 폴드 5,0,부정
양 진,5,2024-07-23 11:13:40,에버소울 무궁번창을 기원합니다~!! 잼나네요^^,0,긍정
김동현,3,2024-07-22 14:37:40,초창기에 재밌게 하다가 접고 오랜만에 복귀할려 했는데 겜 실행 후 무한로딩 또는 로딩 화면 멈춤 현상때매 계속 접속이 안됩니다.. 빨리 확인 후 패치 해주시길 바래요..,0,중립
카미시로유우나,1,2024-07-21 15:49:59,갤럭시 S23 FE 인데 왜 실행 안됨? 도대체 게임을 어떻게 만들었으면 로딩화면에서 넘어갈 생각이 없고 애들 로비 대사만 출력되는데 게임 똑바로 안 만듬?,1,부정
큐미QMI,5,2024-07-21 13:47:39,딱좋노,0,긍정
민성,5,2024-07-21 12:09:12,재밌음,0,긍정
철학,5,2024-07-21 06:17:05,갓겜이라 생각함,0,긍정
g택스,5,2024-07-20 09:21:53,쉽고재밌고 서브로하기도 좋음,0,긍정
폴의주먹,1,2024-07-20 03:59:06,해외 접속 불가인 쓰레기 게임,0,부정
신진용,1,2024-07-18 07:49:18,게임 시작 로딩부분에서 넘어가지않고 무한로딩이네요 게임 해보려했는데 들어갈수가없습니다,0,부정
2Wings,5,2024-07-18 06:31:23,그냥 겜이 갓겜임 이런겜 찾기 힘듦! 김맵희 디렉터가 젤 좋긴해.(특히 볼빵빵 ㅋㅋ),0,긍정
조원준,5,2024-07-18 01:46:41,소통도 잘되는 편이고 꾸준하게 발전하고 있습니다.,0,긍정
Pluto,5,2024-07-16 12:47:51,케릭터 연출이 좋아요,0,긍정
LOGOS,5,2024-07-16 07:45:07,확실히 잘 만들기도 했고 스킨도 있고 각 캐릭터의 음성또한 좋기도 하고 나름 컨셉을 잘 잡아서 할 게임 없을 때 하기 좋은 게임 같아요,0,긍정
서홍철,5,2024-07-15 07:21:37,잘만들어서요,0,긍정
임현선,5,2024-07-14 22:42:27,굿~~재미있어요,0,긍정
김준성,1,2024-07-12 18:13:02,ㅄ 접어라 걍,0,부정
카리대,5,2024-07-11 16:34:09,"무과금에겐 한없이 좋은겜. 모든스킨무료, 모든시나리오 보는데 큰제약도없고 타겜과 동일한 획일적인 메인스시스템과 달리 개별스는 분기가3개씩 있는게 특이점. 솔직히 메인스는 블아가 압살했는데 개별스는 블아보다 훨씬나음. 이겜하고나서 블아 모모톡 개노잼되서 이치카빼고 안본지 몇개월된듯. 다만 후발주자는 과금 아무리 때려박아도 선발주자 따라잡기힘들어 시작목표는 오로지 본인성장에 중심을 두는것을 추천. 타겜들도 똑같지 않냐라고 하기엔 이겜은 시간이 곧 레벨이되는데 블아랑 달리 레벨 한계선이없어 그점이 더욱심함. 이때문에 라이트유저는 과금을 할필요가 아예없어 게임매출이 나락임. 따라서 가볍게 입문할거면 더할나위없는 갓겜인데 언제 망할지모르는 마치 이터널리턴같은 게임임.",0,긍정
응바바,5,2024-07-08 15:11:05,대갓겜 방치인데 방치같지 않다 왜 재미있지..? 거기에 미연시까지 꿀잼.. 1.5 주년 뉴비 섭종까지 간다ㅏㅏㅏ,0,긍정
정재헌,5,2024-07-08 09:37:43,아직 초보라서 잘ㄹ 모르지만 재미있게 해볼께요.,0,긍정
배추배추,5,2024-07-07 13:49:45,1.5주년 기념해서 해봤는데 주는것도 많고 시작하기 쉬운 것 같아요,0,긍정
ph1o,1,2024-07-07 13:04:59,오랜만에 복귀하려는데 계정이 아예 사라져 있네요 돈도 어느정도 쓴 계정인데 갑자기 사라지는게 말이 안되네요 계정복구좀 시켜주세요,3,부정
배성준,5,2024-07-07 09:51:38,갓겜이라길래 1.5주년때 시작했어요,0,긍정
박윤선,3,2024-07-07 07:37:43,게임이 게임성이 아니라 ㄴㅅ만 자극하는 거 같아서 뭔가 3류 여자아이돌 보는 기분이라 착잡하네요.,0,중립
먹샘,5,2024-07-07 02:46:23,굿,0,긍정
JiHwan Kim,5,2024-07-06 07:31:47,모델링이 이쁜게임,0,긍정
토토fokored-ⓒⓞⓜ m,5,2024-07-05 02:51:28,굿!,0,긍정
혜니서리,5,2024-07-04 19:16:36,재미 있습니다,0,긍정
So t,5,2024-07-04 15:32:57,유저친화적인 디렉터.,0,긍정
오세진,1,2024-07-04 14:02:17,이벤트 던전 자꾸 튕김 렉걸리면서,0,부정
성희최,5,2024-07-04 13:23:04,오픈부터 계속하고있는데 월정액으로도 충분히 즐길수있는 갓겜,0,긍정
김도훈,5,2024-07-04 09:14:42,굿,1,긍정
최종근,4,2024-07-04 06:51:57,굿,0,긍정
로코,5,2024-07-04 02:32:54,농 농 노오오오오옹~~~,0,긍정
김종민,5,2024-07-04 00:31:12,운영 열심히하려는 모습이 응원해주고 싶을정도로 보기 좋음 더 흥했으면 좋겠습니다,0,긍정
응바바,5,2024-07-03 13:55:50,처음합니다 아주 맘에듭니다 왜 안했을까 내일 1.5주년 이벤트까지 유입 잘한것같습니다 굿,0,긍정
Charles Jang,5,2024-07-03 03:35:30,게임이 재밌어요,0,긍정
채린,4,2024-06-28 00:20:30,(여자)아이들 미연이💕💕,0,긍정
박성훈,5,2024-06-24 09:37:43,내가 제일로 좋아하는 게임 중 하나입니다,0,긍정
Susususu Susu (Susususususu),4,2024-06-24 00:55:40,재밌어요,0,긍정
손다빈,5,2024-06-22 23:16:36,킹버소울,0,긍정
자주색하늘,1,2024-06-20 14:38:24,분재형 게임이 왜 주게임 흉내를 자꾸 내냐. 공부하기 싫어서 접는다. 뭐가 이리 자꾸 새로운 형태로 방식으로 추가되는거야,4,부정
이재호,5,2024-06-20 02:39:23,내 인생 최고의 게임 너무 재밋습니다.,0,긍정
김광석,4,2024-06-15 02:33:08,갤s24인데 왜자꾸멈추죠,0,긍정
정재욱,3,2024-06-14 14:09:54,렉을 없애지 않는 이상 평점이 올라갈 일이 없음.,1,중립
도지우,2,2024-06-13 17:08:32,뽑기 확률에 질렸다,4,부정
김정호,5,2024-06-13 08:33:59,무과금으로 캐릭키우는 재미가 쏠쏠합니다,1,긍정
이동수,5,2024-06-13 07:25:53,굿,0,긍정
서건 (치죠니),4,2024-06-13 06:08:52,드디어 버벅거림이 사라졌다!!!,8,긍정
Doyun Choi,5,2024-06-13 02:14:36,재미있고 수정사항 피드백이 좋음,0,긍정
임지현,5,2024-06-11 11:40:47,조씁니다,0,긍정
Schweppes,1,2024-06-11 06:13:33,"렉 개선 없음. 일본서버 핑계랍시고 안정화 유기함. 오픈유저 초기 페트라 무쌍 레이드, 클로이, 유저들이랑 기싸움 하는듯했던 운영 다 버텼는데 최적화가 다 말아드셔서 그냥 떠남. 버벅임은 둘째치고 재시도 할때마다 렉 스택 쌓이는건 길드레이드도 하기 싫게 바꿔줬음. 본인 휴대폰은 괜찮으니 폰을 바꿔라?? 갤럭시 S24 울트라(512gb)기준임.",4,부정
작은물음표,2,2024-06-11 03:56:40,"시작한지 3주? 쯤 됐고 서버비 낸다는 생각으로 월정액 두개만 과금했음 개인적으로 할만한 수집형 가챠게임이라고 생각함 할만하다 했는데 왜 별점이 두개냐 전투 부분이 굉장히 짜치고 불쾌하게 설계돼 있기 때문임 상태이상 스킬들의 구분이 없음 스턴이건 매혹이건 수면이건 맞으면 그냥 제자리에서 어버버 해야됨 일반적으로 생각하는 스턴은 회피불가, 수면은 두배데미지 맞고 깨어남 뭐 이런게 없음 그냥 서서 개같이 맞아야됨 그리고 이게임 전투에서 제일 짜치는, 그리고 불쾌한 부분이 바로 회피와 치명임 이 스킬이 빗나가지 않았으면, 이 스킬이 치명타였으면 너무나 쉽게 승리할수 있는 부분임에도 이쯤인가? 싶은 부분에선 어김없이 회피를 당하고, 플레이어쪽의 얼티밋 스킬은 수상할 정도로 치명이 터지지 않는다 최고점이 터지면 클리어가 가능하기때문에 헤딩을 하게되는데 당연하게도 게임의 플탐을 늘리는(늘릴필요가 없음에도 불구하고) 아주 짜치는 방법이고 이런 의도가 너무 명확하게 보이기때문에 불쾌하다",1,부정
이진혁,5,2024-06-05 23:50:19,재미있드,0,긍정
빠우사,5,2024-06-03 23:00:07,재미있네요 캐릭들 이뻐요,0,긍정
Dae Woo lee,5,2024-06-03 00:43:13,재미있네요,0,긍정
runze F,5,2024-06-02 09:20:25,머야 스캇인줄 알앗는데 왜 재밋냐,0,긍정
김태희,4,2024-06-02 03:16:55,즐거움,0,긍정
박상훈,5,2024-06-01 18:26:47,내마음에 쏙 들어요,0,긍정
김동현,5,2024-06-01 09:36:07,아주 마음에 들어요.,0,긍정
김떡배,5,2024-05-30 07:33:13,대 철 희,0,긍정
양호진,4,2024-05-30 04:46:24,편하게즐기기좋은게임입니다,0,긍정
서성은,5,2024-05-29 14:45:28,재밋다~,0,긍정
락스타타,5,2024-05-29 12:52:48,즐겜,0,긍정
허성무,3,2024-05-28 08:14:51,읽는게 너무 길어 스트레스 받아요.,1,중립
RANIALOV,5,2024-05-26 23:48:08,???: 너희 게임 터치하면 모션 움직이는 것밖에 읎제? 우리 게임은 애정캐랑 카톡도 하고 나들이도 가고 캐릭터 별로 스토리도 여러 개 있다 부럽냐~,1,긍정
Bc A,1,2024-05-25 09:33:12,최적화도 안돼 오류는 더럽게 많아 이젠 2주째 오류때문에 접속도 못하고있고 그냥 돈 빨아먹을 생각으로 만든 게임이라고 생각함 돈이 썩어넘치면 할만할듯? ㅋㅋ 아 게임 접속 못하면 결제도 못하겠구나 그냥 하지 마셈 ㅋㅋ,2,부정
성진영,5,2024-05-25 09:29:11,good,0,긍정
김경란,5,2024-05-25 03:07:33,스토리읽어가며 겜하기는 첨임 현재 무과금으로 잘하고있음 약간만 과금하면 더 즐겁게 깰수 있을것 같음,1,긍정
박청화,5,2024-05-24 15:13:33,올해 발견해서 시작했는데 예쁜 캐릭터들과 게임 BGM답지않은 음악과 충실한 스토리를 사용한 가히 종합 예술을 추구한 게임 ...기술적인 렉만 해결한다면 너무나도 가볍고 즐겁게 할 수 있다. 미소녀들을 사랑한다면 꼭 해보도록하자.,6,긍정
p o,4,2024-05-24 14:13:14,업데이트 이후로 플레이도중에 자꾸 멈춥니다,0,긍정
황원국,5,2024-05-24 08:45:09,철희형 믿을게......... 볼빵빵,8,긍정
이희철,5,2024-05-23 23:12:28,케릭터가 이뻐요,0,긍정
슈크림빵,5,2024-05-23 15:45:54,서브게임으로는 최고의 선택,0,긍정
나,5,2024-05-23 10:12:48,cool game,0,긍정
서기,5,2024-05-23 08:03:50,재미있어요,0,긍정
정상욱,5,2024-05-23 06:11:04,좋아요~~~~~,0,긍정
전영준,1,2024-05-23 04:09:48,겜 전체가 불쾌함 재미가없다 그래픽만 좋은 그 무언가,0,부정
양준혁,5,2024-05-23 03:36:25,👍,0,긍정
페르디 (페르디),5,2024-05-23 02:58:30,이런게 갓겜인가?,0,긍정
윤쓰,5,2024-05-22 13:50:50,재미있게 해볼게요 갈길이 아직멀어 일단 느낌은 좋음,0,긍정
심우이,5,2024-05-22 07:15:37,재밌어요!!,0,긍정
Sejin Park,5,2024-05-22 05:20:56,아아 봄이 가고서야 봄이 온 줄 알았습니다. 다시 복귀,0,긍정
Tarr,3,2024-05-20 17:53:51,첫날부터 결제 오류 났네여 환불신청은 했는데 될런지,0,중립
Kunwoo Roh,5,2024-05-20 14:26:53,캐릭이쁨,0,긍정
김형준,5,2024-05-20 11:08:36,오우 기냥냥 굿,0,긍정
눈꽃,5,2024-05-20 05:33:39,재밋음,0,긍정
후루뚜루뚜,4,2024-05-20 04:33:35,게임은 할만한데 육성도 좀걸리고 신규지원이 좀아쉽고 접근하기힘듬,0,긍정
EK Kim (GFmania),5,2024-05-20 01:58:50,인연스 풀더빙맛 한번 볼래?,0,긍정
오효민,1,2024-05-19 21:39:56,진짜 최적화 개판내서 4번 실행하면 그중 3번은 검은화면에서 멈춤 아르바이트 시스템으로 방치형게임주제에 계속 접속 유도시키는것도 짜증나는데 겜이 이따구로 무거우면 어쩌자는거임?,0,부정
가네샤,5,2024-05-19 07:53:55,"음...회색도시(스토리 진행이 주요 골격), 원신(작화면에서), 니케(스토리 구성과 요정들과의 유대감을 성정시키는 시스템 구성상)의 장점을 두루 모아 놓은 RPG인데, 뭔가 에버소울만의 특색이 없는 점이 아쉽네요! 턴제 RPG의 한계가 분명 있다고 해도...장르를 파괴할 정도의 신선함과 도전에 따른 창의성은 없네요! 양산형의 범주에 든다고 밖에 할 말이 없습니다! 최근 복귀했는데 스토리팀, 작화팀(일러스트레이션), 사운드팀(BGM, 음악, 성우 더빙 등)의 개발부가 많은 노력을 하신 듯..그러나 아직 운영지원부에는 개선할 점이 많은 듯 합니다! 전체적인 콘텐츠와 운영방향..유저들 희망사항을 반영하는 점들에서 말이죠!",136,긍정
개살구 (호로록),5,2024-05-19 04:07:29,GOOD,0,긍정
착한악글러,5,2024-05-18 10:46:00,혜자겜이 별로 없는데 이겜도 혜자겜이였네요,0,긍정
김성훈,5,2024-05-17 08:56:11,재미있네요,0,긍정
유재하 (슬프다),5,2024-05-16 00:55:00,솔직히 1~2년 사이에 나온게임중에 제일 재밌음.,0,긍정
김민규,2,2024-05-15 11:56:02,게임 용량많다고 갓겜아닌고 성능도 별로데 용량만 늘엇나는듯한 결과물 에버소울 섭종 지름길 따라가지말구 생각좀하고 업데이트 하삼 대용량 늘려봐자 똥겜 스타일가면 바로 망함 빠른 섭종한 게임들 시노니스.걸카페건 이게임보다 일러스트좋코 성능 준수했지만 문제는 이게임처럼 메인 스토리 막히니깐 신규캐릭터 끝없이 만들어대서 망한 게임들 에버소울도 따라가는듯한 흐름,0,부정
이수연,4,2024-05-15 10:34:49,"ㅅk9g.t t936n y I.mmo6i츠ㅡ.ㄷ, ㅣㅅ ㅣㅅ,ᆢ.ㅇ,ㄴ",0,긍정
뭐어,5,2024-05-11 19:55:24,사쿠요 유입 뉴비 캐릭터들도 이쁘고 게임 잘맞음,0,긍정
레몬백작,5,2024-05-09 10:37:08,레알 갓겜 수집형RPG 중 한줄기 빛,1,긍정
대한민국1등신부감,5,2024-05-08 09:08:40,오랫동안 할거 같습니다 잼있음^^,0,긍정
MN KZ,5,2024-05-07 23:39:43,시도때도없이 업데이트 용량다잡아먹겠노,0,긍정
로나ㅋ,5,2024-05-07 02:06:09,요즘 애정을 가지고 하는 게임임 인연 스토리도 재미있고 다음 이야기가 궁금해져서 인연 레벨을 빨리 올리고 싶어짐 캐릭터 승급이 힘든 편이긴 함,0,긍정
쭈비니(J K B),5,2024-05-05 11:44:29,굳재미있어요,0,긍정
김태오,3,2024-05-03 05:22:44,"11월즈음 시작하여 즐기고 있던 유저입니다. 최근 엔진변경 업데이트? 이후 전반적으로 사소한 렉과 멈춤현상이 많이 늘어났습니다. 인연스토리 진행 후 트루엔딩 이후에는 꼭 멈춤 현상이 1회이상 나오고, 레이드의 경우 연습전투에서는 없던 멈춤현상이 실제 레이드 클리어 화면에서 발생하며 진행되지않고 클리어기록도 남지않아 재도전해야하는 경우도 빈번합니다. 이중던전이 생기고 난 후 던전 입장 시 멈춤현상으로 재부팅을 반복해야하는 불편함도 있습니다. 영지에서 아르바이트를 보낼 때 sns메신저나 알림이 오는 경우에도 멈춤현상이 발생하녀 재부팅을 해야합니다. 운영도 좋고, 혜자겜이라 느껴 잘 플레이하고 있었으나 최근 자잘한 렉으로 불쾌함이 쌓여갑니다. 신규 컨텐츠도 좋으나 기존의 컨텐츠에서 생기는 문제현상의 대처도 중요하다 생각합니다. 빠른 개선 부탁드립니다.",32,중립
별빛의나유타,3,2024-05-02 18:51:28,최적화 점점 구려지는듯;; 게임 로딩이 점점 느려짐,0,중립
김수동,1,2024-05-02 12:26:22,1년동안했는데 삭제함 ㅂㅂ2 매번 몇기가씩 업뎃에 이벤트는 매번 비슷하고 질려서 떠남,2,부정
령유,4,2024-05-02 05:30:53,확정도 딱히 높지 않음. 자원도 많이 퍼주긴 함. 스토리도 재밌음. 캐디자인도 이쁘고 좋음 추천!!!!!,2,긍정
김민호,5,2024-04-30 05:47:22,good,0,긍정
정찬홍,5,2024-04-25 16:22:06,게임이 예쁘고 메피가 재밌어요.,0,긍정
이재우,5,2024-04-25 07:54:31,재미있네요,0,긍정
Ekhfk T,5,2024-04-24 14:19:13,찍먹중(?),0,긍정
김동민,5,2024-04-23 23:56:56,생각보다 재밌노,1,긍정
John Cho,5,2024-04-21 02:33:36,이거 왜 재밌지..?,1,긍정
스스,1,2024-04-19 19:57:02,정령 성별 왜 다 여잔데,0,부정
최승호,3,2024-04-19 02:22:18,"갤럭시 S24+, 갤럭시탭 S9으로 플레이 중입니다.. S24+에서는 프리징이 한번씩 무조건 발생하고, 발열이 다른 3D게임에 비해 너무 심합니다. 그렇다고 매끄럽게 되는 것도 아니고, 컷신 버벅임은 옵션 조절하더라도 발생하구요. 갤럭시탭에서는 이런 현상이 없는 거로 보아서 최적화 작업이 미진하다고 생각되는데, 개선에 대한 계획이 있는지 궁금하네요. 컨텐츠나 스토리 같은 부분에서는 딱히 모자라다고 생각 들진 않는데, 불쾌할 정도로 최적화가 안되어있습니다.",24,중립
샌즈,3,2024-04-19 00:21:10,게임은 재밌긴하지만 여러번 업데이트하고나면 잉여 용량이 감당할 수 없을정도로 너무커서 게임 자체를 할 수 없습니다. 18~19GB정도까지 쌓여서 다시 삭제하고 설치해야하는 번거로움이 있음.,0,중립
잘하자,5,2024-04-18 13:30:58,잼나요,0,긍정
六十&二十,3,2024-04-18 11:25:33,업데이터 하는 용량이 너무커서 업데이터를 못하것는데 .... 20기가인데 ㅡㅡ 뭐 하지 마라는건가,0,중립
MARILOU PALOMAR,3,2024-04-18 09:39:17,그게 에비소울 하는데 혼자 있을때 누가 옆에 있어주는 것 처럼 보인다,0,중립
로또님,1,2024-04-18 04:03:59,언제까지 점검이여..안그래도 접을까 생각중인데 불을 지피는구만,1,부정
서지현,5,2024-04-18 03:02:36,"처음 출시됐을 때부터 쭉 플레이 중인데 질리지가 않네요. 전투시스템 재밌고, 정령들이 예쁘고 수집하는 재미가 있습니다. 소과금으로도 게임에 지장없고요. 월정액 특히 애용하고 있어요. 다만 최근 넘 용량이 커져서인지, 정령과의 대화를 하면 세번 중 한번은 렉이 나네요ㅠㅠ 요샌 정령과의 대화 누르기가 무서워요....",38,긍정
박철서,5,2024-04-16 02:11:53,재밌네요,0,긍정
추진호,5,2024-04-15 14:58:53,개인적으로 마나 크리스탈이 좀 부족하지만 게임은 괜찮아요,1,긍정
지갑앱,5,2024-04-15 11:33:32,이 게임은 에타 크로니클이 나올때까지 방치로 하는 것이 꿀잼이다. 에타 크로니클은 언제 나올까나?,0,긍정
이용준,5,2024-04-13 03:08:09,1년만에 복귀했는데 정말 많은게 바뀌어있고 좋네요,0,긍정
김승현,3,2024-04-12 23:33:08,게임은 예전보다 괜찮은데 렉이나 업데이트가 개선되면 좋겠음,0,중립
조각의토마스,5,2024-04-12 15:59:30,최고의 선택 최고의게임 재화 퍼주는양 미쳣다.. 이벤트 너무 맛있다,0,긍정
오인성,3,2024-04-12 13:17:08,초창기때 깔아서 재밌게 플레이해오고 있었음 근데 최근에 업데이트를 한다음 며칠은 잘 되다가 다시 업데이트를 하라고 뜸 다시업데이트 하라는데 시간이 너무 오래걸려서 힘듬 원래의 게임의 업데이트인지 아니면 계속 했던걸 반복하는 업데이트인지 궁굼합니다.,0,중립
황종인,1,2024-04-11 04:27:55,렉 ㅡㅡ,0,부정
임옥자,5,2024-04-11 02:36:09,굿,0,긍정
Roy Jak5on,5,2024-04-11 02:01:50,엔진 업그레이드 이후 안정화가 힘든건 이해함. 이대로만 가자 잘하고 있음,0,긍정
eo “mikel” eo,5,2024-04-10 16:53:19,갓겜,0,긍정
Jae Kyeong Kim,5,2024-04-10 00:59:25,간편한 설정으로 꾸준히 하기 좋은 게임이다,1,긍정
박시현,1,2024-04-08 07:12:29,"모바일게임 중에 가장 최악의 게임 1. 호환성 렉, 팅김을 달고 있음 거의 고질병 사양이 높은 고사양의 게임이 아닌데도 불구하고 수시로 렉과 팅김을 달고있음 2. AI 능지수준 진짜 그냥 능지가 없다고 봐야됨 전투력이나 상성이 훨씬 웃도는데도 스킵누르는 순간 쳐발림 혹시나 해서 직접 해보면 그냥 바름 에초에 말도 안되는 수준임(2,3회 동일하게 진행했으나 똑같이 쳐바름;;) 그리고 전투력이 오락가락임 올려놨는데 재접하면 떨어져 있고 그냥 답이 없음 3. 뽑기확률 이건 그냥 안줌 다른류의 게임을 많이 해봤지만 그 중에 최고임 돈독 야무지게 오른 듯 현질을 안하고 하는 것도 아니고 게임을 즐기려면 해야한다는 마인드라 여러번 결제하고 진행을 해봤으나 확률이 말이 안됨 크게 뽑은게 이정도면 도저히 게임으로 볼수가 없다는 거임 혹시나 나는 아니겠지 괜찮겠지 하는 마인드로 해보려는 분들 있으면 말리진 않음 다만 시간낭비인게 분명하니 다른게임을 추천하겠음 1년 넘게 해보고 작성함",5,부정
최종덕,5,2024-04-08 06:28:46,좋아요,0,긍정
이강해,4,2024-04-07 07:34:55,좋아요,0,긍정
방준영,5,2024-04-07 04:51:57,나쁘지않다,0,긍정
wurth,5,2024-04-07 00:50:56,업데이트 이후 에버소울만 계속 다운되네요 다른 게임들은 전혀 이런 현상이 없습니다,0,긍정
김충식,5,2024-04-06 20:06:30,재미있어요,0,긍정
유명진,5,2024-04-06 06:18:46,쟤미있어요,0,긍정
루카린,5,2024-04-05 16:41:27,afk 장르 게임중에서는 그래픽이 매우 훌륭하고 재미있습니다. 다만 엔진 변경으로 여러 방면에서 오류가 발생하고 있기에 빠른 수정을 부탁드립니다.,1,긍정
Leghorn,5,2024-04-05 14:40:37,옛날엔 과금요소랑 억까 너무심해서 접었는데 정신차리고 정상운행 한다고 듣고 와보니 진짜 꽤나 유저친화적으로 바뀌긴했음,0,긍정
고구마,2,2024-04-05 10:23:06,업뎃 후부터 접속부터 제대로 안되고 게임중에도 너무 버벅이는게 슬슬 접어야되나 고민되게 하는듯.. 첨엔 데이터나 와이파이 문젠가 했는데 딴겜들은 잘 돌아가는데 얘만 이러니까 이부분이 안고쳐지면 그냥 접는게 나은듯,0,부정
레이호기심마왕,4,2024-04-05 10:09:09,처음 해보는 건데 과금 걱정도 덜한 편이라 그런지 재미있네요. 가끔 렉이 좀 심하게 난다는 게 옥의 티라면 티지만요.,1,긍정
Alone,5,2024-04-05 09:17:05,굿굿,0,긍정
Jessica Kim (duckass),5,2024-04-04 11:59:52,지금까지도 하는데 여전히 재미있어요 컨텐츠도 많고 퀄리티 장난 아니고 서사도 재미있고 짱입니다,0,긍정
wlsrla ak,2,2024-04-03 14:26:50,갤럭시 24 사용유저입니다 게임을 하다보면 갑자기 계임이 끊기거나 멈추는 등 버그가 빈번히 발생하고 있습니다 이때문에 진행이 안되네요,2,부정
박경미,3,2024-04-02 12:24:17,출시이후 쭉 가고 있는 유일한 게임인데 업데이트 이후에 처음처럼 매끄럽게 안되고 렉걸리듯 뚝뚝끊겨요...ㅠㅜ,0,중립
Armsci,4,2024-03-30 15:38:00,"모난 곳 없이 즐길만한 씹덕향 AFK입니다. 캐릭터 조합을 바꿔가며 스테이지를 공략하는 기본 틀 자체는 충실하고, 오픈 초창기에 있던 가짜씹덕 이슈도 많이 개선되서 관심있다면 한번 해봐도 괜찮은 게임입니다.",3,긍정
isel,5,2024-03-30 11:44:25,고인물분들이 친절해요,1,긍정
뱅뱅뱅,5,2024-03-30 00:23:20,항상 즐기고 있어요,0,긍정
이기정,5,2024-03-29 10:46:22,1년 넘게 하는 중.. 딱히 엄청난 업뎃은 없지만.. 방치도 하고.. 뽑기도 현질 없이 할만하고.. 1년 넘게 하는데 현질 거의 없이 잘 하고 있음. 요즘 같은 시기에 현질없이 이만한 겜이 없음,0,긍정
이정섭,1,2024-03-29 10:05:19,어제 패치하고나서 로딩화면등등의 일러스트들이 빨리감기모드라 제대로 볼수가 없어요 조치좀 해주세요,0,부정
김태진,5,2024-03-29 06:46:21,Could you be doing,0,긍정
신현수,1,2024-03-28 06:47:57,업뎃하고 들어가니 바로꺼짐 s23,0,부정
ty h,3,2024-03-28 06:15:29,"오늘 업데이트 이후로 엄청 버벅이고 느려짐. 그 전에도 그렇게 안정화가 잘 되지 않았는데, 업데이트 후에는 거의 못 할 정도로 갑자기 심해짐. 만약 지금 시작하는 거를 고민한다면 솔직히 좀 기다렸다가 해야 될 듯 싶음. 그리고, 원래는 2점으로 하려다가 지금까지 하던게 있어서 하나 올린거고, (솔직히 지금 상태로는 1.5점이 적당하다고 생각함.)",9,중립
박성진,1,2024-03-27 14:48:23,재미가없네요,0,부정
박인호,4,2024-03-23 14:33:49,"솔직히 일러스트랑 인연 스토리 빼면 양산형 게임이긴 한데 캐릭터 조형이 마음에 들고 스토리도 나쁘지 않고 전투가 afk 방식이라 지루할 수도 있는데 전투 스킵 기능으로 이 문제를 해결한 것도 좋음 컨텐츠도 인연,이중게이트,전선,아레나,길드 레이드,악령,등등 많음 뽑기 기회도 타 게임에 비해 잘 줌 대신 뽑기 기회를 잘 주는 만큼 성장이 오래 걸리게 해서 지속적인 접속 및 일퀘 사이클이 필요함 구형 모델이면 렉이 좀 있을 수 있는데 뽑기 도중 렉 걸리면 껐다키는 것도 못 해서 막막함 렉이랑 캐릭터 성장 빼면 잘 만듬",63,긍정
유미나,4,2024-03-17 16:16:53,복잡하기도 레벨업이 느린듯하기도.. 아직 모르겠는데 또 시간잘감 ㅎ할게 많은듯,0,긍정
hD P,5,2024-03-17 14:41:56,갓겜,0,긍정
원펀치쓰리강냉이,2,2024-03-17 05:38:30,질린다질린다질린다질린다질린다질린다질린다질린다질린다질린다질린다질린다질린다질린다질린다질린다질린다질린다질린다질린다질린다질린다질린다질린다질린다질린다질린다질린다질린다질린다질린다질린다질린다질린다질린다질린다질린다질린다질린다질린다질린다질린다질린다질린다질린다질린다질린다질린다질린다질린다질린다질린다질린다질린다질린다질린다질린다질린다질린다질린다질린다질린다질린다질린다질린다질린다질린다질린다질린다질린다질린다질린다질린다질린다질린다질린다질린다질린다질린다질린다질린다질린다질린다질린다질린다질린다질린다질린다질린다질린다질린다질린다질린다질린다질린다질린다질린다질린다질린다질린다질린다질린다질린다질린다질린다질린다질린다질린다질린다질린다질린다질린다질린다질린다질린다질린다질린다질린다질린다질린다질린다질린다질린다질린다질린다질린다질린다질린다질린다질린다질린다질린다질린다질린다질린다질린다질린다질린다질린다질린다질린다질린다질린다질린다질린다질린다질린다질린다질린다질린다질린다질린다질린다질린다질린다질린다질린다질린다질린다질린다질린다질린다질린다질린다질린다질린다,1,부정
흰올빼미,5,2024-03-16 16:24:50,재밌습니다,0,긍정
랄간지,5,2024-03-16 13:48:47,재밋어,0,긍정
박희영,5,2024-03-14 11:32:43,캐릭터를 승급시키기는 어렵지만 모으는 재미가 있다.,1,긍정
최준혁,5,2024-03-14 10:51:09,재밌음,0,긍정
서상범,5,2024-03-14 03:20:30,1년넘게하고있는데 좋아요,0,긍정
나경필 (방랑자),5,2024-03-12 19:48:53,1주년 놓친 건 정말 아쉽지만 이제라도 시작해서 다행이다.,2,긍정
구독,5,2024-03-11 07:50:49,스토리 보는 맛이 있음,0,긍정
한남천막 (파주천막),4,2024-03-11 01:54:11,스토리.일러스트.음악 다 너무 좋아요 오랜만에 소소하게 현질하며 경험치.레벨업 스트레스없는 게임 만난 듯. 다만 조금은 더 혼자 레벨업하거나 재료파밍이 수월했으면 해요 하고싶어도 벽에 부딪힘,0,긍정
박재용,5,2024-03-10 11:58:32,잼나네,0,긍정
잠자는세열,5,2024-03-07 17:32:53,게임이 맛있어요+++ 새로운 캐릭터들의 등장,0,긍정
Remembrancer4131,5,2024-03-07 15:06:45,소신발언) 재밌음,1,긍정
구로미 (u_u),5,2024-03-07 14:56:09,갓겜,0,긍정
Ray ASTRA,3,2024-03-07 12:35:01,오늘 아침 혹은 오후에 잘 되었는데 갑자기 저녁? 밤? 8시~9시 에 에버소울 키다가 갑자기 게임이 튕겨져 나갑니다. 빨리 들어가서 플레이 할 수 있게 해주세요. 즐겁게 게임을 하는데 갑자기 안되니 황당해서 다른 게임을 켰는데... 에버소울 만 안됩니다. 빨리 고쳐주세요.,1,중립
NyaHa,5,2024-03-04 17:25:48,"출시 유저로서 초기에비해 편의성이 많이 좋아졌습니다, 무과금 유저나 천천히 하시는 유저분들도 충분히 하시기 편합니다!",1,긍정
심재원,5,2024-03-04 13:36:09,보석도 많이챙겨주고 무료뽑기기회도주고 그 60개모으면 레어정령을 뽑을수있는것도 줍니다 그리고 인연스토리 캐릭터없어도제공 등등 캐릭터가 없어도 인연스토리를통해 이쁜 일러스트를확인 할수있읍니다 하트도모을 수있고 그런 제화지원을잘해주는게임입니다,0,긍정
붕괴신비,1,2024-03-03 07:20:25,플립5 쓰는데 업데이트 이후 접속이 안됨,2,부정
esprade min,5,2024-03-02 13:05:00,언제부턴가 영지에서 대화 시 종종 프리즈되는데 패치 좀...,1,긍정
김태연,5,2024-03-02 09:41:04,너무재미있어요,0,긍정
Jusung Kim,1,2024-03-01 00:55:26,폴드 5 사용중인데 탭화면으로 내렸다가 다시 열면 게임 멈춤으로 인한 재접속 해야합니다. 영지에서 나들이 가려고 눌러도 검은화면에서 멈춰서 재접속 해야합니다.,1,부정
김경서,5,2024-02-29 21:44:24,이번 업뎃이후로 무한로딩이 자꾸 걸리네요..,0,긍정
핑구,1,2024-02-29 13:19:06,게임이 계속 튕겨요,1,부정
김효성,5,2024-02-29 07:34:15,무과금이 할만한 게임,1,긍정
주황,5,2024-02-29 03:49:13,풀더빙에 더해 무과금도 할수있는 예쁜게임입니다. 강력추천!☆☆☆☆☆,0,긍정
클로스,5,2024-02-29 00:53:10,방치형 게임으로선 훌륭함,1,긍정
SB H,5,2024-02-26 09:42:12,오토하와 종신계약,1,긍정
서구마,1,2024-02-26 03:33:10,업데이트 이후 계속 튕기고 들어가지지 않습니다.,1,부정
이재희,5,2024-02-26 02:18:12,너무 재미있어요!!,0,긍정
홍이은지,5,2024-02-25 22:30:22,픽업 가챠 빼곤 다 마음에 드는 게임,0,긍정
현성호,5,2024-02-25 03:30:15,GOOD👍,0,긍정
Pa sond,4,2024-02-25 02:03:39,게임 렉이 심해 자꾸팅김,0,긍정
민트,5,2024-02-24 19:22:49,"처음 시작했을땐 아무것도 모르고 하다가 전선이 막혀서 고생했습니다. 하지만 딱히 현질은 필요없고 꾸준히 들어와 출석과 퀘스트, 차원의 미궁(소탕), 기억의 회랑(소탕)등 에버스톤을 모을수 있는곳에서 최대한 모아 에버소울 공식 카페에 있는 에버소울 캘린더를 보고 정령 픽업에 좋은게 뜬다면 뽑으시길 바랍니다. 만약 에버스톤 모으고 할게없다면 인연 스토리를 하면서 정령과 구원자의 달달한(?) 이야기를 보셔도 되고 길드에 가입하거나 만들어서 길드원들과 이야기도 하고 길드레이드도 하실수 있습니다. 또한 영지에서 이벤트로 얻은 조각상, 건물, 가로등, 의자와 같은 오브젝트들을 설치하여 꾸밀수있고 아르바이트도 가능하며 영지 레벨을 올리수도 있습니다. 영지 레벨이 오르면 아르바이트를 끝낸 정령이 쉴수있는 휴식 슬롯을 늘릴수도 있고 영지 상점에 추가 상품이 입고됩니다. 오브젝트에는 골드, 마나 크리스탈 등의 자원 획득량을 상승시킬수도 있고 정령을 건물에 배치해 공격력, 방어력 증가가 가능합니다(☆)",27,긍정
이슬,1,2024-02-22 18:09:00,아예안들어가져요 열심히 뽑기하고 게임하던 사람인데 어느순간 접속하면 들어가지지도 않고 꺼집니다 핸드폰을 껏다키고 해당 어플을 지웟다 깔아도 똑같아요.. 현질 많이 햇는데ㅠㅠ,1,부정
gm GT,5,2024-02-22 08:23:33,CEX,1,긍정
호두,5,2024-02-22 07:25:41,천사나 악마좀 주시요ㅠ,0,긍정
서경보,5,2024-02-22 03:15:25,완전 새로운 컨텐츠를 내줘야하는데 매일 똑같은 형태로 우려먹기 업데이트...지침,2,긍정
김성식,5,2024-02-20 14:53:43,재밋네요,0,긍정
신주하,2,2024-02-20 02:23:45,게임이 아예 접속이 안되는데요.... 며칠전에는 잘들어가졌는데 오늘 다시 들어갔는데 안들어가져요 이거 어떻게 해야하나요?? 계속이러면 걍 지울게요,0,부정
guda ringa (BabySoul),1,2024-02-18 22:22:35,왐마 복귀했는디 예전엔 겪지않았던 간헐적팅김이 나를 미치게하는구나 다시지운다 ㅅㄱ!,4,부정
은월랑,1,2024-02-18 07:34:00,1년이 지났어도 형편없네 그랜드체이스 모바일이 더 재미있네,3,부정
Kim Sun Hyun,3,2024-02-18 03:36:11,이 게임은 성인용. 뽑기 노가다해야함. 다른건 괜춘.,2,중립
1,1,2024-02-17 18:29:21,국산 게임이라고 무조건 좋게 봐줄 건 아니라는 걸 깨달았습니다.,6,부정
클로에검,5,2024-02-17 09:30:12,일단재밌습니다 단점이라곤 찾아볼수가없고 스킬씬 등 퀄리티가 상당하며 캐릭터 인연스토리가 짧은 미연시 느낌이나재밌습니다 오래오래 가시길,0,긍정
T L,5,2024-02-17 04:32:36,따봉철희,1,긍정
태미르,5,2024-02-16 22:26:49,굿,0,긍정
WonChan,3,2024-02-16 19:18:31,"솔직히 재밌게 했지만, 요번 설날 이벤트때 홍란 의상 주는것을 3000-점수로 주는건 실망했다. 만약에 딜이 안나와서 점수 안나와 못 받는것이라면 이벤트라고 보기에 약 올리는것이다. 일반유저들은 많이 실망했다.",1,중립
초구초구,5,2024-02-15 17:11:27,난잼있다,0,긍정
신서곤,4,2024-02-14 14:38:15,성장 과정이 느림,1,긍정
Coastral E,5,2024-02-13 19:17:59,캐릭들이 너무 귀엽다,1,긍정
SUNNY,1,2024-02-11 14:16:21,게임이 업데이트할수록 구려져요 최적화는 무슨 그냥 게임하다 튕기고 아예 접속 안되고 검은색화면으로 먹통되고,4,부정
이병화,5,2024-02-10 19:38:32,할만한 게임,0,긍정
SHS KOR,5,2024-02-08 14:48:20,"재미 3점, 캐릭터 디자인 4점, 캐릭터별 밸런스 3점, 디렉터의 외모 5점",0,긍정
김수정,4,2024-02-07 02:20:13,간혹 영지에서 멈춰서 강제종료 해야함 그외에 이벤트나 스토리 재밌음,1,긍정
Life Re,5,2024-02-06 05:40:31,무과금으로도 할수있는 갓게임 심지어 에픽캐릭도 랜덤이지만 퍼줌 운만좋으면 신캐도 바로 쓸수있을정도로 모임,1,긍정
진 청 색,5,2024-02-06 04:41:16,바쁜날에는 10분만 투자해도 당일 받는 재화를 모두 수거할 수 있는 갓겜 파고들고자 하면 몇시간을 해도 질리지 않는 갓겜,0,긍정
신현호,5,2024-02-06 03:29:49,Very Good~^^,0,긍정
Yuren,5,2024-02-06 01:56:55,갓 겜,0,긍정
정동천,5,2024-02-06 00:48:59,재밌네~,0,긍정
EunSoo Park,4,2024-02-05 12:01:28,너무 재밋게하고있어요!,0,긍정
까까,1,2024-02-05 09:17:34,"사전예약해서 지금껏 꾸준히 플레이 해왔던 유저입니다. 일러스트나 모델링도 마음에 들고 캐릭터 개별 스토리가 있는 점도 좋아서 애정을 갖고 계속 해왔는데 기존 캐릭터 모델링이 계속 수정되는 것도 그렇고 린지 일러스트 변경, 프림 피부색 변경까지는 약간의 괴리감이 있었지만 참았습니다. 그런데 오늘 덱 정비하다가 비올레트와 에루샤마저 피부색이 바뀐 걸 보니 도저히 안되겠다 싶어서 삭제했습니다..ㅠㅠ 공지에는 관련 내용이 없어서 몰랐는데 검색해보니 라이브에서 말씀하셨다고 하시네요. 불사형이라는 컨셉으로 나온 캐릭터들인만큼 기존 컨셉을 유지해주셨으면 좋았을텐데요.. 변경 전 캐릭터의 모습이 좋아서 불사덱을 사용하는 유저도 있었다는 점을 아셨으면 좋겠습니다. 캐릭터 콜렉팅 게임인데 제작사에서 내놓은 컨셉을 고수하지 못한다는 점에서 더는 애정을 갖기 힘드네요. 대단히 실망스럽습니다.",33,부정
손동현,5,2024-02-04 09:47:21,아이폰으로 플레이중인데 영지만 들어가면 너무너무너무너무너무너무 튕겨요 인영스토리는 기본이고 요새는 선물하기조차 튕겨서 진행 안됩니다 게임발매 때부터 계속 하고있는데 튕기는거 때문에 애정이 식고 있어요ㅠㅠ 빠른 개선 부탁드려요,0,긍정
junsuo par,5,2024-02-03 12:51:42,굿,0,긍정
정성빈,5,2024-02-02 19:35:10,1주년 유입 유저인데 게임자체는 괜찮습니다. 노래도 그렇고 풀더빙도 들어가고 좋은데 유저가 별로 없어서 좀 아쉽네요.,1,긍정
장다르크,5,2024-02-01 07:50:19,재미있어요^^,0,긍정
김주영,5,2024-02-01 02:53:42,혜자of혜자 게임할맛이난다,0,긍정
파츄리,5,2024-01-31 10:44:13,1주년 뉴비로 시작해서 만족합니다,1,긍정
유현태,5,2024-01-31 01:42:05,재미있음,0,긍정
희망희망,5,2024-01-30 20:18:21,이때까지 해본게임중 가장 만족스럽다. 무과금으로 소소히 플레이 하기에 딱좋다 재미있다 캐릭터 예쁘고,0,긍정
김광연,5,2024-01-30 17:17:26,"이거는뭐, 진짜로 중요한게임이니까, 잊지마십시오!",0,긍정
김태훈,5,2024-01-30 17:01:47,재미 있는것 같습니다,0,긍정
roop Chu,5,2024-01-28 13:55:45,게임 잘하고있습니다 사전예약보상코스튬 사하 랑 미카 가지고싶은데 얻을수있는방법없을까요? 린지 한정도..,1,긍정
gunhee lee,2,2024-01-26 05:39:02,아니 제 폰이 최신폰인데 이게 게임 최적화가 안되는건지 자꾸 중간에 먹통되고 껏다켜야해요 이게 계속 반복되네요 얼마전부터 해결좀요,2,부정
쏭쏭이,5,2024-01-25 16:22:28,PC로 하니까 화질이 더 좋네유,0,긍정
4월15일,5,2024-01-25 15:27:49,음악도 좋고 잘만들어진 게임,0,긍정
꽃돌이 (꽃돌이),1,2024-01-25 15:18:45,한국 성우 개 오글거리는군,0,부정
남진,5,2024-01-25 08:09:35,라이트하게 즐기기 좋네요,0,긍정
포달,5,2024-01-25 06:21:09,잘만든 방치형갬,0,긍정
서정환,5,2024-01-24 16:52:16,졸잼,0,긍정
두두,2,2024-01-24 00:08:44,일본겜? 대화창 많이 뜨고 불필요한 클릭이 넘많다. 그것들만 아니면 괜찮은거 같은데,1,부정
여신미래,1,2024-01-23 11:29:12,로딩오류가 최근 많이일어나네요 게임종료해야됨 하고있던 작업이 진행이 안됨,4,부정
아카자의동료가된 오니,1,2024-01-23 02:43:11,가챠 확률 너무 하는거 아닌가요?,5,부정
GEUNO KIM,5,2024-01-22 18:47:19,아직은 재밌어,0,긍정
최성운,5,2024-01-22 12:28:06,할만함,0,긍정
Ssuugg,5,2024-01-22 10:01:00,재밌네요,0,긍정
산토끼,5,2024-01-21 07:13:49,모바일겜 잘안하는대 이렇게 일주일내내 빠져서 한겜은 첨인듯 전투재밋고 캐릭터 색깔들 뚜렷하고 스토리 재밌음 앞으로 계속 열심히할듯,0,긍정
보노보노,5,2024-01-21 03:25:44,오우야,0,긍정
이장건수,5,2024-01-20 10:13:20,혹시 100LV. 이벤트 만들어 줄 수 없나요??,0,긍정
Shigu sa,5,2024-01-20 00:19:03,혜자 게임,0,긍정
분망디트,5,2024-01-19 22:59:23,스킨 무료로 퍼주는 갓겜 스킨 퀄리티도 어마어마함,0,긍정
없대요,5,2024-01-19 22:55:07,괜찮은거 같습니다,0,긍정
yenna kang,5,2024-01-19 07:22:44,"인생이 모험으로 변한 게임입니다 성우님들의 보이스 쩔고,몰입감이 좋은 게임입니다",0,긍정
변희철,5,2024-01-18 15:05:52,재미다,0,긍정
쏭쏭이,5,2024-01-18 13:48:33,PC로 하니까 더 잼있네요,0,긍정
강산이,5,2024-01-18 13:35:59,깔끔하고 캐릭터도 귀엽고 재밌네요 ㅎㅎ,0,긍정
546 Hf,5,2024-01-18 12:55:35,"메인게임이 아닌 2군을 노린 컨셉에 확실한 게임. 가볍게 즐길 수도, 파고들어갈수도 있어 서브겜으로는 탑티어",0,긍정
이강윤,4,2024-01-18 04:21:01,할만함,0,긍정
한상용,5,2024-01-18 02:39:08,착하고 이쁜 게임,0,긍정
김걍,5,2024-01-18 02:27:23,디덱터의 소통주머니가 맘에 듭니다,0,긍정
박성현,3,2024-01-18 01:59:25,있다,0,중립
박소망,5,2024-01-17 08:57:33,굿,0,긍정
SJ H,5,2024-01-17 08:29:10,"방치형 + 수집형 가챠를 버무린 BM, 나름의 유저친화적인 컨텐츠 방향성이 좋은 느낌을 주는 것 같다. 1주년 이벤트 기념으로 많은 유저가 이번에 유입된 걸로 알고 있는데, 일섭도 그렇고 앞으로 더더욱 흥하면 좋겠다.",1,긍정
박정배,5,2024-01-17 05:37:13,굿,0,긍정
추인성,3,2024-01-17 02:56:14,재미있었다,0,중립
HB,5,2024-01-16 19:01:07,우주갓겜 에버소울,0,긍정
Ak H,5,2024-01-16 17:15:33,유일하게 사존 예약도 다하고 나오는 광고도 대 보았지만 휴대폰 기종이 안되서 못하고 있는 게임.,3,긍정
안광진,5,2024-01-16 12:51:01,구웃구웃,0,긍정
La-ne,5,2024-01-16 07:47:22,딱좋노,0,긍정
-,1,2024-01-16 05:45:54,뻔하디 뻔한 양산형 게임,4,부정
프로로프,5,2024-01-15 20:24:17,초반에 리세마라 성공해서 이륙해봅니다.,0,긍정
검정이딱따구리,5,2024-01-15 14:33:57,그래픽이 좋다,0,긍정
Seunghyun Hwang,5,2024-01-15 13:44:06,"캐릭들 코스튬이 공짜에 꾸준한 이벤트, 컨텐츠별로 전략을 잘짜게 만들어서 만족 방치형게임이라 직장인들도 하기 좋은거 같습니다 타겜에 비해 해자라고 생각해서 1년이상 계속했어요 추천",1,긍정
박찬명,4,2024-01-15 13:08:47,재밌네요,0,긍정
이현,1,2024-01-15 10:30:06,기존에 사용하던 카카오 연동 계정 사라지고 새 계정으로 시작됨 뭐하자는건지 모르겠네,4,부정
zzing not,5,2024-01-15 09:19:37,굿,0,긍정
권태훈,5,2024-01-15 07:11:50,내가 게임하면서 제일해자 게임 캐릭터도 잘나와서 좋아요^^,1,긍정
칠순사이다,5,2024-01-15 00:57:25,많이하는데는 이유가 있는 게임입니다,0,긍정
지나가던행인,3,2024-01-15 00:49:09,접속이 왜 안되는지 모르겠음,0,중립
한재윤,5,2024-01-14 18:32:11,"카카오 게임즈라는 선입견때문에 조금 애매할줄 알았으나 스토리도 훌륭하고 캐릭터도 각각 개성이 있었음 또한 지금 1주년 이벤트로 보상을 많이 퍼줘서 시작하거나 복귀하기 딱 좋은 타이밍이며 오버벨런스 수준의 천사, 악마 종족중 현재 이브라는 악마 종족을 픽업중에 있음 ""과금할만함? 어느정도 하면 됨?"" 그건 각자 선택에 달렸지만 우선 난 월간 에버스톤 정도는 결제해도 괜찮다고 봄 또 자신이 미친 과금러다 (Ex: 한번에 100이상 지름) 그러면 그냥 꼴리는거 다 해보셈 ""짜피 한정스킨도 타겜처럼 돈 받고 파는거 아님?"" ㄴㄴ 아님. 오히려 빨리 시작할수록 좋은 게임 이라고 말 하고싶음, 주로 스킨은 이벤트에 참여해서 얻거나 친밀도 흔히 호감도작을 통해서 인연스토리 트루엔딩을 달성하면 그냥 스킨을 줌 ㅇㅇ, ""카카오 게임즈라서 운영 개판일거같음.."" ㄴㄴ 진짜 내가 말하기 좀 그런데 의외로 운영 잘함 ""이게 정말 카키오가 맞나?"" 싶을정도로 운영을 잘함.",0,긍정
RaYool Kang,5,2024-01-14 08:27:52,딱 취저인게임,0,긍정
김정섭,5,2024-01-14 03:34:15,사랑스럽다,0,긍정
Bubae Jang,1,2024-01-14 03:31:54,1년전 이 게임이 오픈하고나서 바로 시작했는데 재미가 별로 없어서 접었다가 1주년이라길래 다시 돌아와봤다. 그런데 1년전과 비교해서 별로 바뀐게 없다.,0,부정
우산(우산),5,2024-01-13 18:48:07,굳,0,긍정
빛피,5,2024-01-13 09:05:49,케릭이 이뻐서 하는중입니다. 일단 한달이상은할듯,0,긍정
조승호,5,2024-01-13 01:13:48,굿,0,긍정
토마스,5,2024-01-13 00:44:15,굿,0,긍정
Aquamarin,5,2024-01-13 00:12:10,캐릭터들이 귀엽고 예뻐서 빨리 다모으고 싶네요^^,1,긍정
유채린,5,2024-01-12 18:26:29,재미있내요,0,긍정
윤재,5,2024-01-12 18:10:31,화이팅,0,긍정
권동욱,5,2024-01-12 15:09:40,잼잇음 전투 보는맛도나구요 24년1월에 복귀했어요 재밌읍니다 ㅎ,0,긍정
MelonMelona,3,2024-01-12 15:00:25,게임 아기자기하고 굉장히 맘에 듭니다. 그런데 결제 오류가 해결되지 않는점이 마이너스네요.,0,중립
주주,1,2024-01-12 13:45:13,하다가 막히니 할맛 뚝,3,부정
손지완,5,2024-01-12 12:12:19,첨엔 별 기대 안했다가 캐릭터 디자인도 예쁘고 컨텐츠나 스토리도 맘에 들어서 만족스럽게 플레이 중인 유저입니다 앞으로도 재미있는 업데이트 기대하겠습니다,0,긍정
황승화,1,2024-01-12 10:57:58,구글 계정으로도 할수있게 해주세요 ㅠㅠ 그때까진 설치하지 않겠습니다.,4,부정
문현웅,3,2024-01-12 10:37:07,아직 까지는 재밌게 하고 있음,0,중립
꾕쬉꾕꽁쫭쫭,3,2024-01-12 10:20:48,"접속이 안돼지?,,,블랙스크린만 뜨던데?",0,중립
김도현,5,2024-01-12 09:47:42,그저 신,0,긍정
이태양,5,2024-01-12 07:34:49,갓겜,0,긍정
hyomin park,5,2024-01-12 06:32:33,티우채누랑,0,긍정
김환기,3,2024-01-12 01:05:12,동일한 확률에 필요한 애들 빼고 잘나오는..,1,중립
이정희,5,2024-01-11 13:20:26,내 최애겜💗,0,긍정
서흥수,1,2024-01-11 09:28:16,구글로도 로그인되게 해주세요ㅡㅡ 서브폰이라..,4,부정
ZENICS,5,2024-01-11 07:20:11,이벤트도 잘 만들고 보는 즐거움이 있고 이벤트 재화모으는 거도 쉬워서 돌리는 재미가 있습니다 게임 자체 느낌도 포근한 느낌이라 좋네요,0,긍정
이문철,5,2024-01-11 04:14:01,소울스톤도 많이 주고 재미있네요,1,긍정
이인우,5,2024-01-11 03:55:49,꿀잼,0,긍정
이동국,5,2024-01-11 03:38:01,친절하게설명해주셔서해결됫습니다 겜함재밋게해볼게요,1,긍정
티리네,5,2024-01-11 03:01:39,PD가 게임에 애정을 가지고 있음,1,긍정
dogs Watch,1,2024-01-10 20:05:56,리세 좀 해보려다가 픽뚫 확률 미쳐서 그대로 유기 픽업의 뜻을 모르시나? ㅋㅋㅋ,3,부정
다름,3,2024-01-10 13:57:10,첨엔 몰랏지만 에버톡을 진행하다 알게됫다. 진행방식을 이해하지 못하겟다.,0,중립
Layman,5,2024-01-09 04:48:11,"자체 스토리나 배경 말고도 영지꾸미기 미연시 서브컨텐츠가 다양하고 상당히 재밌습니다. 다만 여타 게임들도 그렇듯이 공략 정도는 보는게 속 편해요. 다음 카페가 제일 활성화되어있으니 뉴비 분들은 거기로 가시면 될 것 같고, 추가적으로 인겜에서 카페 커뮤로 바로 이동하게 해주면 좋을거같습니다. 게임을 지금 발견한게 아쉬울 정도로 재밌어요. 무과금도 시간만 적당히 쓰면서 틈틈히 해주면 됩니다. 제일 장점은 돈을 써야만 뚫을 수 있는 구간이 생기는 경우가 없고 , 시간만 두고 쌓이는 재화로 렙업하고 수급되는 뽑기로 레어영웅 바쳐서 등급 올리면 다시 밀 수 있습니다 과금안하면 턱 막혀서 짜증나는 순간이 많은 게임들이 많은데 이 게임은 적어도 그런건 없었어요",3,긍정
정지형,5,2024-01-07 14:04:17,굿,0,긍정
Name No,5,2024-01-07 13:01:46,일러가 맛있소,0,긍정
게임계정,5,2024-01-07 12:06:08,재밌어요,0,긍정
ereujen,5,2024-01-07 10:06:23,"생각보다재밌게 진행하고있습니다. 캐릭터들이 퀄리티가 높고,스토리도 볼만하고 이벤트도 즐기면서하고잇습니다.앞으로도 다양한캐릭터들이 나왔으면하네요 >_<",1,긍정
이한솔,5,2024-01-07 05:47:53,나쁘지않다,0,긍정
박래영,1,2024-01-06 12:55:51,과금유도 많이 심하네,3,부정
suwin,1,2024-01-06 12:05:05,그냥 세나길 가는 겜이에요 신캐 픽업인데 다른 안좋은 에픽 캐릭들이 더 잘나오고 신캐는 줄줄이 나오는데 강화난이도 높고 그냥 돈지를거 아니면 하지마세요 우리 세나길 갑니다 느낌이에요 뽑기권 돈 퍼주는거 같은데 그만큼 안나와요 캐릭터 한국특유 돈빨겜 입니다. 순위가 말해줍니다.,6,부정
하아,5,2024-01-06 04:13:22,굿잡쓰,0,긍정
김희돈,4,2024-01-06 01:16:47,캐릭터 귀엡네요,0,긍정
매니짱,5,2024-01-05 15:33:25,한번해보면 계속하고 싶어져요. 재밌어요,0,긍정
아름드리디자인,5,2024-01-04 13:21:51,"이번에 복귀 해보려 했는데 너무 빈번하게 팅기네요. 업데이트 일정을 조금 늦추더라도 최적화가 절실해 보이고 컨텐츠 간결화도 필요해 보입니다. 너무 복잡해보여요. 운영 노력하는 점은 보이나 할게 많은게 재미있는것은 아니라고 봐요. 아레나, 보스컨텐츠(공략이 아닌 점수달성 위주), 스토리 이 세가지만 신경 쓰고 운영하는게 좋지 않나 싶네요. 순위 보상 차별화로 과금러 우대도 필요하고요. 과금러가 떠나는 이유가 있는거에요. 보상차이도 별로 없는데 과금할 이유도 없고 수집할 것도 더이상 없으면 목표가 사라지고 흥미를 잃을수밖에 없다고 봐요. 그 해결책이 컨텐츠 보상의 차별화라 생각해요. 경쟁심 유발도 되고요. 단, 이벤트 보상은 모두가 공평하게 받을 수 있어야 한다고 봐요. 가볍게요. 이벤트인데 신규는 넘보지 못한다면 계속 즐기고 싶지도 않겠죠.",1,긍정
O FF,5,2024-01-04 12:21:00,좋숨돠,0,긍정
전지호,5,2023-12-31 18:32:00,제 이름과 똑같은 캐릭터가 있는데 취향저격이네요 그리고 캐릭터가 전체적으로 매력적이고 이쁘네요,1,긍정
크바시르,5,2023-12-31 07:54:09,괘찮네요,1,긍정
이정석,5,2023-12-30 07:48:22,꿀잼,0,긍정
장윤재,5,2023-12-29 22:11:37,fun,0,긍정
신건호,5,2023-12-29 16:56:27,정령들이 맛있어요,0,긍정
피리오,5,2023-12-25 17:18:33,괸찬음,0,긍정
Permus Baketimir,5,2023-12-24 16:36:26,여러가지 맘에 안 드는 염ㅂ쏘울이긴 하지만 이거만한 부 본진겜을 아직 찾지 못함 본진 혹시나 완전히 섭종하면 여기로 완전히 옮길거,0,긍정
윤석진,1,2023-12-24 13:34:49,"알림에 오류가 발생하였습니다. 라는 메세지가 나타납니다. 사양도 S21 성능이며 인터넷도 문제 없는 것을 확인 했으며, 재설치, 케시삭제 등을 시도하였으나 실행이 되지 않습니다.",4,부정
배강현,5,2023-12-24 00:10:08,아기자기하네요,0,긍정
횽(횽횽),5,2023-12-23 14:15:34,재미있네요,0,긍정
Hyeonggon Seo,5,2023-12-23 10:36:17,작지만 확실하게 성장하고있기에 아껴뒀다 나중에 먹을랍니다,0,긍정
정해민,5,2023-12-18 08:29:23,재미쒀요 아직까진 할게너모마커,0,긍정
이수혁,5,2023-12-17 08:16:08,너무 재미네요!,0,긍정
블랙자몽,5,2023-12-16 15:56:00,재밌게 하고있어요,0,긍정
Jieun Bae,5,2023-12-16 11:18:44,진짜 스킨도 다 이쁘고 다좋은데 저장공간이..,0,긍정
김상추,1,2023-12-16 00:49:23,용량엄청잡아먹고 렉장난아님,4,부정
김귀능,3,2023-12-14 22:19:17,갤폴드4 접었다폈다 재실행 해결좀 7,1,중립
ᄀᄃᄒ,5,2023-12-14 14:50:21,아주좋아,0,긍정
그냥,4,2023-12-14 13:22:00,"재밌게 잘했지만 지금은 폰이 안좋아서 못하고 있네요 용량이크고,렉이 걸려서 하기가 지금은 꺼려지지만 재미는 있었어요 친구한테 추천은 ㅇ할만한게임이라고 생각해요",1,긍정
문창해,5,2023-12-14 11:20:03,즐겜중!,0,긍정
Luck Shin,5,2023-12-14 10:13:36,로 해,0,긍정
정대현,5,2023-12-14 07:07:45,재미있음,0,긍정
Jinwoo Park,1,2023-12-14 05:15:48,아직도 최적화가 안 되서 a23에서 안 돌아가네요.,4,부정
peace,3,2023-12-14 04:19:21,게임을 들어가려고 시도하는데 구글로그인은 되는것은 뜨고 화면이 안 나옵니다. 화면이 검은색 밖에 안 나와요.,1,중립
Juhee Lee,5,2023-12-13 11:35:37,코스튬 공짜로 주는 것만으로 수집형 게임의 가치는 훌륭하다,1,긍정
박정선,3,2023-12-12 12:10:26,재밌긴한데 지난 사냥 다시사냥 할수있게해주세요 렙업을 못하겠어요,0,중립
새아조아용,5,2023-12-12 10:24:49,갓겜이다,0,긍정
배들짝,5,2023-12-09 11:50:48,5점줄테니까 뽑기좀 잘좀줘라,0,긍정
월아,5,2023-12-08 16:05:48,꾸준히 성장 중이고 재밌음,0,긍정
박준성,5,2023-12-08 07:28:50,재밌게 게임하던도중 영지 개척에 있어서 A.I가 하라는대로 했는데 안되고 있습니다 해결이 시급합니다,0,긍정
수환고수환,5,2023-12-08 01:49:32,벨라나 같은 캐릭터 원츄♡♥,0,긍정
제로제로,2,2023-12-07 14:30:26,아레나만 제대로 했으면 성공했을 게임 과금러는 아레나 즐기지 못하게 막아놨음 어중간한 중과금 역시 마찬가지 무소과금 또한 24시간 방어 쿨타임 적용해서 한번 뚫린 방어덱을 바꾸지도 못하게 해놈 계속 뚫리는 기이한 형태로 운영중 현재 서버 네임드 들은 거의 다 접음 게임은 잘 만들었는데 디렉터의 아레나 대처 및 판단미스로 과금러들이 많이 접음,1,부정
국장호,5,2023-12-07 13:43:31,"화면분할로 플레이 할 수 있게 ""해줘""",0,긍정
유승호,5,2023-12-06 20:30:38,케릭터가 너무 짱이든,0,긍정
-강본,5,2023-12-03 13:39:42,생각보다 재밌네요,0,긍정
박민준 (농심참깨),4,2023-12-02 01:45:12,그래픽도 좋고 재밋게 알아가면서 하고있네요,0,긍정
먕공,5,2023-12-01 01:18:40,"월정액 1,2 구매했는데 상품이 안들어왔습니다. 확인 부탁드립니다.",0,긍정
김병호,4,2023-11-27 03:46:25,굿,0,긍정
김태호,5,2023-11-26 23:06:50,재밌어요,0,긍정
윤태윤,5,2023-11-26 12:24:11,"수집형 게임 찾으면서 여섯개정도 깔자마자 지우다가 에버소울 기대감 없이 시작했는데, 늦은 뉴비이지만 제대로 즐기고 있습니다!! 저 처럼 수집형 게임 찾는 분들은 한번 해보시길 강추 드려용~~^^",0,긍정
이중경,5,2023-11-24 03:30:45,짱~~,0,긍정
over,4,2023-11-23 08:44:59,조금씩 아쉬운부분이 있긴하지만 좋아요,0,긍정
노루,1,2023-11-23 08:33:19,뽑기가 극악임 확률 준수한데 그럼 뭐함 22000개 녹여도 픽업 1마리 나옴,4,부정
환호,5,2023-11-23 05:32:06,재밌어요 ^^b,0,긍정
Haolin Zhang,4,2023-11-23 05:03:09,다 좋은데 등급상한을 올리려면 같은 캐릭터를 많이 모여야 해서 좀 어럽다.,0,긍정
엄희찬,5,2023-11-22 12:35:54,캐릭터도 개성있고 그림체도 이쁘고 게임 방식도 재밌습니다. 요즘에 에버소울만 하는거 같아요.,0,긍정
태승김,4,2023-11-22 01:03:01,재밌어요!,0,긍정
조영훈,5,2023-11-20 13:07:48,잼나요,0,긍정
김석현,4,2023-11-20 04:43:43,naver,0,긍정
짠짠,3,2023-11-18 04:50:35,지금이라도 라이브2D 만들죠?,0,중립
유호경,5,2023-11-16 08:27:03,타게임에 비해 그래도 오래즐기고있는편. 오픈때부터 하는중.,0,긍정
Dino Song,5,2023-11-16 02:59:06,꾸준히 성장하는게 보이는 게임입니다. 가챠 모션이 점점 좋아짐ㅋㅋ,0,긍정
신아월,5,2023-11-14 15:26:05,방치형 운영진에게 지친 당신에게 갓에버소울을 추천합니다 갓엡소!!!! 갓맵희!!!!,0,긍정
유해인,5,2023-11-14 00:11:07,열심히 하고 있어요,0,긍정
두건남,5,2023-11-11 04:36:46,굿,0,긍정
이엔젤,4,2023-11-11 01:38:44,재미었오ㅡ,0,긍정
Stop watch,5,2023-11-09 14:35:35,너무 재밌어요♡♡♡,0,긍정
옆군,5,2023-11-09 03:20:18,유저 친화적 운영을 하려고 노력중인 게임,1,긍정
SangHoon Lee,5,2023-11-09 02:29:13,에버소울 포에버~,0,긍정
Nice나이스,5,2023-11-08 14:58:05,사전예약부터 지금까지 달려오니 어느 순간부터 인생겜이 되어버린 게임.,0,긍정
신덕진,5,2023-11-07 02:43:24,재밌음,0,긍정
백인우,1,2023-11-06 13:03:02,들어가면 검은화면만 뜨고 안들어가지는데용...,2,부정
신성관,5,2023-11-06 09:15:14,장점 : 초반인데 나름 할만함 캐릭터들이 이쁨 단점 : 카카오,1,긍정
구자엽,5,2023-11-06 04:25:52,재밋네여,0,긍정
머져,5,2023-11-04 22:38:39,잼나요 굿!,0,긍정
donghun Yoo,5,2023-11-04 08:09:25,재밌어요,0,긍정
이태성,5,2023-11-03 09:03:10,패스구매 32000원 주고 했는데 다시 19000원결제를 하라고하네요 어떻게된걸까요?,0,긍정
나봉쓰,5,2023-11-03 00:23:12,굿,0,긍정
이경진,5,2023-11-02 20:33:23,굿,0,긍정
시설,4,2023-11-02 06:02:40,운영만 잘하면 된다,1,긍정
콘디,5,2023-11-02 02:51:32,순이가 귀여운 게임,0,긍정
Hansweet,5,2023-11-02 00:35:43,매우 좋은 게임입니다!! 굿!굿!,0,긍정
박재완,4,2023-11-01 08:02:02,다른건 몰라도 스토리와 캐릭터가 너무 짮고 횟수도 적습니다.,0,긍정
음주운전기사,5,2023-10-31 07:25:41,good,0,긍정
우현우,1,2023-10-31 04:40:44,과금 엄청하는 사람이 아니라면 언제 가챠망해서 접느냐문제일뿐임,1,부정
배소현,4,2023-10-28 02:30:56,버그가 좀 있지만 과금없이 쉽고 즐겁게 플레이가 가능해요!!,0,긍정
이진권,5,2023-10-27 22:53:41,굿,0,긍정
클레,3,2023-10-26 15:05:25,나쁘진 않은데 특색이 부족함,4,중립
오윤석,1,2023-10-26 14:26:46,설치 누르면 무한대기중 뜨는데 왜그럼요?,2,부정
유동엽,5,2023-10-26 13:58:15,시작한지 얼마안되었지만 재미있어요 단점도 있지만 대체로 좋습니다 다만 최근에 와서 느끼는데 저만 그런가요 픽업된 특정 정령 소환하려 할때 거의 소환이 안되는데 주로 레어나 커먼 정령 확보가 대부분인건 그렇다쳐도 어쩌다 에픽이 되어도 다른 정령이 걸리네요 이유가 뭔가요? 확률상이라고만 이야기하기에는 이상해서요 최근에 다프네부터 유리아까지 픽업때 정작 잘 소환이 안되는데요 유리아만 해도 12×10을 했는데도 단 한번도 안걸려서요 이거 답변부탁할께요 다른 구원자들은 얼마나 시도했는지는 몰라도 오리진까지 벌써 된 케이스도 나오는데 궁금합니다 초기에는 그래도 저정도 돌리면 한두번은 소환되는데 최근에는 잘 안되네요 이번에도 8번 돌려 보상으로 받은 하나뿐입니다,13,긍정
김성택,4,2023-10-26 10:29:18,재밌어요. 시간 때우기 좋은 게임🎮,0,긍정
어지연,2,2023-10-26 05:25:54,폰이 금방 뜨거워짐 게임은재밌음,0,부정
도널드트럼프,5,2023-10-26 04:10:42,에버소울 힘내라 힘!,1,긍정
고무줄,5,2023-10-26 03:04:49,재미가 엄청 있는건 아니고 정으로 계속 남아서 플레이 중인데 객관적으로 어렵다거나 확률이 쓰레기같다거나 그렇진 않아요 그냥저냥 무과금으로도 할만합니다,1,긍정
김경민,5,2023-10-25 10:27:33,호감도 대화를 영지로 들어가서 해당 정령이랑 대화하기를 해서 보는 것이 아니라 메인 로비에서 바로 대화하기로 넘어가는거로 바꿔주시면 안되나요? 영지에 돌아다니는 정령이랑 대화해도 어차피 바로 스토리로 넘어가는데 굳이 영지로 입장한 다음에 돌아다니는 정령을 찾아서 대화하기를 눌러야하는게 매우 번거롭고 쓸데없습니다.,1,긍정
박낑꽁,5,2023-10-25 03:17:23,좋았어,0,긍정
한영진,5,2023-10-24 14:15:12,이번 패치하고 갓겜됭다더니 꽤잼있어용,0,긍정
메이어존,5,2023-10-22 10:34:25,재밌고 귀여움 추천함,0,긍정
손부영,5,2023-10-22 04:45:49,낑꽁낑꽁!,0,긍정
승냥이,5,2023-10-21 18:43:02,반년하다보니 이만한겜 없다 결국은 에버소울,0,긍정
시현,1,2023-10-21 18:15:12,야벌거 한번 깔아서 해볼려고 했더니만 계속 오류 5천 어쩌고 뜨면서 꺼진다 잣같다,2,부정
치롱,5,2023-10-21 11:11:52,굿 잼있어요 ㅋ,0,긍정
박민우,5,2023-10-20 16:57:47,에버소울 화이팅!!!,0,긍정
박시형,4,2023-10-19 05:45:16,정말 재미있지만 무한 로딩이 너무 아쉽네요.,0,긍정
양정필,5,2023-10-18 00:04:25,댕꿀잼,0,긍정
배한준,3,2023-10-15 18:04:37,"S23울트라 기준 10분정도만하면 폰이 불타오르는게 겨울에 손난로 필요없을 수준이긴합니다. 게임 자체는 적당하다고 판단을 하지만 방치가 주류인게임이 엄청 무거운것까진 어떻게 넘어갈려고는 하는데, 그 무거움때문에 한바퀴 돌릴려고하면 딱 위의 사항이 너무 큰 단점으로 다가옵니다. 폰이 아주 불타오릅니다. 'Pc로 하면 되는거 아니냐' 라고 하실수도 있는데 그럴꺼면 이겜 안하고 딴거 돌렸습니다. 그래서 요즘 안들어가고는 있네요. 발열문제를 못잡으면 솔직히 그냥 니케하라고 할거같네요.",2,중립
guiwon jeong,5,2023-10-15 04:12:50,good game,0,긍정
손민우,5,2023-10-14 15:24:59,재화 수급이랑 이벤트만 더 늘어나면 좋을 것 같아옹,0,긍정
박철현,4,2023-10-14 00:57:00,흥미롭네요,0,긍정
이민웅,5,2023-10-13 10:52:54,재미지네요,0,긍정
리시안서스,5,2023-10-13 08:30:00,귀여워서 좋아요,1,긍정
천억짜리,5,2023-10-12 01:04:40,너무 재미있어용 ^@^,0,긍정
달콤한팝콘,5,2023-10-08 08:02:21,재밌게 하고 있어요! 근데 어제 업데이트 이후에 태블릿에서 실행이 안되요! 어플 실행하면 까만화면인채로 있다가 그냥 꺼져요!,0,긍정
적존JeokJone,5,2023-10-06 14:32:28,복귀한지 좀 지났지만 다른 서브컬처 게임들과는 다르게 눈에 띌정도는 아니지만 서서히 성장세가 보이는 만족스러운 게임이라는점에서 많이 느꼈습니다. 꾸준히 이벤트 및 완성도 높은 스킨 보상까지 갖춘 게임은 없습니다. 물론 처음 오리진까지 성장시켜야하는 피로감이 컸었는데 성장을 조금 무시하고 지금은 분재게임으로서 소소하게 즐기면서 만족하고 있습니다. +최근 이벤트 스토리 보면서 에버소울만의 개성 많이 돋보였었는데.. 부디 잘 되기를 바랍니다.,124,긍정
맛있는운영,5,2023-10-06 12:24:49,파이팅하자 응원한다,1,긍정
배고프다,3,2023-10-06 00:26:57,제 문제인지는 모르겠지만 자주 튕기는거 빼고 재밌습니다,1,중립
0102,5,2023-10-05 16:12:41,"나름의 매력이 분명히 있는 게임입니다. 일러스트나 3D 모델링 모두 괜찮고, 한정 캐릭터가 없다는 점도 큰 장점입니다. 편의성 부분에서 불편한 부분은 있으나 지속적으로 개선하는 모습을 보여주고 있어 앞으로의 발전이 기대됩니다.",34,긍정
구구단,1,2023-10-05 14:29:56,정신병원으로 가출했던 사람들이 도주중에 만든 게임 같다. 그래도 양심은 있는지 일반 뽑기에서는 30회에 에픽 확정 만 있더라. 그치만 신캐 뽑기나 이벤트로 캐릭터 뽑기는 사채 업자들에게 이자 추심? 당하는 기분이 드는 이벤트 뽑기 시스템이다. 이벤트 뽑기엔 30회 확정이 없다. 운 없으면 50회 60회를 돌려도 에픽 캐릭 하나 못 먹을때가 많은 게임이더라. 그렇게 에픽이 나온다고 해도 그 이벤트 뽑기 캐릭터가 아니란게 함정이다. 이벤트 뽑기면 이벤트 캐릭이 뽑혀야지 그래 안나오다 엉뚱한 캐릭이 짠 하고 나오는대... 에버소울은 그냥 일반 뽑기만이 답이다. 이벤트 뽑기는 마일러지 보상 받을려고 하는 뽑기지. 중간중간 다른 캐릭터 한번씩 뽑는 정신 나간 재미? 미니어스 제작자가 이 게임 만들었나? 그거도 신캐 뽑기 확율 바닥을 치게 만들었더만.. 이벤트 캐릭터도 30회 에픽 확정은 양심상 있어야 하는게 아닌가?,4,부정
강병철,5,2023-10-04 14:00:06,한 9개월 천천히 방치하면서 하다보니 인생겜이 되버렸네요. 오랫동안 서비스 하였으면 좋겠습니다. 응원해요!,1,긍정
주걱,4,2023-10-04 03:29:50,사건사고 없이 오래갑시다,2,긍정
사무니아,5,2023-10-03 07:03:24,잼있네요 ㅎㅎ,0,긍정
윤지,5,2023-10-03 01:24:04,캐릭터가 너무 예쁘고 구원자라는 내용으로 이어가는 것이 재미있었습니다 예쁘고 귀여운 캐릭터가 많이 나왔으면 좋겠네요😊,1,긍정
water fairy,4,2023-10-01 13:51:57,과금 안해도 그냥저냥 즐길수 있음,1,긍정
YU k,3,2023-09-30 17:31:00,"너무 밋밋하고 특색이 없음. 위험 요소를 피하려고 그런 것 같은대, 역설적으로 이런 게임은 돈 쓰는데 거부감 든다.",2,중립
Jihyun Jang,5,2023-09-30 02:38:24,여태껏 해본스마트폰 게임 중 제일 재밌이요. 루테 갖고 싶어요!,0,긍정
이준성,4,2023-09-29 08:06:35,조아요,0,긍정
박상언,4,2023-09-29 00:12:51,재미있어요,0,긍정
박재민,5,2023-09-28 10:34:50,굳,0,긍정
변대현님,5,2023-09-28 07:49:36,굿뜨,0,긍정
이재악,5,2023-09-28 00:40:59,"저어기.... 9월 28일에 나온다는 신규정령 루테는 언제 나오나요...? 오늘인데, 설마... 추석연휴 다 끝나고 나오나요...?",0,긍정
펀처,5,2023-09-27 21:42:26,캐릭터가 이뻐서 너무좋고 플레이도 소탕이 있어서 좋아요!!! 이벤트도 자주해서 넘모조코~,0,긍정
HW S,5,2023-09-27 06:18:42,별 6개를 주고 싶은 내 마음~,0,긍정
고미,5,2023-09-27 02:58:34,재미있읍니다. 힐링게임인만큼 경쟁컨텐츠에대한 스트레스만줄여주셨으면,0,긍정
신진석,5,2023-09-26 22:37:19,잼남,0,긍정
강민수,5,2023-09-26 10:41:34,잼,0,긍정
H Sung,1,2023-09-26 01:46:24,공식카페 관리 안하나요? 특정 인원들이 마녀사냥하고 욕하고 분탕치는걸 이용정지 안때리고 그냥 냅두던데 공식카페 운영 포기 했나요??? 요즘 pvp. 개판으로 패치해서 다들 접는데 운영개판 공식 카페도 개판 하는거보니 1년 단물빨고 섭종하려는게 보입니다.,5,부정
지민손,5,2023-09-23 16:12:03,스토리도 완벽하고 무과금도 편하게 할수 있는 게임,1,긍정
5000 tmdrl,1,2023-09-22 07:21:21,9월 초 진입 뉴비 2주살짝 넘는 기간동안 플레이스토어 보니까 80 정도 과금함 그리고 개같이 패치때 아레나 셔플로 고인물들이랑 매칭됨 레벨 상한이 없는 게임이니 못따라감 진입하려는 뉴비들은 무과금이나 월정으로만 하고 대충 킬링타임용으로 쓰면 좋을듯함,3,부정
차영이,5,2023-09-21 03:13:30,캐릭터가이쁘고 정성스럽게만든티가남 ㅎㅎ,0,긍정
Ja-Yeon Kaang,5,2023-09-20 01:45:39,그래픽이 너무 좋고 스토리 전개도 재밌어요,0,긍정
유민수,5,2023-09-16 16:17:05,이쁨,0,긍정
강민서,1,2023-09-16 02:00:19,검은화면은 겔럭시 A23유저들에게 보내는 신의 계시. '오지마',3,부정
ari kim,5,2023-09-15 18:18:03,사전예약 오픈멤버로서 진심으로 애정갖고 즐기고 있습니다. 모바일 게임에 절대 과금 천원도 안했었는데 에버소울 시작하면서 처음으로 과금을 시작했어요. 그정도로 정이 많이 가는 게임입니다. 양산형 게임과는 비교하면 안돼요!,1,긍정
김주암,5,2023-09-15 12:59:13,캐릭터넘 예쁘고요 일단 랙이 별로없습니다 그리고 소환할때 목소리더빙 캐릭터 구현 너무 잘했고 에버소울진짜진짜 강추합니다,1,긍정
Rachel,5,2023-09-15 04:43:21,킹아~☆,1,긍정
강승엽,5,2023-09-15 04:10:24,140뽑을했는데 멜피스 하나가 안나와무슨,1,긍정
Shane,1,2023-09-15 03:58:13,뷰웅 같다 모지리 기회자들,1,부정
이연우,5,2023-09-14 15:11:52,"업데이트도 자주하며 스킨도 이쁘게 잘 나왔습니다(랙,튕김도 거의 없어졌습니다)",0,긍정
농담곰,1,2023-09-14 13:19:46,이거 순수하게 재미가 없음 캐릭터는 나름 이쁜디,1,부정
히토리,4,2023-09-14 09:38:12,전체적으로 다 좋았습니다. 과금을 하지 않아도 정령들 100lv까진 쉽게 가네요. 하지만 인연포인트를 채워서 트루엔딩 유튜브에 있는거 똑같이 했는데 안됩니다. 노말 하고 해야 되나요? 200써서 2번했는데 못하겠어서 안합니다. 모든게 다 좋지만 100레벨 이후로부터 더 못올리겠습니다. 보상도 많이 주는데...쩝,1,긍정
아나투스,5,2023-09-14 08:38:43,갓겜갓겜갓겜갓겜,0,긍정
김소혜,1,2023-09-14 02:57:07,지금까지 월정액 등 일정 금액 꾸준히 쓰면서 하고있었는데 어뷰징 옹호 건으로 이제 이게임엔 쓸 돈 할 마음이 사라짐,6,부정
요빠찌빠 (yopha-zzipha),1,2023-09-12 09:04:49,언제 서비스종료되요?,2,부정
김채환,1,2023-09-12 07:09:52,디렉터가 어뷰징을 허용하는게임,3,부정
끼끼꺄오 (빵뿡뿡),1,2023-09-12 06:51:54,환장의콜라보,1,부정
내맘가는대로,1,2023-09-11 23:37:02,어뷰징을 봐주는 게임 뭐하러 함,3,부정
박땡,1,2023-09-11 17:46:45,어뷰징 방치 겜,2,부정
mgson,1,2023-09-11 16:06:49,어뷰징 권장 운영 게임,2,부정
김현묵,1,2023-09-11 15:36:04,이 겜에서 어뷰징할때는 적당히 몇명 모여서 자리바꾸기 놀이 가끔씩 해주세요 그럼 피디가 앞장서서 지켜줌,2,부정
강원희강원희,1,2023-09-11 15:20:41,씹덕 리니지 ㅋㅋㅋㅋㅋㅋ,1,부정
김도연,1,2023-09-11 14:59:40,믿고 거르는 리니지소울,1,부정
흠흠,1,2023-09-11 13:27:12,진짜 끝이다 ㅂㅇㅂㅇ,1,부정
혜안,1,2023-09-11 12:53:59,게임사가 >어뷰징<을 허락해주는 게임,1,부정
김시우,1,2023-09-11 12:11:01,어뷰징 대놓고 옹호하는겜 정상적인 운영을 기대한다면 빨리 뒤돌아 도망가자,2,부정
황의승,1,2023-09-11 07:24:53,결제는 됐는데 상품이 들어오지않습니다,0,부정
정승민,5,2023-09-10 19:28:00,이거 갓겜인듯?,0,긍정
손정준,5,2023-09-07 09:11:54,월정액만 질러도 겜하는데 아무런 지장없음 갓겜,0,긍정
엘바이트,5,2023-09-07 09:07:40,갓겜,0,긍정
토토마,5,2023-09-07 07:36:20,굿,0,긍정
이도희,5,2023-09-07 05:32:33,생각없이 시작했다가 빵빵한 일러에 사로잡혀서 계속하고 있네요 ㅋㅋㅋ,0,긍정
Awesome Autumn,1,2023-09-05 06:11:48,맞춤법 개판인 자막 놀라움,0,부정
Garen G,5,2023-09-05 05:21:11,시작한지 2일밖에 안됫지만 잼있게 하고 있습니다.,0,긍정
달빛마을?,1,2023-09-04 17:14:25,벌써 재밌네요.,4,부정
Nam Ned,4,2023-09-04 06:59:42,수려한 스킬 모션과 이펙트 그리고 화려한 색채와 다채로운 스토리 덕분에 매우 재미있게 게임을 즐기고 있어요. 그리고 캐릭터의 개성이 각자 달라서 스토리를 보는 재미도 상당히 커요. 하지만 스토리와 영지를 플레이 할 때 배경음악이 일시적으로 툭툭 하고 끊기는 오류가 있어서 몰입도를 저해 시키고 그리고 일시적으로 케릭터 보이스가 끊기는 오류도 있어서 난해한 경우가 많아요. 이러한 점들을 조속히 고칠 필요가 있어 보여요. 이런 점만 고친다면 상당히 재미가 있을 것 같아요.,90,긍정
shin joseph,5,2023-09-02 17:27:08,준수하게재미있음,0,긍정
playconquest,5,2023-09-02 01:53:08,너무 재미있고 좋습니다!,0,긍정
시부놈,5,2023-09-01 13:18:55,설치 했는데 왜 플레이가 안되고 검정화면만 뜨죠? 플레이 해보고 싶은데 안되네요 (플레이 안했지만 5점 줍니다),0,긍정
코델리아예쁘다,5,2023-08-31 05:48:41,Yanghoham,0,긍정
김휘찬,5,2023-08-31 04:48:25,일단 무과금으로도 내가 원하는 모든캐릭터 다 뽑고 덱구성으로 싸우는게 재밌음. 게임이 너무 혜자여서 망할까봐 걱정임..,0,긍정
오짬단,4,2023-08-31 04:29:07,재미있고 좋은데 남캐도 있었으면 좋겠어요. 여캐만 있으니깐 뭔가 많이 심심해요.,0,긍정
보더,3,2023-08-31 03:25:04,프레임 떨어지는거 너무 심하고 영지에서 팅기는 현상이 너무 빈번함 게임 자체는 할만한데 최적화가 별로인건지 핸폰으로 할때 발열도 심하고 불편한게 많은듯,0,중립
cynn Yoo,5,2023-08-29 03:09:14,할만해요,0,긍정
김동원,5,2023-08-28 05:31:18,정성이 가득해 보이는 예쁜게임,0,긍정
민병기,5,2023-08-27 13:47:07,진짜 혜자겜이네요 너무 즐겁게 겜하고 있어요. 다만 첫결제때 중복결제가 진행되어서 문의 드려놨는데 빠른 시일내에 해결 부탁드려요.,0,긍정
Hay Park,1,2023-08-21 11:19:27,계정관리 -탈퇴하기. 진행이 안된다고 세번째 남깁니다. 확인안합니까?,1,부정
Sa,1,2023-08-20 18:46:08,에버소울 10만때 계정을 만들고 돌아오니 계정이 복구가 안되어있네요 아쉽네요,0,부정
황수현,5,2023-08-19 23:37:51,나쁘지 않은,0,긍정
박기태,5,2023-08-19 20:12:36,하세요,0,긍정
Aberdeen KIM,5,2023-08-18 15:18:50,"더빙,ost,무과금 혜자스러움에 비해 매출순위가 생각보다 낮아걱정이 될정도",0,긍정
해피해피,1,2023-08-18 01:09:09,유사 섭쳐겜,1,부정
star caron,4,2023-08-17 02:33:31,아트 퀄리티 자체는 이쁜데 간간히 이런걸 그릴정도의 작업자가 이런90년대 발상스러운 꼰대같은 표현을 넣었다고? 싶은 이해할 수 없는 감성의 포인트가 매우 거슬려서 시작하자마자 접었었다. 확실하게 해보고 평가 한마디 하고싶어서 돈도지르고 100렙도 넘기고 5개 200렙찍었음. 그림스타일은 트렌디한데 오묘하게 윗대가리의 개꼰대감성이 섞이면서 오염네 확 느껴져서 아트팀 불쌍하다 생각중. 스토리보상 코스튬이든 유물설명이든 던전콘텐츠든 내가 이걸 노력해서 얻어야할정도의 개연성이 안느껴짐. 왜 얘 보상코스튬이 이런복장인지 이해안감. 해결방법은 빨리 이벤트코스튬으로 덮어서 오점을 감추는방법이 최선이라생각하니 빠른 업데이트가 살길이다. 솔직히 애정캐 호감도 보상 코스튬 보자마자 애정 짜게식어서 접을뻔한거 겨우겨우 붇잡고 키웠음. 누군진 모르겠지만 기획자던 pd던 퍼블리셔던 사럽부던 이 용의자중 범인 정신차려야 게임이 장수할 수 있다... 던전중 대사가 플레이 맥끊어서 왜있는지 모르겠음.,1,긍정
유지웅,2,2023-08-17 01:42:49,뽑기확률 날이.갈수록 악마가되네요 이벤트도 뽑기 ㅋㅋ 별2개로 줄여요,1,부정
이찬협,4,2023-08-16 07:21:39,"영지 최적화가능할까요? 일정건물,타일을 설치하니 접속로딩이 조금 느려지고 발열이 빨리와요",0,긍정
길성유,5,2023-08-15 01:22:36,굿,0,긍정
둥글둥글,5,2023-08-13 14:30:37,다 좋은데 역시 뽑고싶은 캐릭은 너무 안나와... 가챠에서 제발 순이좀 줘요...순이빼고 다 나오는것같아요,0,긍정
김명기,5,2023-08-10 16:26:46,좋아요,0,긍정
계정3,1,2023-08-10 06:04:06,"이 게임은 고인물 게임이라 늦게 시작한 유저가 절대로 기존유저 못 따라가는 게임이고... 최적화는 쓰레기고 당연히 버그도 많습니다. 아레나는 운빨요소 심하고 길레는 당연히 상위권 길드에 신규유저가 못 들어갑니다. 그리고 요즘 캐릭 인플레가 심해진 느낌이 드네요. 얼마전에 반주년이었는데 이 꼬라지 봐서는 금방 망할 거 같다는 생각이 듭니다. 수십만원 과금을 했지만 아무래도 레이드 같은 거 말고는 할 거 없는 게임인데 뽑기는 에픽도 안나오고 겨우 떠도 다 픽뚫 뜨는 꼬라지 보면 스트레스 겁나게 받고, 요즘은 환불 못 받아서 어거지로 하는 느낌... 유저수 감소에는 이유가 있다는 명제의 대표적인 증거물",7,부정
홍우진,5,2023-08-10 00:41:07,오랜만에 복귀했는데 뭐가 많이 추가됨. 점검할때마다 뭔게임을 해야할지 모를정도로 재밌어서 빠짐.,0,긍정
임달,1,2023-08-09 05:05:25,저도 떠납니다 매번 같은 이벤트 .. 일일퀘만 끝나면 할꺼 없고 노출 너무 심하고 스테이지 몇달이 지났는데 깨지도 못 하고 문의해도 개선여지 하나 없고 안녕히,3,부정
김영길,4,2023-08-09 02:10:58,아직은처음이라.모라할수는업내여다만개임은잼나고재미잇서여.아지자기한맛도좀잇고. 다만뽑기가좀...,0,긍정
오지훈,5,2023-08-09 01:02:45,good.,0,긍정
하유리,5,2023-08-08 06:31:29,페트라 귀여움,0,긍정
SWan park,4,2023-08-08 01:48:41,컨텐츠가 부족함 숙제같은 컨텐츠뿐임 주컨테츠에 힘을 실어주는게 좋을듯 그리고 마농팩에 전투력30프로가 아니라 일정 투력차이가 나면 왠만한 전투는 전투스킵이 가능했으면좋겠음. 그리고 클라우디아 버프좀..스킨이랑..,0,긍정
인간,1,2023-08-05 12:20:08,나는 왜 아직도 검은 화면에서 넘어가질 못하는지 오픈 초기부터 실행이 안되는데 캐시삭제 재부팅등 해보란건 다 했는데 안되면 참..,2,부정
? ? ?? ? ? ?,5,2023-08-04 15:29:17,메피 하고 모든 점령들한테 전하는 편지 안녕 애들아 나야 구세주 아마도 지금쯤 이편지를 보고있으면 난 기나긴 잠을 자고있겠지 이유는 내가 지금 하고있는 일이 바빠서 잠시동안만 그쪽의 세계에 로그인을 못해서 그런것이니 그렇게 당황을 하지마 그리고 다른 구세주들도 있으니 그들한테 힘을 빌려줘 그러니 한가지 약속을 할깨 하고있는 일이 끝나면 만나러 갈태니 그때까지 모두와 기다려줘 그리고 다시 만나면 그때 웃는 얼굴로 다시 만나자 추신:모든 점령들을 사랑한 한 구세주가,1,긍정
김윤성,5,2023-08-04 15:10:25,검은 화면만 뜹니다 하하하,1,긍정
김도원,5,2023-08-04 04:56:19,에픽 잘나옴 혜자겜,0,긍정
아랑토끼,5,2023-08-03 17:03:43,♡,0,긍정
이유진,2,2023-08-03 07:20:42,진작에 여기 쓸 돈으로 닌텐도를 샀어야,1,부정
달과바다,5,2023-08-03 06:16:08,초반에 캐릭터 승급 설명을 못봐서 많이 합쳐 버렸는데 이제는 두는 중... 많이 성공해서 굿즈 많이 나왔으면 좋겠어요!!,0,긍정
ᄋᄋ,5,2023-08-03 03:27:38,사랑해 형들,0,긍정
폭군여우(폭군여우),5,2023-08-03 02:34:36,처음엔 종결이 오리진등급 만들기 인줄 알았지만 돈안써도 꾸준히 하면 캐릭들 여럿 만들어져서 좋음. 진짜 종결은 예장쪽 오리진 장비에다가 4세트까지 맞추기가 종결인 느낌. 스펙이 확 달라짐 ㄷ,0,긍정
RIKE,5,2023-08-02 02:21:19,응애,0,긍정
허제우,5,2023-08-01 04:37:13,갓겜이다 이게 겜이지 수영복 퀼 오졌다,0,긍정
yanghong sim,1,2023-07-30 10:53:30,"초등학생이 써도 이거보단 잘쓸거같은 스토리와 케릭터, 세계관, 각종 설정들.",2,부정
저스티스,5,2023-07-30 00:03:07,일단 타겜에 비해서 과금이 착합니다. 모델링도 이쁘고 재밌게 즐기고있어요,2,긍정
Maou,5,2023-07-28 09:27:50,아주 좋소,0,긍정
_최준우,4,2023-07-28 00:26:40,전부터 잘 하던 게임인데 이번 업데이트 이후 게임 실행 30%에서 Connecting가 뜨면서 실행이 안 돼요,1,긍정
wkjx e,5,2023-07-27 12:23:59,아직은 좋음,0,긍정
해킹신발,5,2023-07-27 02:11:15,"처음에는 등급업그레이드? 오리진까지 승급 할려면 해당 되는캐릭터 에픽+이상만 있어야 승급 가능 할줄알았는데 레전더리구간에서는 해당되는 타입의 태생 캐릭터 레전더리+만 있으면 이터널,이터널+(각각 1개씩)만 있으면 최종등급인 오리진(여기서 해당되는 동일 캐릭터 에픽+ 2장) 만 잘 무사히 승급하면 달성할수가 있더군요 처음에는 복잡 했지만 시간이 지날수록 익숙해져서 재미있게 수집? 하고 있네요",49,긍정
이형민,4,2023-07-26 00:47:58,좋아요,0,긍정
게이머픽,2,2023-07-23 03:51:47,많이 개선됐지만 여전히 방치형 afk류 게임이라기엔 불편. 방치형 게임 주제에 직접 조작하는 시간을 상당히 요구하고 최적화가 안 돼서 발열이 미침.,2,부정
이응,1,2023-07-22 08:54:26,최적화쓰레기,1,부정
이서준,5,2023-07-21 08:24:53,겁나 맛있어졌음~♡,0,긍정
유명준,5,2023-07-21 04:15:40,무과금도 할만함,0,긍정
오마이,5,2023-07-21 01:39:30,",아주재미짐 꽤나혜자스러운뽑기인듯한데",0,긍정
김김,5,2023-07-20 05:32:14,재미쩡 이벤트 중이라서 인지는 몰라도 개 해자,0,긍정
김순희,5,2023-07-20 04:53:44,메인스토리 5장에서 유물사원 마지막에 발판이 생기다마는데 어떻게 진행하라는건지 모르겠네요,0,긍정
이선정,5,2023-07-20 03:08:48,꾸준히 열심히 하는 게임인데 아직도 너무 좋아요 캐릭터들도 넘 이쁘구,0,긍정
장정훈,5,2023-07-19 14:47:55,굿,0,긍정
박건형,5,2023-07-19 08:37:27,용두사미가 아니라 사두용미가 적절한 표현인 게임,0,긍정
그때처럼,5,2023-07-18 13:21:22,스토리재밌게보고있어요,0,긍정
신동준,5,2023-07-18 11:17:16,"처음엔 그냥저냥 한 게임같아 보였지만 꾸준히 하다보니 어느새 메인게임이 되어버렸네요 처음과 많이 변한(좋은쪽으로) 게임이에요 전선을 기본으로 게이트 정도만으로시작한 게임이 길드레이드, 악령토벌, 기원의탑이 추가되어 상당히 풍성한 볼륨의 게임이 되어가고 있습니다 반주년 오프 이벤트로 운영쪽도 아주 만족스러워요",10,긍정
강아름,5,2023-07-16 05:10:01,스토리가 재밌고 플레이하는게 재밌어요.,0,긍정
_ saladin,5,2023-07-16 00:54:01,잼있음,0,긍정
1티어다람쥐,3,2023-07-14 09:16:03,잘만든거 같긴한데 게임이 너무 난잡하고 전투시마다 로딩의연속 어딜가나 로딩 또 로딩,0,중립
유태선,5,2023-07-14 09:14:48,나나나나마므ㅜ바만나나나나,0,긍정
wolf Jack,5,2023-07-13 17:52:28,재밌게 하고 있어요,0,긍정
난방고양이,5,2023-07-13 14:09:00,소통도 잘되고 개선도 금방금방 해주시고 함께 성장하는 몇 안되는 게임같음 초창기엔 컨텐츠가 많지않아 다소 지루해질뻔 했는데 지금은 다소 시간을 좀 투자할 컨텐츠가 적당히 잘 나와서 가볍게 즐기기좋은 게임임,1,긍정
권동연,5,2023-07-13 13:27:31,PC버전도 만들어주세요.,0,긍정
김JSoo,5,2023-07-13 13:19:10,좋은 게임,0,긍정
SK P (GPOM),3,2023-07-13 11:19:07,"음,?.?.",0,중립
정예성,1,2023-07-13 07:51:44,죄송합니다만 승급복구가 게임 기능적으로 업데이트 되지 않는 이상 다시는 못해주겠네요.시간과 열정을 쏟아 했는데 이거 하나로 몇주동안 열심히 한게 아무것도 아닌것처럼 느껴져서 실망했습니다. 좀더 치밀하게 만들어주십쇼.지금은 삭제밖에 못해주겠으니까.,0,부정
Soul 소울이,3,2023-07-13 06:59:26,"할 마음이 안감 여전히 특정 캐 없으면 진행 리미트 걸림 그렇다고 게임이 재미있나? 그건 또 아님 딱히 끌리지 않음 처음 나왔을때는 스토리도 보고 스테이지 밀고 할거 많다 느꼈고 그것만으로도 재미 느꼈는데 어느 순간 딱 컨텐츠 부족, 캐릭 밸런스 문제 보이기 시작힘",0,중립
리젤로테,5,2023-07-13 06:29:40,좋아요,0,긍정
Fox Rain,5,2023-07-13 02:54:11,솔직히 기대 안하고 들어왔는데 맛있어요.,0,긍정
Kim Jaejin,5,2023-07-13 02:20:09,"처음엔 컨텐츠도 부족하고 모델링도 좀 떨어졌지만, 6개월동안 모델링개선 및 꾸준한 업데이트로 환골탈태함. 피드백도 빨라서 이벤트나 영지등의 부족한 부분들도 개선되고 하반기로드맵도 꽉꽉차있고 앞으로도 꾸준한 업데이트가 기대됨. 이대로만 갑시다",12,긍정
cheery Yi,5,2023-07-12 18:35:34,왤케재밌지...?,0,긍정
최유준,5,2023-07-12 13:15:46,좋아좋아좋아좋아좋아,0,긍정
허남훈,5,2023-07-12 12:34:44,아주 재미남,0,긍정
H GT,5,2023-07-12 12:08:37,갓겜되어가는중,0,긍정
진규,4,2023-07-11 11:43:23,멀티로 다른 간단한어플 하고싶지만 안되는점 아쉽,0,긍정
Chuu It,5,2023-07-11 09:16:57,게임 넘 맘에들어요 근데 게임화면이 넘 야해서 민망하네요...,0,긍정
쿠쿠루삥뽕,5,2023-07-11 09:02:57,무과금도 가볍게 즐길 수 있어서 좋아요 다만 지금까지 아쉬운 점 한가지가 있는데 전투 끝나고 다음 스테이지 넘어갈때 자동으로 넘어가게 해주는 기능이 없어서 스테이지 끝나고 다음 스테이지 하려면 버튼 몇번씩 눌러서 진행해야 하는게 좀 반거롭네요 자동으로 다음 스테이지 넘어가게 해주는 기능 넣어주시면 너무 좋을거 같아요!,80,긍정
ipuppet (be beck),5,2023-07-10 10:18:56,최고야 늘 짜릿해,0,긍정
홍우진,3,2023-07-09 11:23:18,갑자기 로그인이 안돼요... 도와주세요ㅜㅜ 게임하고 싶은데...,0,중립
Romeo,5,2023-07-09 04:13:31,재밌습니다,1,긍정
장광래,3,2023-07-08 11:29:04,오하요,0,중립
이정희,3,2023-07-08 11:15:28,다 좋은데 로그인이 안돼요... 도와주세요ㅠㅠ,0,중립
나도한번 (나도한번),5,2023-07-08 05:08:49,재미,0,긍정
피콜로 더듬이빠는소리 하고있네,5,2023-07-07 16:32:33,굿,0,긍정
AYOUNG JANG,5,2023-07-06 15:29:10,"너무너무 좋은 게임이지만 페트라, 나이아, 아야메 얼굴 모델링이 예전에 비해 캐릭터의 개성이 사라진 느낌이네요 좀.. 어색해진 것 같습니다ㅠ 롤백 안되나요?ㅠㅠ 그래도 여전히 갓겜.. 더 흥했으면 좋겠는 좋은겜....😉",0,긍정
블로섬,2,2023-07-06 15:08:15,캐릭터디자인이 다른 게임이랑 겹치는게 너무 많은거 같음,0,부정
Young jun Song,1,2023-07-06 14:44:31,보안이 취약한 환경으로 판단되어 앱을 종료 합니다가 갑자기뜨면서 게임 진행이 안됩니다. 업데이트도 했는데,0,부정
코끼리물거북,1,2023-07-06 13:08:23,여름 이벤트 너무 부담되네요... 가슴이 너무 강조된거보고 오히려 불쾌감이 들었습니다...흉측할 정도로요...정도를 지켜주세요. 너무 크면 흉합니다...,3,부정
차동예,5,2023-07-06 12:52:51,재미있어요 ㅋㅋㅋ,0,긍정
홍정석,5,2023-07-06 11:16:33,에버소울 재밌어요,0,긍정
손호욱,5,2023-07-06 09:04:06,살면서 이렇게 완벽한게임은 처음입니다,0,긍정
문바롬,5,2023-07-06 06:52:22,꿀잼,0,긍정
Heavens Sign Lee,4,2023-07-06 02:51:46,생각보다 할만할지도?,0,긍정
이준석,5,2023-07-06 01:47:41,보기드문 갓겜,0,긍정
SG K,5,2023-07-05 01:37:25,나날이 발전하는 운영방식이 맘에듭니다,0,긍정
난,2,2023-07-04 17:07:06,튜토리얼 끝난 후부터 접속 시 공지사항이 뜨는 것 같은데 공지사항을 끄면 바로 게임이 튕겨서 게임을 제대로 시작도 못 하고 있습니다... 재설치해도 같은 오류가 나네요...,0,부정
K Poodle,5,2023-07-04 07:34:35,현재 접속불가 현상 발생하는게 저뿐만이 아닌데 빨리 해결해주시길바랍니다,0,긍정
박향란,1,2023-07-03 14:22:54,설치를 하고 들어갔는데 검은색 화면만 뜨고 로딩이 안돼어있더라고요 어떻게 좀 해주셨으면 좋겠네요,0,부정
김세진,5,2023-07-03 13:51:53,아키 이뻐,0,긍정
치킨콜라,5,2023-07-03 13:45:41,즐겁다,0,긍정
오일석,5,2023-07-03 13:11:52,재맜게 잘 즐기고 있어요 이벤트기간이라 소과금도 성장이 팍팍되네요,0,긍정
DarkBlood Maiden,1,2023-07-03 07:54:38,"뭐야 , 이건 ? 구글은 사람 아님 ? 접속도 못하게 대놓고 카카오만 하게 만들었네 ?",0,부정
白丙皓,3,2023-07-03 07:04:58,2D는 예쁜데 3D는 구리다.. 현질 많이 안 해도 어느 정도 키울 수 있다.. 전투화면에 들어가면 정리가 안 되고 난잡해서 누가 뭘 했는지 잘 구분이 안 간다.. 그럼에도 별로 신경 안 쓰인다.. 어차피 보상이 별로라서.. 잘 만든 게임이나 좀 덜 다듬어진 느낌이다.. 참고로 3D가 구리니 스킨수집욕구가 잘 안 생긴다..,5,중립
주원호,1,2023-07-02 23:06:17,진짜 솔직히 소과금도 즐길수있습니다 거짓말이니 도망가세요,0,부정
이동건,5,2023-07-02 08:09:13,결재했는데 아이템이 안들어와요..,0,긍정
양재욱,5,2023-07-02 06:37:33,생각보다 너무 재밌네요,0,긍정
빵돌이,5,2023-07-02 05:39:03,아니 게임만족은 하는데 저 이벤몹 메기인지 복어인지 저딴 몹디자인 계속 왜 나오나요? 쫌 바꿔주세요 토나올거같아요,0,긍정
제노스,5,2023-07-01 15:19:44,월정액 결제 오류 때문에 환불 하려고 했는데 구글 플레이 스토어 고객센터에선 취소됨 이라고 떠서 환불 신청도 못하고 있습니다 조속한 해결 부탁드릴게요 ㅠㅡㅠ,0,긍정
NAMJIN JO,5,2023-07-01 10:38:29,계속해서 피드백 수용하고 바뀌는 게 지켜볼 만한 게임인거 같아요.,0,긍정
형배,3,2023-07-01 07:48:29,게임 그래픽도 좋구 캐릭도 이쁘게 잘 뽑았는데 내가 이걸 왜 하다 말았지? 싶어서 다시 복귀했는데 .. 느끼한 한국어 음성때문에 접었던걸 바로 깨달았음.. bye bye 성우 살 돈도 없나 캐릭이랑 매치안되는 동화구연 한국 성우 말고 일본 성우도 계약했어야지....캐릭은 어린데 음성은 애들 소리 내는 아줌마 특유의 목소리.. 이런건 만화에서나 통합니다. 생각 좀 하세요,8,중립
리노,5,2023-07-01 04:30:53,감사합니다,0,긍정
개씨Dog TL,1,2023-07-01 01:31:38,인터넷에 나온대로 했는데도 계속 검은색 화면으로 진행이 안되네요.. 도와주세요..,0,부정
Willwolf,5,2023-07-01 01:15:01,마 빨리 다운받으라 좋은거 준다,0,긍정
Kasel :3,5,2023-06-30 17:58:48,일단 계속 해봅니다,0,긍정
김래현,1,2023-06-30 13:35:29,사전예약 했는데 보상이 없네?,0,부정
lee카락스,5,2023-06-30 02:44:18,스토리도 괜찮은편이고 겜도 재밌는데 가챠가 맵긴하네요,0,긍정
snowflakes,1,2023-06-30 01:28:47,아직도 살아있다는게 신기하네 내가 접었던 이유는 초창기 어느정도 결제도 하고 빛 어둠 캐도 있었고 그랬는데 한달정액과 패스 사고나서 이틀후에 그냥 미련없이 삭제 했음 당시 나만 그런지 몰라도 그렇게 수백번을 뽑기를 돌려도 빛.어둠캐릭이 나와도 특정 캐릭만 유독 안나왔음 당시엔 없으면 힘든 힐러캐릭이였는데 조작했나 싶을정도로 안나왔음 물론 운일수도 있지 언제나 확률이란건 불확실요소가 포함되니까 특정시나리오에서 막혀서 몇시간동안 계속 돌려보다가 내가 뭐하고있나 하고 현타와서 그냥 지워버린걸로 기억함 오래못가겠다 싶었는데 아직도 살아있는거보니 충성유저들이 좀 있나보네 개인적으로는 좋은기억이 아니다보니 말로라도 응원한다소리 못하겠다,0,부정
청하난,1,2023-06-29 22:18:19,유저 수준이 떨어짐,1,부정
허동균,5,2023-06-29 13:49:43,이제 접속이 잘 됩니다^^ 제미있어요,0,긍정
이아아아,5,2023-06-29 11:44:54,잘만든 모순적게임 방치형인데 시간이 꽤 들어간다. 서브컬쳐인듯 하지만 아니다. 캐릭터 뽑기가 주 과금이지만 캐릭터는 잘나온다. 뽑기보다 성장재화와 영지투자가 더 효율적이다. 이었는데 소탕이 꽤 많아져서 최근엔 좋아졌음,1,긍정
남궁태양,2,2023-06-29 10:55:08,게임에 들어가지긴 하지만 계속 검은 화면만 뜸.지금 a23사용중임 빨리 이 버그를 고쳤으면 한다.,0,부정
이찬희찬,5,2023-06-29 10:38:15,굿굿,0,긍정
보람,5,2023-06-29 10:24:25,미리암 진짜 개귀엽다 ㄹㅇ,0,긍정
김철수,5,2023-06-29 09:52:15,재밌다.,0,긍정
호크지니,3,2023-06-29 07:44:57,사전예약때부터 특정 폰 기종이 안되는 버그가 하필 제 폰도 포함이라 여태까지 플레이를 못해서 너무 아쉽습니다. 버그가 아니라 폰 자체에 문제면 죄송하지만 버그인지 아닌지만 파악해주시고 버그면 버그를 고쳐주시면 안될까요?,0,중립
최휴인,1,2023-06-29 06:13:17,"장점 캐릭터 모델링이 훌륭하다. 사실 이걸 제외하면 이렇다 할 장점이 생각나지 않을 정도로 다른 부분들은 아쉽다. 그래서 더 돋보이는게 아닐까 싶은데...빌리빌리나 미호요 게임들과 비교해본다면 게임이 추구하는 스타일이 다를 뿐 모델링은 아주 훌륭하게 잘 뽑았다. 곡면을 정말 장인정신으로 다듬어 놓았는데 모델러들이 얼마나 고생 했는지 잘 보여서 캐릭터 보는 맛이 쏠쏠하다. 단점 발열. 플립4 기종 사용중이며 게임 실행과 동시에 다운로드, 플레이 내내 휴대폰이 발열하는데 이건 블루투스나 뭐 다른거 켜놓고 했다고 해서 나올 열 수준이 아니다. 겨울철 손난로 어플 그 수준으로 뜨거워 지는데 플레이가 힘들어질 정도로 뜨거워 진다. 진짜 심각하다. 가장 크게 말할 수 있는 단점이 제일 심각한 발열 문제이지만 그 외에 나열할 수 있는 단점이 한가득이다. 제작사측에선 평가 낮은 리뷰들을 정말 진지하게 봐줬으면 한다. 그만큼 아쉬운게 너무나도 많다는 뜻이다. 화이팅!",9,부정
김재욱,3,2023-06-29 06:00:40,결제했는데 적용이안되는데요 구매완료했다는데,0,중립
하럭,5,2023-06-28 09:38:54,초반인데 일단 재밌게 하고있습니다.,0,긍정
박너밤,5,2023-06-27 23:54:46,요즘 모바일게임답지않게 천천히하면 과금유도 심하지않음,0,긍정
이원기,3,2023-06-27 19:52:24,오픈당시엔. 겨울이라몰랏는데 여름되니까. 플레이중에 손난로가. 되네여. 핸드폰이,0,중립
HeroLD준현,5,2023-06-27 07:43:15,점점 더 재밌는 컨텐츠 추가해주세요 재밌어서 과금하며 하고 있습니다 오래오래 이어가주세요 별점 1점 줬던것 5점으로 변경했어요,0,긍정
이수아,3,2023-06-24 15:34:08,"첫 출시 치곤 정말 잘 만들었다고 생각합니다. 하지만 계속 플레이 하다 보면 아쉬운 부분과 개선되었으면 하는 부분이 많이 보여요. 플레이 하시는 분들이 주시는 피드백의 대부분이 공감이 됩니다. 부디 앞으로 많은 업데이트들로 더 좋은, 완벽한 작품이 되길 바라요. 그때까지 기다려 보죠.",18,중립
rader12 aa,4,2023-06-24 05:03:24,"제가 출시 때부터 게임을 해 오다가 잠깐 다른 게임을 하다가 오랜만에 다시 깔았는데, 이게 실행이 안되네요",0,긍정
르카포,3,2023-06-23 10:28:42,이런류의 게임에서 무과금 유저들은 결국 끝판을 못깨네,0,중립
김희영,5,2023-06-22 08:14:52,캐릭 너무 귀엽고 재밌네요 조금 더 기대 해볼게요^^,0,긍정
날아라 삽사리,5,2023-06-22 06:09:39,갸꿀잼,0,긍정
Google 사용자,5,2023-06-22 01:39:33,오픈때부터 무과금으로 아주재밋게하고잇습니다 정령도귀엽고 전선미는전략적재미도좋습니다,1,긍정
JJ King,1,2023-06-22 00:48:25,진짜 미쳤네. 업데이트 좀 그만해라!!!! 뭔 이틀에 한번씩 업데이트하고 난리냐? 한번할때 제대로 하라고 진짜 망겜인가?,1,부정
Piter pan,5,2023-06-21 08:29:14,재밌어요,0,긍정
김지원,3,2023-06-21 02:23:16,가짜 씹덕,0,중립
최수영,5,2023-06-19 13:17:21,소구우우우웃,0,긍정
김선호,5,2023-06-17 08:03:10,최고다ㅏㅏㅏㅏ말이 필요 없다ㅏㅏㅏㅏㅏㅏ,0,긍정
Jinok kim,5,2023-06-16 19:58:44,잘하고있었는데 오늘 업데이트하고나서 겜시작하니 핸드폰 발열이 너무 심하더라구요.. 다른앱 다끄고 켰는데도 발열이 뜨거워서 만지지도 못할수준이었어요.. 첨엔 폰문제인가싶었는데 겜종료하니 서서히 떨어지네요.. 폰문제인지 게임문제인지는 모르겠으나 확인해주세요.. 폰 기종은 갤럭시플립3입니다,6,긍정
김창현,5,2023-06-16 10:42:32,그래도 킹갓맵희가 출시 초기보다 모델링이나 편의성을 많이 수정하고 있어서 충분히 할만한 게임이라고 봄,0,긍정
youngin Oh,5,2023-06-16 09:36:49,소과금도 즐길 수 있는 스템이라 개인적으론 좋은 것 같아요!! (월정액은 꼭 사야될 것 같습니다 무과금은 힘들어보이는..) 그리고 심플하면서도 디자인 예쁜 캐릭터들이 많아서 좋습니다 요즘 스팀펑크나 사이버풍의 디자인 복잡한 캐디가 많아서 정신사나웠는데 캐디가 제일 마음에 들어요~,17,긍정
다이스,5,2023-06-16 09:17:00,과금안해도 즐길수있고 재미있어요 캐릭도 이쁘고 코스튬도 그냥 받을수있고 이벤트참여 보상도 좋네요,0,긍정
댕댕회장ت,4,2023-06-16 08:49:22,안녕하세요 지금 플래이하고 있는 리빙과상어닉 가지고 플래이하고 사람입니다 너무 재밌고 미소녀들 너무 귀였고 한다 8-35단계 께고있습니다 이벤트로 보석 좀 많주면 안돼요 정기정검하고 딴겜은 보상많이주던데 많이주면 안돼나요? 제 말언은 여기까지 입니다,0,긍정
박종덕,1,2023-06-15 23:05:04,좀전까지 로그인해서 영지 돌던게 갑자기 먹통이되서 접속이 안되길래 캐시랑 데이터 날리고 재접해보니 3렙이네 ㅋㅋ 게스트 로그인이 있었던가?? 카카오나 구글로 로그인을 했을꺼 같은데 둘다 로그인해도 계정이 돌아오질 않네.... 그만하라는거 같으니 깔끔하게 접게되어 버렸다 ㅋㅋㅋ,0,부정
정상인,1,2023-06-15 08:11:02,출시된지 6개월이나 됬는데 이제 제발 a시리즈 버그좀 고쳐줘라,0,부정
YJ K,5,2023-06-15 01:29:18,재미있어요,0,긍정
조성국,5,2023-06-11 14:08:35,방치형.수집형 최고다!,0,긍정
Han 3610,5,2023-06-10 11:25:42,이거 렙업 어떻게 하는거임?? 렙업이 불가능한데??,0,긍정
duro do,3,2023-06-09 03:39:25,"이벤트, 사료부족",1,중립
하나,5,2023-06-08 04:26:44,"이벤트도 자주 하고, 2배 보상도 번갈아 가며 여러 개를 매일 하니 보상도 후하고, 소탕 기능도 전투 때 빼고 거의 다 갖춰져 있어 시간도 많이 들지 않고 좋아요! 그렇게 되면 지루하단 느낌이 들 수도 있는데, 지루하단 느낌이 전혀 들지 않는 정말 좋은 게임입니다 🥰 이런 게임이야말로 돈주고 할 만한 게임인 것 같습니다 유저 의견도 즉각 반영해 주고 오류도 빨리 해결해 주시고 무엇보다 이런 전투 게임은 무과금은 하기 힘든데, 무과금도 거의 문제없이 즐길 수 있는 좋은 게임입니다!! 코스튬도 전부 무료 지급인 점도 정말 좋아요!! 이런 게임이 있다니 진짜 갓겜,,, ( 조심스럽게 레베카 인연스토리 기원합니다 😭",1,긍정
김영룡,5,2023-06-08 03:06:32,굳,0,긍정
최진영,5,2023-06-07 15:43:05,재밌네요,0,긍정
최민선,5,2023-06-07 04:24:28,친구등록한 사람들 접어서 하는사람이 거의 없을정도 ;;; 저는 일러스트가 너무 예쁘고 좋아 접을수없어 출석만해 유지하는정도;; 왜 이런 일러스트를 가지고 이렇게 밖에 못만들까 아쉽네여 전투방식을 대대적으로 뜯어고쳐야할꺼 같네여 흥미를 못느낌 특히 유저간에 대결은 탱커와 힐러만 넣고 버티는애들 천지ᆢ 시간만 때워도 이기게만든 시스템이 문제ᆢ나보다 전투력 낮은 유저에게 타임오버로 진게 한두번이 아님,0,긍정
Gidrhs Moom,2,2023-06-07 00:06:17,천장,1,부정
이은주,1,2023-06-06 01:33:02,안녕하세요 제가뽑기하고 있는데 갑자기앱에서 나갔졌어요 와이파이연결도했는데도 이계왜이런가요?,2,부정
김상훈,5,2023-06-06 00:33:33,해보니까 좋습니다,0,긍정
임문호,4,2023-06-05 22:45:34,좋은 정령이 잘안ㄴㆍ옴,0,긍정
윤윤주현,5,2023-06-05 10:56:39,재미,0,긍정
장광익,5,2023-06-05 02:09:03,페트라 인연스토리 나올때 까지 숨참는중 흡....,0,긍정
yejun Jun,1,2023-06-04 08:52:31,난 왜 시작이 안될까 검정색화면으로뜸,1,부정
사볼하고싶다,1,2023-06-02 18:07:34,내 돈 돌려내,1,부정
조민재,2,2023-06-02 07:52:45,일단 기존 캐릭터 인연스토리는 그렇다치고 메인스토리 5장 6월달에 나오는거 맞죠? 언제 나와요?,0,부정
김영수,5,2023-06-01 22:05:20,재밋내용,0,긍정
오상은,5,2023-06-01 13:09:14,구욷,0,긍정
우리동네빈,5,2023-06-01 10:52:21,좋은데 패치2주에 한번씩 해요... 매주 받기 너무 번거롭네요,0,긍정
서울행,5,2023-05-30 22:07:01,이벤트도 많이 열리고 게임 최적화도 많이 되었네요 발렌타인 버전때는 로딩하는데 3분정도 걸렸었는데 그리고 메피 3D가 바뀌어서 다행이네요,0,긍정
이수찬,5,2023-05-30 12:51:29,"무과금으로도 하기 무난한 수집형 게임이라고 생각합니다. 여러 업데이트를 두고 있겠지만, 메인 스토리 업데이트도 빨리 됐으면 좋겠네요 ㅎㅎ 분명 뒤에 메인 스토리가 있을텐데 안나와서 궁금합니다~! 케릭터들 인연스토리도 업데이트 안된 케릭들 속히 됐으면 좋겠네요",0,긍정
정승훈,5,2023-05-30 02:51:25,아키 나왔을 때 접했다가 다양한 불만으로 접었었다. 그러다 가넷 광고 엄청 하길래 하려다가 고민하다가 하려다가 불사 종족은 그다지 끌리지 않아서 엘프인 마농 나오고 다시 시작해보았다. 1. 미소녀 서브컬쳐라면 캐릭터 성적 대상화가 기본. 서브컬쳐의 2차 창작은 매력을 느껴서 나오는데 보통 미소녀 서브컬쳐는 성적 매력이 대부분이다. 그 2차 창작이 이용자를 세계관 속으로 끌여들였다는 증거 중 하나. 예쁘고 아름답고 성적으로 끌리게 해야 성공할 수 있을. 성공 사례가 이미 주변이 있다. 2. 시스템적으로 캐릭터 승급제가 지나치게 복잡하다. 모르고 손해보는 일로 인해 접은 사람 많았을 것이다. 범용 승급에 같은 캐릭을 승급에 이용할 때 경고를 3. 스토리가 다소 한국 아동용 이야기 느낌이 있다. 이것은 한국 특유의 과도한 검열 탓으로 무의식적으로 자기 검열을 하지 않았나. 인간의 능력이 100이라면 각종 억압과 규제에 의해 그 능력이 절반 이하로 떨어지는 일이 비일비재 일단 5점 지켜볼,11,긍정
최혜지,4,2023-05-28 03:30:55,"3월부터 시작했는데요, 에버소울 설치 하고나서부터 스토리갬성이 멋져요. 그리고 전투성으로 나아가는데 대규모로부터 나타나 플레이 시작하고 멀티미디어는 아니지만 에버소울 게임 전체안에서부터 가챠도 막 뽑고 그런데 소규모가 일어나지 않아서 그냥 평범한 듯 합니다.",4,긍정
야범,5,2023-05-27 16:44:22,스토리 컨텐츠 좋네요,0,긍정
이준동,5,2023-05-26 14:17:55,할만해요 캐릭터들도귀엽고,0,긍정
프리채널게임노래,5,2023-05-26 13:46:22,인연스토리 부족해요,0,긍정
김혜성,5,2023-05-25 17:14:34,조하용,0,긍정
유효상,1,2023-05-25 14:25:12,신기해보여서 오픈첫날부터 꾸준히 해왔습니다. 오늘 업데이트까지는요 다 마음에 들었습니다. 그런데 미궁에서 샤리트 잡을때 캐릭터들 레벨과 성능이 부족해서 다죽으면 포션사용해서 어떻게든 잡으려고 하였는데 잡다보니 포션사용 주의사항을 보니 포션을 사용하면 자동소탕이 안열린다고 적혀있네요? 그러면 과금을 안하거나 거의안해서 요정들의 성능이 약한 유저는 매번 미궁을 돌아라 내 알바아니다 라고 느껴지네요 잘하다가 이거 하나 마음에 안드니 여기까지하겠습니다. 에픽캐릭 잘나오고 코스튬 의상도 괜찮아서 어떻게든 해봤는데 이거 하나 마음에 안드니 하고싶은 마음이 싹 사라지네요 열심히 하십쇼,0,부정
민트초코,1,2023-05-25 09:58:53,편의성에 대한 업데이트를 사람들이 말을 해도 잘안해줍니다. 너무합니다.,0,부정
서범준,5,2023-05-25 08:59:56,좋음,0,긍정
남이진우,3,2023-05-25 04:53:22,보통,0,중립
쫀기,4,2023-05-25 04:19:57,스토리(메인 위주)가 아쉽긴해도 유저들과 소통하는 그런 자세가 좋은 게임,0,긍정
미친멜브,4,2023-05-21 01:18:57,백그라운드가 안되는게 많이 아쉽네요 실수로 나가면 스타트 화면으로 돌아가는게 많이 아쉽습니다.,0,긍정
임기건,5,2023-05-20 15:34:31,good,0,긍정
고뱀,5,2023-05-20 07:30:54,굳,0,긍정
WhiteFox KIM,1,2023-05-20 06:16:04,지겹다.,0,부정
고세진,4,2023-05-19 16:45:19,할만하네요,0,긍정
포도소스떡갈비,1,2023-05-18 04:45:14,일본어 보이스 없는 서브컬처겜은 서브컬처로 인정 못 함. 기본 중의 기본 아닙니까?,0,부정
bc a,2,2023-05-16 19:27:30,"새 컨텐츠 나올때마다 어떻게 짜증나게 할지 연구하시는거 같네요. 방치형이면 방치형답게 굴든가 쓸데없이 소탕 못하게 하고 매일 같은거 반복시키는거 짜증만 나고 시간낭비하게 해서 장점이 사라지는 느낌입니다. 반복좀 그만시키세요. 시간 지날수록 편하게 즐기게 하는게 아니라 반복, 시간 늘어지게 하는 방치형 게임이라니 장난하나요. 적당히좀 하세요. 에러는 점점 늘어가는데 고치는건 보이지않고...나들이 에러는 대체 언제 고치는건가요? 월결제 해서 횟수 늘려놓고 아예 못가는 상황 진짜 화나죽겠네요.",2,부정
나윤성S26,5,2023-05-16 18:39:36,지난1월에 유튜브에서 광고보다가 좋은게임 에버소울 광고나와서 사전예약을 했어요 근데 5G라 그래픽가 끊김 없이 좋았다는건 판단. 또 좋은 캐릭터 등장해서 좋았어요. 근데 아이패드Air2 는 검은 화면만 나왔는지 자동으로 꺼짐 경우가 있지만 좀 아쉬워요ㅜㅜ 근데 폰으로 하니까 좋습니다.,5,긍정
백호,5,2023-05-14 19:29:43,최고 완전 재미이써요!,0,긍정
한효주,5,2023-05-14 07:47:00,제가 폰을 여러게 사용하면서 할 만큼 기대감이 큰 게임입니다 캐릭터가 정말 예쁘게 나와서 좋고 또한 전투모드때 속도도 설정할 수 있어서 굿 입니다 영지도 제 마음대로 자유롭게 꾸밀수 있어서 좋아요 의상도 전부 마음에 듣니다 친구추가도 할 수 있고 친구의 영토에 갈수있어서 정말 좋아요 캐릭터와 연인이 될 수 있어서도 좋아요 추가로 카카오톡에서 받을 수 있는 이모티콘도 예뻐서 좋아요 이모티콘으로 친구들과도 소통도 해서 좋아요 저의 개인적인 생각이지만.. 캐릭터 하나 하나가 너무 예쁘게 나와서 좋네요 대신에 이벤트 같은것들도 계속 나오니 초보들도 부담없이 게임을 즐길 수 있는 그런 이벤트가 나왔으면 좋겠네요 제가 핸드폰을 바꾸면 다시 깔 게임 3위안에 들지 않을까는 생각이 드네요 초보들도 연습전투 말고 실제 전투 쉽게쉽게 깰 수 있으면 좋겠네요 누구나 홀랑 빠질 수 있게 더 좋은 서비스와 전투 캐릭터등등.. 나올 수 있기를 기도하겠습니다. 꽤나 긴글을 읽어주신 분들께 감사를 올리겠습니다,2,긍정
김시완,1,2023-05-14 04:52:24,뉴비들은 할 생각 1도 하지 마세요. 아키소울 사기op캐 아키 없으면 뒤쳐짐. 밸런스 망겜임.,0,부정
김명한 (킴쟈마),5,2023-05-13 19:11:32,괜찮네요,0,긍정
김주빈,5,2023-05-12 12:00:15,너무 갓겜입니다,0,긍정
정코코,5,2023-05-10 06:02:35,이건 갓겜임,0,긍정
ha lu,1,2023-05-10 01:08:02,무과금은 답이없는 게임 케릭 레전더리 딱 거기까지 이후는 건물과 캐릭 감상게임임,0,부정
중통위,5,2023-05-09 09:40:04,그래픽이 뛰어나고 스토리도 좋네여. 근래 해본 게임중 원탑입니다.,0,긍정
염소임6789,5,2023-05-09 08:22:06,이게임에 과금안하고 100레벨 가기 쉽습니다!! 높은별점 추가! 뽑기도 확률 높고♡ 강추!,0,긍정
Bal DDi,2,2023-05-08 14:07:41,기여운 정령을 뽑기위해 서장을 달리는중 에피소드 5에서 버그로 인해 블랙스크린 발생돼 진행이 안됩니다. 10.. 82 확인후 수정해주세요~,0,부정
Jeans Rew,2,2023-05-08 09:21:29,레벨120 이후는 다이아 💎 3000개가 있어야 레벨을 1 올릴 수 있어요.,0,부정
사랑을주기위해태어난사람,5,2023-05-07 12:23:52,할만함,0,긍정
이은희,1,2023-05-07 06:36:45,스토리 화면이 검게 변하고 스토리가나오지않아요 수정해주세요,0,부정
게임하는콩님,1,2023-05-06 08:55:30,카카오 연동계정으로 오픈 이후부터 쭉 게임하고 있는데 시도때도 없이 네트워크 오류(1040)이 반복적으로 뜹니다. 지웠다가 다시 깔아보고 폰 초기화도 해봤고 할 수 있는 건 다 해봤습니다. 폰 문제라기엔 S23기종으로 변경 후에도 똑같은 문제가 계속 발생중이라 해결방법이 없네요. 다른 게임은 다 잘 되거든요;;; 1040오류 해결 좀 해주세요.,12,부정
김학준,5,2023-05-06 08:24:01,다좋은대이모티콘줌무재한으로해주새요😢😢,0,긍정
신총명,5,2023-05-06 00:55:22,너무재미없었습니다,0,긍정
김은비,1,2023-05-05 22:56:41,"재밋는데,,튜토리얼의 스토리던전 서장5배신의마녀에서 비비안과의전투부터 화면이 까맣게되고 계속안넘어가져요 게임종료후 재시도해도 계속그러네요 조지부탁합니다",1,부정
김정대,1,2023-05-04 10:58:33,업데이트가 점점 퇴보함,0,부정
율리우스카이사르,5,2023-05-04 05:59:41,좋은 게임입니다.,0,긍정
이경민,5,2023-05-03 00:09:54,스토리도 탄탄하고 너무 재밌어요!! 사전 예약 바로 하고 그만큼 기대도 많이 했던 만큼 너무 너무 재미있게 플레이 하고 있는 게임이에요!! 서비스 종료하지 말고 항상 오래오래 갔으면 좋겠어요!!,0,긍정
연천화 (라이언녹스),1,2023-05-01 04:12:14,중소기업게임답게 완성도 안좋고 만들다말았으며 심지어 필수시스템 구축도 않함,0,부정
이세계천사주르르님,5,2023-04-30 23:57:52,재화 주는게 너무 적은거 같기도 하고..,0,긍정
강연호,5,2023-04-30 06:55:46,"많은 게임을 해보진 않았지만 에버소울 이전에 스도리카, 블루아카이브, 카운터사이드 등의 게임을 과금해가며 해보았습니다. 그런 게임과 비교해 에버소울은 제가 느끼기에는 캐릭터 뽑기나 육성 등이 한층 합리적인 구조로 짜여있어 과금 부담을 좀 덜어주는 것 같습니다. 전투 시 멋진 스킬 연출도 게임을 계속 붙잡게 해주는 매력 포인트 같구요 :) 롱런하는 게임이 되길 희망합니다.",42,긍정
여름비,2,2023-04-29 21:25:42,에버소울 스토리 보는데 렉이 걸림니다,0,부정
고기방폐,5,2023-04-29 09:57:55,굳,0,긍정
김나노,3,2023-04-29 06:51:36,신캐 뽑기 300회를 반필수로 해야하는 게임이기때문에 재화가 많이 부족한 게임이다. 서버가 나뉘어져있어 pvp에는 불평등이 없지만 길드레이드에는 서버통합이므로 뉴비가 상위권으로 진입할 방법은 없다. 전략적게임으로 캐릭마다 필요한 쓰임새가 있다. 개성이 있으며 게임제작에 많은 노력이 들어가 있는게 보인다. 소과금도 꾸준히만 한다면 상위권으로 올라간다. BM은 비싸다 효율이 좋지않다. 이벤트는 기존캐릭을 배포하고 장식과 코스튬을 주는 것이다. 픽업이 3주에 1회로 늘어남에따라 월정액유저라면 편안하게 게임할수있다. 신규)3분기 일본진출계획? 으로 업데이트주기가 늘어났다.또한 pvp서버통합계획으로 인하여 많은유저가 pvp차등보상재화를 간접적으로 적게받을예정이다.,6,중립
김병주,5,2023-04-29 04:54:18,그냥하는거,0,긍정
잋창림ᄆᄆᄆ,1,2023-04-29 04:07:32,메피 사랑해,3,부정
구독구독열매,5,2023-04-28 15:25:09,매피말고도 유리아도 전투캐릭터로 나오면 좋겠습니다.,0,긍정
김윤기,4,2023-04-27 20:55:30,잼있음,0,긍정
김진영,5,2023-04-27 10:02:23,캐릭터도 아기자기하고 스토리도 탄탄해서 좋아요,0,긍정
루하,5,2023-04-27 09:37:24,굿 게임,0,긍정
닥터진,5,2023-04-27 07:11:14,그래픽 최적화만 된다면 더 없이 좋을 것 같습니다 폰이 불타네요,0,긍정
에효,1,2023-04-27 03:04:22,복사답변으로만 대답하면 누가좋아하나요?버그가 어떻게 끊이질않는지,0,부정
마음으로사랑하는,5,2023-04-27 03:04:16,잘 되네요 230427 ... 사양을 중간으로 맞추고 하니 접속이 안되요 기본설정으로 플레이하면 잘 되는데 스맛폰이 보급형이라 하기 힘드네요,0,긍정
바보,1,2023-04-27 02:27:46,재미가 없음 케릭 스토리모음도 일부케릭만됨 그냥 재미가 없음,0,부정
MG S,1,2023-04-27 02:21:55,픽업 뽑기 픽뚫 오지고 겁나 안뽑힘 800뽑에 풀초월 못하는 게임은 이게임뿐 개빡침,0,부정
조정 선수남자김용학,5,2023-04-25 12:32:22,에버소울 업그레이드 새로운. 부탁드려요,0,긍정
홀롤룰,5,2023-04-25 00:03:30,재밋어요,0,긍정
Jung-Hyun Lee (Mabian),4,2023-04-24 20:45:33,잼있습니다. 전체적으로 괜찮다고 생각합니다.다만 아쉬운 부분은 친구리스트에서 활동 안하는 친구를 빼고 다른 사람 받지를 못하는 게 아쉽내요.,0,긍정
RK0088,5,2023-04-24 14:41:11,재밋어요 수집하는 재미굳,0,긍정
이동민,5,2023-04-23 14:53:30,재밋네요,0,긍정
Seyeon Joo,1,2023-04-23 12:11:11,이모티콘 얻으려고 드럽게 재미없는 게임까지했는데 이모티콘 얻는건 없네요^^제 아까운 시간만 날렸습니다 역대급으로 재미없는 게임입니다 망겜을 찾으시는 분에게 아주 추천드립니다.개발자가 씹오타쿠여서 그냥 여캐만 만든것같네요 기분 개잡치는 게임 추천!!!,1,부정
준희이,5,2023-04-23 08:49:01,굳굳,0,긍정
조성환,5,2023-04-22 16:10:56,정령 개인 스토리도 귀엽고 자원도 꽤 많이 줘서 무과금도 가볍게 할수있어요!,0,긍정
TH M,1,2023-04-22 15:28:19,4월23일 오후부터 접속이 안됩니다. 첫화면에서 계속 에러 뜨면서 접속이 안돼네요 이벤트도 못하고 일퀘도 하나도 못했는데 손해가 너무큽니다. 빠른처리부탁드립니다... 기종은 s23울트라입니다,0,부정
지나가는유령,4,2023-04-21 13:45:15,개인적으로는 마음에들지만 픽업뽑기 확율이 너무 슬프네요 100번 정도 뽑았는데 최고등급을 가지도 못하네요...,0,긍정
장형석,5,2023-04-20 21:09:37,할만해요,0,긍정
Jay Lee,1,2023-04-20 03:19:33,최적화 아예 안됨 폰 터질 정도로 뜨거움. 매력있는 캐릭터가 거의 없음. 컨텐츠 업데이트가 심각하게 없음. 특히 성우가 최악.. 국어책 읽는듯 억지로 일하는게 느껴질 정도로 음성이 별로라 그냥 사운드 끄고 게임해도 무방함. 하지만 무과금으로 하루 10분 정도 하기는 괜찮은 게임.,6,부정
pastel,4,2023-04-19 04:05:01,아직까진 할만한듯,0,긍정
투끄,1,2023-04-18 21:43:29,정령들간에 밸런스가 너무 안맞는게임 특정몇몇캐릭들만 캐리력이 지나치게 높음,0,부정
sk lee (신),5,2023-04-18 19:44:03,☆♡ 재밌게 하고 있네요 ~ 영원 화이팅... !!!,0,긍정
릴파팬,5,2023-04-18 06:29:10,갓겜,0,긍정
이충희,5,2023-04-18 05:17:57,지금까지 했던 모바일 게임 중에 제일 재미있게 플레이하고 있습니다. 좋은 게임 제작해주셔서 감사합니다.,0,긍정
서경목,5,2023-04-17 22:48:54,재밌음 근데 최적화좀....,0,긍정
소악마,3,2023-04-17 10:34:22,와..폰 열.. 엄청.앗 뜨거(?)..ㄷㄷ,0,중립
권도원,4,2023-04-17 10:20:03,이모티콘 준대서 깔았는데 할거없어서 하고있어요,0,긍정
냥큿,5,2023-04-17 07:51:04,무과금으로 랭커 찍는게 가능한 갓겜 ㅋㅅㅋ,0,긍정
엄종하,5,2023-04-17 05:36:58,일러스트가 취향이라면 갓겜일텐데,0,긍정
함재진,5,2023-04-17 00:55:22,재밋음,0,긍정
Xiah Ran,1,2023-04-17 00:43:07,"게임 오픈일부터 4월 첫주까지는 버그가 많지만 그럭저럭 재밌게 잘했다... 그런데 어떤 특정조건에서의 버그가 발생해서 게임내 특정콘텐츠에 입장만하면 게임이 강제종료되면서 팅기는 현상이 발생했다. 처음 버그 발생날 1:1문의에 제보를 했더니 게임내 버그를 인정 안하고 멀쩡한 남의 핸드폰을 문제삼더라... 카페 자게에 버그관련 글이 올라온게 없고해서 핸드폰 정리, 게임삭제후 재설치 등 다해봐도 똑같아서 PC버전 및 다른 폰에서 게임을 실행해봤는데도 똑같은 현상이 발생한다는건 게임내 버그가 확실한거고 지금 접근할수 없는 콘텐츠의 비중이 결코 작지 않아 게임내 재화 수급 및 친구 관계 유지 등 타격이 큰데... 개인의 버그라고 8일이 지나도록 방치하고 있다는거다. 헤비 유저도 아닌 일반 개인 유저라고 버그 및 클레임 대응에 이따위 개같은 운영질을 보여주고 있다... 지금까지 투자한 시간이랑 돈이 개아깝게 느껴진다. 절대로 비추다 이딴게임 하지마세요!!",18,부정
윤대한,5,2023-04-16 22:43:01,굿,0,긍정
이장민 (봉봉팩토리),4,2023-04-16 13:44:45,최근 다시 시작하며... /// 그래픽이나 스킬 이펙트 등 퀄리티가 매우 좋음.. 뽑기 확률도 나쁘지 않음.. 같은 캐릭을 다수 뽑아야 하므로.. 깊게 파고들어가면 힘듬.. 그래도 뭐 나쁘지 않게 즐길만 함.,0,긍정
김경환 (하늘천사),1,2023-04-16 10:17:22,소우소오,0,부정
나타샤.,5,2023-04-16 02:27:43,최고.,0,긍정
송영욱,5,2023-04-15 21:01:52,새벽의 감성을 가진 게임 정말 겜 시작했다가 새벽을 맞았다,0,긍정
오홍,5,2023-04-15 18:06:42,잼남,0,긍정
닥큐,3,2023-04-15 18:00:21,보상이 너무적음,0,중립
여우the폭스,5,2023-04-15 16:04:27,사장님이 달고 가챠가 친절해요,0,긍정
김광혁,3,2023-04-15 03:07:18,차원의 미궁 개노잼임 중간에 끊고 나갈 수 있게 만들어라,0,중립
이은광,2,2023-04-14 15:45:29,왜 플래이를누루면 들어가서 순탄하게 플래이가가돼야하는데 왜 그렇게 돼지않나요 왜지금안들어가지나요 바로 들어갈수있게해주세요,0,부정
조재영,5,2023-04-14 14:04:04,재밌네요,0,긍정
Soojong,5,2023-04-14 13:40:54,(이밴트!2023년 지금도 카톡에 하고있고 이밴트 참여 하면 이모티콘 증정!♥)강추! 저한테만 광고 없나요? ★★★★★★★★별1000000000개 줄꺼임!!!! 이 게임 재밌고 이밴트 있어요!!!!!!!!!!!!2023년지금 해요!!(4/14) 빨리 카톡 들어가서 이밴트 참여 해보세요! 안 나왔다구옷? 채팅 들어갔다 나오거나 그래도 안 나오면 님은 이밴트 끝난 거임 ㅠㅠ (글쓴이:권수연)(에버소울 팬♥ 권수연★),0,긍정
임정민,3,2023-04-14 13:29:21,플레이 할때 자꾸 버벅거려요. 이걸 좀 고치면 좋을 것 같아요.,0,중립
성기승,5,2023-04-13 15:25:12,꿀잼,0,긍정
Jj Ss,5,2023-04-13 12:11:22,Good,0,긍정
Moline r,1,2023-04-12 10:49:55,그냥 재미가없음,0,부정
쿠키,1,2023-04-12 10:08:29,기대하고 깔았는데... 접속오류.. 아무소리도 안들리고 검은화면만 계속 뜨네요...,0,부정
김준호,5,2023-04-12 08:02:49,굿,1,긍정
Blue Dragon,1,2023-04-12 05:05:46,문제점이 많다. 아직 준비가 안된 베타 게임이다. 유료 베타 게임을 돈주고 하는것 같다. 구글은 무슨생각으로 이런 버그가 많은 게임을 검수 통과했지?,1,부정
기현김,5,2023-04-11 23:48:54,굿,0,긍정
최요한,3,2023-04-11 21:53:38,재미아가 있,0,중립
Lua,1,2023-04-11 19:50:18,에휴,0,부정
주님,4,2023-04-11 12:40:12,ㆍ 앗,0,긍정
길현용,1,2023-04-11 06:35:29,게임 운영진 자체가 글러먹음 게임이 재미있더라도 망할수밖에없는 운영을 함,0,부정
로드워리어 (다글거),5,2023-04-11 03:42:45,재미있고 신기하네요,0,긍정
스칼렛로즈,2,2023-04-10 14:12:25,업데이트를 한후 렉이 심해서 게임을 종료 한후 다시 게임을 껴서요 하지만 업데이트를 다시 시작하더군요 이게 어떻게 된거죠? 왜 게임은 시행을 않하고 이미 업데이트를 했는데 또 업데이트를 하는건지 이해가 않되요ㅠㅠ 처음부터 다시 시작을 해나요...... 기대를 했는데요(그것도 많이 기대했는데........) 추천 않함ㅡㅡ 덤:결국엔 게임을 지웠네요~ 저장공간이 많은데 없다는 그런 XX은 게임은 처음보네요^^!,3,부정
오선미,5,2023-04-10 12:37:25,잼있어용,0,긍정
pun y,5,2023-04-10 08:59:28,굿,0,긍정
진두얼,5,2023-04-10 07:22:12,게임 자체가 재미있는데 성우분들의 연기력으로 더욱더 재밌는 게임을 하네여,0,긍정
개호,5,2023-04-09 08:11:27,재밌네용,0,긍정
ᄂ,5,2023-04-09 01:55:10,good,0,긍정
화령,5,2023-04-09 00:01:54,너무 재미있게 하고있어요,0,긍정
김가람,4,2023-04-08 19:04:47,good,0,긍정
시로7시로7,5,2023-04-08 18:10:06,재밌음,0,긍정
H C,5,2023-04-08 15:06:38,왜 내가 이겜을 이제했나....개인적인 캐릭터 디자인이...ㅎㅎㅎ,0,긍정
닭도리,5,2023-04-08 14:52:00,갓겜,0,긍정
yg k,5,2023-04-08 11:46:06,제발 좀 꼭 읽어주세요 아키고 나발이고 로젤리테좀 출시 해줘요!!!!발열이 매우 심합니다. 배터리가 빨리 닳고 수명이 적어져요..게임의 자유도가 높지 않은편입니다.그리고 제가 예전에 얘기했던 무제한 10연뽑기 왜 안만들어 주세요?? 쨌든 막 하다보면 재화가 좀 부족합니다. 새캐 뽑기나오면 어느정도는 주세요 ..골드말고 에버스톤 좀 많이 주세요..1000개정도는 줘도 안죽잖아요..,0,긍정
potion isRed,5,2023-04-08 11:07:16,"씹덕 스킨의 방치형 게임에서는 제일 취향에 맞음. 전선 미는건 압도적 무력으로 밀기보다는 될듯 말듯하게 몸비비다보면 밀리는게 재미있음. 이벤트들이 첫날은 나사가 좀 많이 빠져서 나와서 불편한 편인데 유저들이 이거 불편하다 저거 불편하다 건의하면 금방 수정해서 그나마 좀 할만하게 만들어줌. 좋게 말하면 소통을 잘해주고 노력한다 겠지만, 다르게 표현하면 한번에 편하게 나오지 테스트도 안해보고 내는건가 싶고 기획을 이따구로 하나싶기도함. 과금은 다른 방치형 게임만큼은 받으려고하는데, 아까 말했듯 이벤트 한번 할때마다 나사 빠진 꼬라지보면 돈 쓰고싶던 욕구가 싹 사라짐. 그렇게 월정패스만 구매하고 플레이 하다가 중간에 한번씩 예쁜 신케들 나오면 기존에 모델링 빻은 애들 보다가 모델링도 연출도 성능도 훌륭한 신케에 정신을 못차려서 돈을 쓰게 됨. 첫 출시때는 너무 다듬어지지 않아서 짜증나는 부분이 많았지만 지금은 유저의견을 받아들여서 나름 나아짐. 돈 내고하는 cbt같음.생각해보니 화나네?",2,긍정
bol hol,1,2023-04-08 04:45:09,검은화면.,0,부정
매지캐츠magicatz,1,2023-04-08 04:28:18,게임이 켜져야 뭘 하던 하지....,0,부정
조세현,5,2023-04-08 02:40:02,아직 해보는중 막힘이 초반이라 컨텐츠도 풍성 한것 같고 할만은 한스 소과금을 해볼지 고민중,0,긍정
함수현,1,2023-04-07 16:37:17,게임 다운로드가 되지않음,0,부정
혁창,5,2023-04-07 14:08:02,"게임스토리도 괜찮고 정령들을 모아서 성장시키는 재미와 정령마다 화려한 스킬들 지루하지않고, 나름 할만한 게임이라 생각됩니다.^^♡",1,긍정
최민정,1,2023-04-07 07:20:59,게임이 어제부터 안들어가지네요.. 오류발생2002가 뜨네요,0,부정
렌야,4,2023-04-07 03:55:21,새로나온 이벤트 스토리를 보라는데 아무리찾아봐도 스토리가 없음 그외엔 재밌게 플레이중,0,긍정
테이오,5,2023-04-06 15:28:19,점점 고쳐나가는게 괜찮음,0,긍정
준이,5,2023-04-06 15:25:41,재밋네요,1,긍정
박현우,1,2023-04-06 14:18:52,길드마스터제도 바뀐거 어이없네요. 군대라서 1일 미접속했는데 그대로 길마넘어가버렸습니다.다른 겜은 그래도최소15일~30일은주던데 여긴 가차없네요~,0,부정
이동규,4,2023-04-06 13:48:10,영지를 꾸밀 때 설치 가능한 건물 1000개에 타일이 포함되서 타일을 사도 꾸밀 수 없는 제한이 있습니다. 타일처럼 영지 경험치를 주지 않는 구조물에 배치 제한을 없애주셨으면 합니다. 게임 재밌게 하고 있습니다. 신경써주시는 운영진께 감사합니다.,0,긍정
LKBK,5,2023-04-06 13:31:46,무과금도 할만함 솔직히 원신이나 기타 게임보다 과금유도는 없음,0,긍정
Account,1,2023-04-06 02:17:53,최적화 개에반데 이걸 하라고 만든거?,0,부정
seol2 Ji,4,2023-04-05 22:44:35,긋드,0,긍정
김민수,5,2023-04-05 13:32:48,"일러스트 깔끔, 정령 조합과 배치에 따른 전략 수립 필요. 다양한 캐릭터, 재미있는 게임이나 방치형 특성상 무소과금은 공을 들여야 강해질 수 있으니 여유있게 플레이 하시면 될 듯함",0,긍정
최민식,5,2023-04-04 15:03:34,갓겜.,1,긍정
0729 09,4,2023-04-04 14:09:54,더 해봐야 재미를 느낄거같아요,0,긍정
김은성,5,2023-04-04 09:38:06,답변주셔서 감사합니다 덕분에 알게대었요 감사합니다 언제나 에버소울 응원합니다!솔직히말해서 너무재밌있습니다!!ㅎ에버소울파이팅!,1,긍정
한병헌,5,2023-04-04 08:10:58,결제오류로 리뷰답변왔다고하는데 떠있질않은데요?,0,긍정
마페링,1,2023-04-04 07:12:43,프로의식 전혀 없는듯한 성우들 국어책읽는 발연기에 덤으로 씹덕을 이해못한 사람이 억지 씹덕텐션으로 만든듯한 거부감 심한 씹덕겜,4,부정
김선재,5,2023-04-03 08:07:53,"전투, 게이트같은거 하다보면 재화들이 금방 쌓이고 예장(장비)도 많이 줍니다 영지는 매일 할게많아서 좋고요 이벤트도 많고 정령들끼리 문자 보내는게 신기하고 재밌네요 상점에 좋은것들 많고, 스토리도 괜찮음 다른 게임은 렉이 많이 걸리는데 이 게임은 그렇지 않네요 시간 때우는데 좋음",4,긍정
김민제,1,2023-04-03 00:09:08,확률조작 ㅆ레기 5덕 게임,0,부정
각박해,1,2023-04-02 16:44:19,이거 뭐 초기화 한번했나요?접기전 내계정 으디갔지?,0,부정
sharplll k,5,2023-04-02 14:58:44,미래가 애매하긴한데 그래도 열심히해볼게요 이왕시작한거 유종의미를 거둬봅시다,1,긍정
진성윤,5,2023-04-01 04:28:49,너무 재밌어요 ㅋㅋㅋㅋ,0,긍정
이건호,5,2023-03-31 15:52:32,캐릭들이 개성이 있고 소환도 좋은 캐릭들이 현질 없이도 충분히 획득 가능 합니다.,0,긍정
ᄆᄂ,5,2023-03-31 13:37:23,지호가 있네요,0,긍정
이기호,5,2023-03-31 04:11:08,생각보다 오래하게됨 신경쓰임,0,긍정
민정,3,2023-03-30 22:37:16,"영지에서 일하고 있는 정령 불러내기 할 때 위치만 표시되고 표시된 위치로 가도 아무 상호작용을 할 수가 없네요, 오랫동안 했던 게임인지라 실망이 크네요 다음에 업데이트할 때 수정해 주세요 장점은 캐릭터가 외형이 이쁘고 개성 있고 전투랑 미연시합친것 같은데 캐릭터는 미연시고 컨텐츠는 전투 방치쪽에 가까운 게임 단점은 그래도 정령이랑 나들이 갈 때 호감도 좀 조정해 주세요, 게임 내에서 버그나 오류 등을 제기할수 없다 플레이어 에 입장으로 게임이 맞춰가는게 당연한거 아닌가요? 게임에서 원하는걸 달성하면 떠나는건 플레이어 니깐 보상을 적게주셔도 할말은 없지만 그래도 보상을 적게 주실거면 난이도라도 하향 해주세요 원하는 정령도 잘 안나오는데",2,중립
김이도,5,2023-03-30 13:19:58,캐릭터 즉 정령들의 스킬 이펙트들이 화려하고 이쁩니다 그리고 각 정령들 모으는 재미도있고 정령들 성우들도 아주 잘 뽑힌 것 같아서 아주 좋고 정령과 성우의 보이스가 아주 엄청 잘어울리고 정령들도 정령들 만에 개성과 다양한 이쁜 정령들이 있어서 정령 뽑을떼마다 새로워서 재미있습니다.,3,긍정
H km,5,2023-03-30 12:49:43,더줘!!!!,0,긍정
Google 사용자,5,2023-03-30 09:50:17,개인적으로는 출시때부터 재밌게 했는데 부족한부분이나 안좋은부분은 고쳐나가면서 점점 더 재밌어지는듯,0,긍정
비스,5,2023-03-30 08:52:32,케릭이 이뻐요!!,0,긍정
김동현,5,2023-03-30 00:41:35,업뎃 이전엔 나름 렉 안걸리고 재밌었는데 어제 업뎃 후에 렉이 플레이를 못할정도로 심해짐.. 인연스토리 보상받다가 튕기고 소환하다가 튕기고... 무엇보다도 핸드폰 발열이 너무 심함. 이거만 고치면 5개 충분히 가능하다고 생각이 됨,1,긍정
Gyg,5,2023-03-29 10:19:27,오 스토리 풍부하고 개꿀잼,0,긍정
전영준,1,2023-03-29 03:57:48,별로임...,0,부정
최진욱,5,2023-03-29 02:35:07,재밌다!,0,긍정
설세민,2,2023-03-29 01:00:13,아레나 매칭시스템좀 개선 해라 전투력 낮은데 높은 놈들만 뜨고 옆동네 니케처럼 매칭대기시간이 쿨이 없는것도 아니고 5초마다 눌러야하고,0,부정
Rjx Wwh,5,2023-03-28 15:57:16,다 좋습니당 근데 굳이 아쉽게느껴지는건 스톤 수급이 잘 안되는거 같네용,0,긍정
정웅재,5,2023-03-28 11:50:45,good,0,긍정
배상현,5,2023-03-27 17:02:29,"좀 더 다양한 괴수들도 나왔으면 좋겠어요. 워크래프트 1에 나온 오우거와 워크래프트 2에 나오는 마법에 면역된 드래곤, 워크래프트 3 리포지드에 나왔던 번개 도마뱀과 천둥 도마뱀, 폭풍 도마뱀, 계절풍 도마뱀, 새끼 불도롱뇽, 불도롱뇽, 불도롱뇽 고관, 불도롱뇽 군주, 마법에 면역된 그린 드래곤과, 브론즈 드래곤, 블루 드래곤, 블랙 드래곤, 네더 드래곤, 씨 터틀 해츨링과 씨 터틀, 자이언트 씨 터틀, 아라크나티드 어쓰보러, 워리어 아라크나티드, 펠 하운드, 펠 스토커, 나이트메어 크리쳐스의 붉은 괴수 헬 하운드, 리니지 게임에 나오는 다리 여섯 달린 도마뱀 괴수 바실리스크와 악어 닮은 괴수 엘리게이터, 크로코다일, 공룡 시대에 살던 공룡과 수장룡, 장경룡, 익룡, 티라노사우루스 닮은 괴수 파이로 렉스, 임페리얼 사가의 괴수들, 추억의 만화 마법기사 레이어스 4, 11화에 나왔던 괴수들이 아닌 농기구와 무기를 들고 나왔던 성난 마을 백성들도 추가될 수 있도록 업데이트 시켜주세요.",0,긍정
이찬식,5,2023-03-27 09:34:10,생각보다 꽤 재밌습니다^ ^ 이것저것 할것도굉장히많구요 앞으로도 더욱 좋은 정령들과 재밌는 컨텐츠 많이 업데이트 부탁드립니다,0,긍정
김경남,5,2023-03-26 21:55:15,좋네요,0,긍정
백백호,5,2023-03-26 11:46:06,말하는거 너무 많아서 답답해요 스토리좀 간단 명료하게... 지겨워서 접을뻔...,0,긍정
이석준,5,2023-03-26 05:19:43,재미있습니다,0,긍정
RAY,5,2023-03-26 00:09:14,👍굿👍,0,긍정
아크로,5,2023-03-25 23:42:04,재밌네용,0,긍정
Ryla D. Lilah,1,2023-03-25 07:02:41,몇달째 커넥팅문제 해결 안하고 해결할 의지도 안 보여서 삭제하고 접음.,0,부정
JS KIM,5,2023-03-25 06:27:07,구성이 깔끔하고 딱히 거슬릴게 없음 굿굿,0,긍정
소피아,1,2023-03-24 13:58:16,안녕하세요 에버소울을 하고 싶은 사람입니다 기기 a23핸드폰만 안돼서 이렇게 문의 드립니다 a23핸드폰에도 되게 업그레이드 해주세요,0,부정
Jihun Kim (G-Spring),5,2023-03-24 08:50:16,😉,0,긍정
Wongmo ahn,4,2023-03-23 11:30:20,소통 좀..,0,긍정
제타바이스(ZETABICE),5,2023-03-22 14:15:03,"안녕하세요, 에버소울을 재미있게 플레이하는 유저입니다. 진짜 재미있고 좋습니다! 강추에요! 정령 뽑 확률도 좋아서 뽑는 맛도 있습니다. 보석은 초기에 엄청 많이 얻을수 있어요!",0,긍정
박성환,1,2023-03-22 09:15:05,스토리만 스킵하다가 끝남. 시작하먄 30분 내내 시키는 버튼 누르고 스토리 스킵하고. 지쳐서 지웁니다 구린게임.. 빼다박은 신선함 0 게임시스템인데 뭘 그렇게 튜토리얼을 하나 하나 쓰잘데없이 자세히 하는지,1,부정
정주더,5,2023-03-22 02:58:18,👌👌👌🤙🤙,0,긍정
정상신,5,2023-03-21 00:12:29,그냥 그dy,0,긍정
박종진,5,2023-03-20 20:40:03,재밌고 발전하는게 느껴지는 게임임,0,긍정
08 GTK,1,2023-03-20 16:23:11,십알 로딩 죠낸 길어 모든 설정 최하로 둬도 하루죙일 점심먹고 한숨 푹 잠 때려도 되시것어요 이러니 유저 다 떠나지 친추한 사람들 집나간지 오래...ㅗ 잡솨,0,부정
김성철,5,2023-03-20 15:02:10,재밌다,0,긍정
박욱,4,2023-03-20 14:46:05,좋아요,0,긍정
노랑토끼,5,2023-03-20 03:35:47,재미,0,긍정
진,5,2023-03-19 12:41:04,직딩이 하기에 딱 좋은듯,0,긍정
이훈희,5,2023-03-19 11:15:09,처음이라 적응하기 힘들었지만 나름 재미있어요,0,긍정
최성민 (ᄋᄋ),1,2023-03-19 01:06:57,게임이 않되는데?!,0,부정
ero Z,5,2023-03-19 00:07:19,재밌게 하고있습니다,0,긍정
재혁이,1,2023-03-18 17:50:35,핸드폰으로 들어갈때 검정화면만 나오고 들어가지질 않음,0,부정
이순임,5,2023-03-18 16:42:00,소화케릭이 너무예뻐요재밌어요,1,긍정
헤라튜브,5,2023-03-18 09:02:06,오래 가줘요 개재밌으니까!! 근데 원하는건 두가지 첫번째는 모델링 개선! 코스튬과 얼굴 개선 부탁드려요 두번째는 인연 추가 전캐릭 추가 부탁 드려요 이상 갓겜!!,0,긍정
Rimmon (rimmon),5,2023-03-17 23:51:09,평범한 모바일 수집형 rpg게임에 있을건 대부분 넣은 무난한 게임,0,긍정
Scream Duck,4,2023-03-17 18:58:21,소과금으로도 충분히 즐겨요,1,긍정
박중건,4,2023-03-17 17:32:43,결재오류가 있어서 성장패키지를 사용 못하고있어요 첫결재 상품도 못받고있고 나머지는 게임은 재밌어요 빨릐 조치해주시면 좋을꺼같아요,0,긍정
공대근 (츄르츄르릅),4,2023-03-17 10:58:06,이번 미니게임 뭣같이 설계해서 개빡치네 열심히 때리다가 재시작을 몇번을 누른건지 먼 타격위치랑 재시작위치를 같이 만들어서는 개답답하네,0,긍정
꼬북이,4,2023-03-17 09:51:32,낟밷~,0,긍정
Kukheun Choi,3,2023-03-17 09:41:23,오픈하고 지금까지 했는데.오늘 삭제함...로딩도 많고 길고... 할게 점점 늘어나고... 편해지는게 없고 점점 힘들어짐 넘러갈 때마다 로딩 지옥임...게임은 할만 합니다.,0,중립
이미영,5,2023-03-17 06:10:45,제발 오래만 가면 좋겠어요!!! 갓겜이라고..갓겜!!!!,0,긍정
Ho-Young Joung,5,2023-03-17 05:28:50,캐릭들도 다양하고 컨텐츠도 다양해서 재미 있네요 ㅎ,0,긍정
우현곤,4,2023-03-17 00:50:20,가챠겜이긴 한데 이리저리 많이 줘서 소과금도 할만하네요,0,긍정
서세원,5,2023-03-17 00:22:20,결제 오류 해결좀요 ㅡㅡ,0,긍정
전국민배찌,5,2023-03-17 00:21:03,넘재밋어요,0,긍정
마타마케타녜,4,2023-03-16 23:28:28,어제부터 접속하려고하면 그냥 바로 팅겨지네요...,0,긍정
최민수,1,2023-03-16 14:53:03,확률조작한거 아님? 아키뽑하는데 어떻게 250뽑하는데 한장만 나올수가있지?,0,부정
함형무,5,2023-03-16 12:20:58,아주 좋아,0,긍정
이정민,4,2023-03-16 07:34:15,ui가 깜빡 거리는거빼면100점이ㅛ,0,긍정
UPnD,2,2023-03-16 05:06:44,"방치형 게임이면서 쓸데없는 부분들에서 굳이 손타게 만든게임. 재미도 없고 귀찮기만 하다. 본인들 게임이 분재게임이라는 자각을 했으면 좋겠다. 캐릭성, 수집형 요소, 그래픽 다 좋은데 위 사항이 아쉬운 부분",1,부정
임현석,5,2023-03-15 14:51:46,굿,0,긍정
강현석,5,2023-03-15 12:12:28,이걸 왜 이제야 했을까..,0,긍정
코코,1,2023-03-14 20:51:05,미궁 스킵좀 돌려달라고! 아니면 머 새로운거라도 만들어내던가 계속같은 던전인데 스킵도 못하게하면 시간도아깝고 지루하고 뭐하자는거야;; 보상도 그지같고,1,부정
안소백,2,2023-03-14 14:21:00,방치형 게임인줄 알았는데 일단 할게 너무 많고 신경 쓸 것도 너무 많음. 간단히 하기에는 꽤나 귀찮은 게임.,0,부정
마리,5,2023-03-14 13:34:48,갓겜인정,0,긍정
_childbird W,1,2023-03-14 12:36:50,서브컬쳐로써 작동하나?(×) 큰 버그가 없는가?(×) 그 버그가 생긴지 얼마 안됐나?(×) 밸런스가 얼추 맞는가?(🔺️) 게임이 정상적으로 돌아갈수 있는가?(×) 이걸 게임이라고 할수 있는가?(×) 꼬운가(○),2,부정
MW K,5,2023-03-14 10:39:03,생각보다 할만한게임 입니다 여러분들이 무과금 혹은 소과금으로 플레이 해도 생각보다 가능한 게임입니다 컨텐츠도 초반인데 불구하고 풍부한 편이구요 진짜 여러모로 맘에들지만 이게임 생각보다 고사양입니다 노트10쓰는데 구동해도 렉이 매우 심하네요 열은 말할것도 없구요 3d고 퀄도 최상은 아니라도 훌륭합니다 캐릭과의 스토리 충분히 재미있고 코스튬도 계속나오는걸보면 좋지만...폰에서 안돌아간다... 컴퓨터 1060기준 블루스택으로 안돌아갈때가 많습니다 자주 튕기구요 그치만 제 장비들 수준이 좀 낮은건 사실이라 조용히 별5개 넣겠습니다 게임 재밌어요,1,긍정
김김창환,5,2023-03-13 21:19:03,굿,0,긍정
參 郞,2,2023-03-13 03:57:15,dont start this money game,0,부정
기백,1,2023-03-12 16:06:21,갓겜이라고 초반에 찬양좀 했는데 카카오는 역시 카카오다 생각없이 겜만 양산하고 테스트없이 컨텐츠 막 내놓은다. 초반 반짝 유저 위한척 개선되는 척..척..척.. 눈비들은 하지마세요.. 말딸에 이어서 2연타 맞은게 아프다ㅜㅜ,1,부정
이태경,3,2023-03-12 13:55:12,영지 시스템 이용할때 휴식 넣는 부분에서 설명이 계속 안사라지네요 때문에 영지 들어갔다가 아르바이트 설정하고 나오는데 게임을 껏다 켜야됩니다,1,중립
어디사는 누구,2,2023-03-12 12:41:54,아니 업데이트 하고나니까 렉이 더 심해졌습니다 소환실 노래 버그는 그대로고 고쳐아 할게 많은 무너진 게임이지만 좋은 게임,1,부정
김한결,1,2023-03-12 12:28:57,할꺼 킹 많은 방치형,0,부정
자이라,1,2023-03-12 10:46:25,업데이트하면서 계정이 날아갔어요....ㅜ 게스트계정 연동 안한건 제 잘못이지만 갑자기 기습업뎃한다고 계정 날아간건 진짜 넘나 어이가 없....ㅜㅜ,1,부정
칸후니,5,2023-03-12 06:34:41,굿게임,0,긍정
Min,2,2023-03-12 05:27:32,단점 말씀드립니다. (1.) 초반 스테이지에는 게이트에서 나온 괴물들과 싸우는데 중반 스테이지부터 플레이어가 뽑을 수 있는 정령들이랑 싸우게 됨. 이미 본인이 보유하고 있는 정령들이기 때문에 스킬 특성 다 알고 있는 진부한 적이랑 싸우게 됨. (2.) 스테이지 클리어하면서 스토리가 진행되는 게 아니라 레벨수치 높아지는 정령들만 나옴. (3.) 정령을 승급시킬 카드는 뽑기로 다 모았는데 레벨을 높일 수 있는 육성재화는 심할 정도로 부족함. 적들 레벨은 스테이지당 2씩 높아지는데 플레이어는 5캐릭 2씩 높이려면 2일치 재화 필요. (4.) 스테이지 컨텐츠 다 밀면 엔드컨텐츠가 사실상 레이드 보스 체력깎기 정도임. (5.) 점점 성장시키고 아이템 강화시켜서 색다른 전투방식으로 새로운 적과 배틀하는 게 아니라 동일스킬로 지금까지의 똑같은 적과 싸우게 됨. 성장의 묘미가 없음.,3,부정
이상진,1,2023-03-11 23:06:41,추천안함,0,부정
어나에덴,4,2023-03-11 17:57:48,특별히 재미있다거나 하지는 않음 그냥 무난하게 할만함,0,긍정
빛나는꽃,5,2023-03-11 16:15:08,실감나는 애니메이션,0,긍정
이종환,4,2023-03-11 15:13:49,게임을 더하고 싶은데 저장공간이 부족해서 삭제를 해야 하네요 폰을 좋은걸로 바꿔야지 원,0,긍정
えレえレえレ,1,2023-03-11 14:23:12,다운받는다-> 검은화면에서 안넘어간다-> 지운다->무한반복한다. 장난하냐? 튕기는거는 화면이라도 보여주지 이거는 검은화면만 보여주고 뭐하자는거임?,1,부정
레이븐,3,2023-03-11 13:56:29,영지 컨텐츠는 누가 생각한지 모를 정도로 별로(특히 원정 시스템)고 메인을 비롯한 캐릭터 스토리도 별로지만 아무 생각 없이 캐릭터 성장 시키는 것과 뽑기 재화를 넉넉하게 줘서 캐릭터 뽑는 재미는 있습니다. 그냥 메인으로 하는 게임 이외에 간단하게 돌릴 만한 게임 정도로 하면 될 것같습니다. 그런 게임치고는 나름 할 만한 게임입니다.,9,중립
* 쏴 (‪카페라떼‬),4,2023-03-11 12:17:51,길레 한 5단계까지만 테스트해보고 출시한건가? 현재 111렙인데 40단계부터 5인간에 인간타입 공격력 30퍼 보물 끼고 해도 1트에 안된다. 65렙은 40단계 도전하니까 아예 0.3~6퍼밖에 못깎고 70~90대 길원들도 보스 40렙 넘으니까 손을 못댄다 평균 유저 레벨 100~120대인 길드는 50~60렙 보스도 잡지만 그렇지 않은 길드는 아무것도 하지 말라는 건지.. 일주일동안 하는건데 100렙 이상은 5~7일 동안 꾸준히 하면서 길드에 기여할 수 있어도 그 이하는 3일차되면 보스 쓰러뜨리기 버거워하고 남은기간동안엔 손가락만 빨고 있어야 한다. 그리고 보스 체력 깎이는 거 클로이처럼 릴레이 식으로 만들었으면 좋겠다 체력 7~8퍼 남으면 처리하기 애매하다. 이번 영지 게임 이벤트도 수정할 점이 많다 플레이 횟수를 하루 1회로 정한건 좋았지만 사람마다 차이가 너무 심하게 나고 너무 수동적이다. 그리고 다시하기 없는 탓에 패치 전 손해본 사람들 많을텐데 그거 보상도 줬음 좋겠다.,6,긍정
Byun Jun,2,2023-03-11 09:11:25,"영지 정령 휴식 메뉴에서 한명 휴식 시켜도 다른 정령도 계속 휴식시키라고 튜토리얼 메세지 현출 되면서 게임이 멈춰버리는데 수정 좀 해주세요. 모든 정령 휴식 끝날 때까지 알바도 못보내고, 친구 영지 방문도 안되고, 재접속 해야합니다. 영지 렙업이 안되서 칸수는 못늘리는데 어쩌라는 겁니까... 게임 재밌게 하다가도 이런 잡스런 버그에 한숨나옵니다.",0,부정
세녘,5,2023-03-11 09:08:37,재 밌 다!,0,긍정
Sangyoon Lee,3,2023-03-11 09:05:21,"초반엔 재밌음, 하지만 후반에는 재미없음",0,중립
명컨,5,2023-03-11 08:45:57,탈리아 귀여워요,0,긍정
김병준,5,2023-03-11 06:04:26,안녕하세요 에버소울 출시돼자 마자 꾸준히 해온 유저입니다 다 재밌습니다 근데 제 핸드폰엔 렉이 많이 걸리더라고요 이것만 빼면 재밌는겜 같습니다!,0,긍정
DS Kim,5,2023-03-11 05:40:53,초반 아직 할만하네요. 전투 한판한판이 너무 긴것 같아요,0,긍정
이미경,3,2023-03-11 05:27:45,정령합성시 유물반환안댐,0,중립
E-REA,4,2023-03-11 05:11:55,다른 수집형 RPG보다 밝은 느낌과 전투중 일때 적당한 거리감을 주어서 눈을 편안하게 해주는 것 같고 상위 캐릭터들이 비교적 잘 나와서 좋아요. 그리고 재클린이란 캐릭터가 콕 집어서 좋은대 그 이유는 스팀펑크를 기초로 해서 로봇을 만든 것 같은 대 그냥 멋집니다. 그리고 혹시나 해서 그런대 혹시 재클린의 기술을 그 건 버스터의 기술에서 따온 건가요?,10,긍정
박무영,5,2023-03-11 04:34:47,잼나요,0,긍정
서혜란,5,2023-03-11 04:24:52,전투는 재미없지만 수집형의 요소는 모두갖추고있다. 캐릭마다 호감도가있고 스토리를 볼수있는게 특히 좋다. 전투는 대부분 스킵하거나 켜논상태로 멍때리므로 방치형쪽을 좋아하지않으면 호불호가있을수있다. 캐릭터의 일러는 예쁜편이나 모델링은 가끔 좀 이상해보일때가있다 .. 뭔 업데이트만하면 점검에 업데이트를 온종일 때려서 업뎃할때마다 불안하다 .. 하지만.. 캐릭터가귀엽다.. 최애캐 한두명때문에 못접게된다. 밸런스는 솔직히 아직 상황에맞는 팀매칭을 하기시작한지얼마안돼서 잘모르겠다. 애정으로하는 분재게임,55,긍정
리해비,5,2023-03-11 02:15:48,쿨잼,0,긍정
IN,1,2023-03-10 17:10:47,휴식이 필요한 정령이 있습니다. 안내말뜨고 먹통되는 버그좀고쳐라. 엉뚱한 얘 휴식넣어버리는 것밖에 안되고 겜이 암것도 할수없다.,1,부정
js k,4,2023-03-10 07:52:09,일단 전체적으론 마음에 듭니다. 근데 컨텐츠 부족인건 사실이에요. 뭔가 금방 할게 떨어져서 켜놓고 멍때리는 시간이 좀 많아요... 주구장창 과금때려서 뽑기만할수도 없고.. 뭔가 붙잡고 할만한 컨텐츠가 있었으면 좋겠습니다. 그 외엔 재밌게 잘하구 있어요,0,긍정
팽도리,1,2023-03-09 23:26:57,튜토리얼 무한로딩에서 팅겨서 재접속 했는데 스토리 강제로 밀어야해서 아무 조치도 안됨 서장 스토리 클리어 했는데 다시 깨라고 함 왜 튜토리얼을 강요하는거지?,0,부정
마자용?,2,2023-03-09 23:25:57,"정령휴식 튜토리얼 팝업이 제거가 안되네요 뭔짓을해도 ""빈슬롯이 없습니다 영지 레벨업을 통해 슬롯을 확장할 수 있습니다"" 문구뜨면서 휴식란에 정령이 꽉차면 아무것도 못하고 게임꺼야됩니다. 영지레벨업해서 슬롯확장하고 정령을넣어도 저 튜토리얼 팝업이 안사라집니다. 그럼 게임 껏다 다시켜야되고요 버그인거같은데 확인해주세요.",6,부정
A Funky,5,2023-03-09 16:09:45,신규 컨텐츠가 지속적으로 업데이트중.. 즐길 수 있는 부분이 많아짐. 불편하다고 유저가 말하는 부분 바로바로 개선됨 그래픽이 좋고 아기자기함 ..,18,긍정
김효상,5,2023-03-09 13:07:55,아돈띵댓아랔헐애니모어커주럴,0,긍정
이주상,4,2023-03-09 08:22:06,영지에서 진행안되는게 있음. 확인요,0,긍정
dydgh98765박용호,5,2023-03-09 06:06:46,개발자님 잼나내요,0,긍정
ᄂᄃᄌ (ᄌᄂᄃ),5,2023-03-09 05:08:31,말이 필요없는 갓겜!!,0,긍정
mu s,4,2023-03-09 04:38:13,나들이 횟수가 더 많았으면 좋겠습니다,0,긍정
김동우,5,2023-03-09 02:00:48,재밌음,0,긍정
한민재,5,2023-03-09 01:24:12,"오픈유저입니다. 적당히 하루 30분정도 시간 죽이기에는 좋습니다. 매일 조금씩 성장하는 맛도 있고 재화 벨런스도 괜찮습니다. 서브컬쳐 게임으로 보기에는 결함이 매우 많지만 그냥 캐릭에 정 안붙이고 방치형으로 하기에는 그럭저럭 괜찮습니다. 전투는 상당히 할만하지만 영지, 인연 등등은 하자가 많습니다. 그래도 그냥 '방치형 캐릭터 수집 게임' 이라고 생각하면 매우 좋은 게임이기에 5점 드립니다",45,긍정
Jooin Park,2,2023-03-08 06:14:21,초반에만 반짝한 게임,0,부정
ɢʟᴇɴɴ ʟᴇᴇ,3,2023-03-07 02:18:37,다 좋은데 개인적으로 색감이 넘 지저분해ㅜㅜ,1,중립
박진범,5,2023-03-06 10:18:21,월정액만 넣고 즐기는 중 입니다. 현재까지 재밋게 즐기는 중 입니다.,0,긍정
smith ad (우르오스),5,2023-03-06 10:05:24,굿임다,0,긍정
이병성,5,2023-03-06 02:27:32,잼,0,긍정
이광훈,5,2023-03-05 18:33:45,굿,0,긍정
혁끼꾸,5,2023-03-05 13:37:42,졸잼!!,0,긍정
강지호,5,2023-03-05 13:17:41,스토리가 다양하다보니 재미나게 할수있음,0,긍정
hs “롤링스톤” ha,5,2023-03-05 11:09:11,넘 재밌게 놀고 있어요,0,긍정
윤향수,5,2023-03-05 07:43:10,잼있으용 잘하고있으요,0,긍정
지민준,5,2023-03-05 06:51:01,제발 이모티콘좀 다시 내주세요 ㅠㅠ 극혐티콘이 그리워요,0,긍정
Jenkles Lewis,1,2023-03-05 05:03:57,"예전 나온 게임들이 더 캐릭터성이 좋고 편의성도 좋고 더 나은점이 널리고 널렸는데. 에버소울은 프로젝트 매니저부터 개발자, 기획자들은 답습도 안하고 배울 생각도 안하고 벤치마킹도 안하나요? 벌써 유저 수 쭉쭉 나가떨어져가는데 언제 발전된 모습 보여주나요.",1,부정
Yuky Kim,5,2023-03-05 01:49:58,잼있어요,0,긍정
시작,5,2023-03-05 00:09:06,재미있는 이야기 즐거운 시간,0,긍정
어머뿔자,5,2023-03-04 22:09:35,추천합니다.,0,긍정
훈이,5,2023-03-04 15:38:49,"에버소울 출시하자마자 꾸준히 플레이 하고 있는 유저입니다~😆 이 게임을 지금까지 재미있게 할수 있는 이유중 가장 큰 이유는 딱딱하지 않은 전투방식 입니다. 턴 방식이 아닌 각각의 정령들이 자유롭게 움직이면서 수많은 변수가 작용되고 각 개성있는 정령들을 조합하여 전선 or 게이트의 스테이지를 하나씩 쳐부수고 나가는 그 재미와 희열에 너무 만족하고 있어요!! 그리고 게임의 퀄리티, 스토리, 운영진이 진짜 많이 노력하고 있다는게 느껴져서 좋습니다~ㅎ 왜 이게임이 더 빨리 안나왔는지...ㅠ 앞으로도!! 하루도 안빠지고 즐길테니 컨텐츠좀 많이 만들어 주세요~🙏",17,긍정
노트,5,2023-03-04 14:20:21,발열이 좀 있는 거 빼고는 좋아요. 재밌어요!,0,긍정
min's lab,1,2023-03-04 12:38:24,버그가있음 나머지는 꽤괜찮은데 가끔 스토리진행할때 화면이 안나옴 / 리뷰답글 개웃기네 기기 사양같은소리하시네 작년 5월에 그당시 최신기종으로 폰바꿨어요 이사람아 그냥 죄송하다 매크로 답변했으면 3점이라도 받아가지 사양타령해서 1점으로 수정함,0,부정
좋나?날씨,5,2023-03-04 12:38:08,겜 하기도 쉽고 캐릭들도 다 귀염귀염 해서 좋아요,0,긍정
jaeseon bin,1,2023-03-04 11:38:58,설치하고 실행하자마자 블랙스크린.. 날아오는 답변이 니 폰기종 사양 확인하라고? 장난치냐 뭐가 그렇게 대단한게임이라고;; 이것보다 더 사양좋고 그래픽좋은겜도 돌아가는데 그냥 귀찮아서 최신기종 사양에만 초점을 맞춘거아님? 무슨 니 폰없찐도 아니고 니 최신폰없찐 임?,0,부정
정태수,3,2023-03-04 10:31:04,다른건 다 좋고 재미있거 한데 육성이랑 예장강화할때 골드와 육성재료가 너무 많이 들고 모으기도 힘들어요 소탕이나 다른 추가적인 시스템을 도입해주셨으면 합니다,0,중립
MS “Accelerando Crescendo” KWON,5,2023-03-04 04:35:11,원래 스토리 잘 안 보는 편인데 재밌게 하고 있어요!,0,긍정
임성빈,5,2023-03-04 04:23:42,겁나게 재밌어요!!!!!!!,0,긍정
jihun lee,3,2023-03-04 04:05:31,전형적인 던전 턴제 양상게임. 재미를 찾을수가 없다.,0,중립
김정현,5,2023-03-04 03:47:29,굿굿,0,긍정
강빙구,1,2023-03-03 16:20:24,스테이지 시작시 로딩시간 극혐 조금만 짧아도 할만하겟는데.이건뭐 기다리는시간이 더ㅜ많은것같은,0,부정
붕어,5,2023-03-03 12:47:13,재밌어요,0,긍정
소이구아노돈,1,2023-03-03 08:46:00,"캐릭파는 게임인데 선물 잘못주거나 선택지 선택 잘못 선택해서 호감도 내려가는건 봤어도 아무것도 안했다고 호감도 내려가는건 진짜 처음본다. 호감도, 영지시스템 등등 방치형 서브컬쳐라고 해놓고 불편하고 시간걸리는게 한두개가 아님. 다른건 모르겠고 영지 구조물 배치하는거 빨리 개선하고 호감도 쓸데없이 떨구는거 삭제야됨. 진짜 불쾌한 경험임.",4,부정
정현호,1,2023-03-03 04:00:29,밸런스좀 쳐 수정하고 현질 유도해라 머저리들아 전투력 16만 짜리가 12만짜리 전투력 가진 애들 이기지도 못하게 캐릭빨 앞새우면서 현질 유도 하기 전에 밸런스 수정이나 해라 그럴거면 총 전투력 시스템은 왜 쳐 만들어놓은거야 전광판 처럼 똥폼이가,0,부정
엔젤ν (김예지),5,2023-03-02 18:20:36,타일을 모르고 대량구매했어요 아이템으로 타일해방 만들어주세요.,0,긍정
Abi Yoga,2,2023-03-02 16:07:27,"I Can't login the game ,game stuck",0,부정
장군,5,2023-03-02 15:19:12,굳,0,긍정
김윤경,2,2023-03-02 12:41:37,"게임을지웠는데도 몇번에 카톡이오질안나, 다른걸 물어보면 이해하지못했다고하질안나 제발 카카오톡좀그만 보내세요",0,부정
이재욱,5,2023-03-02 12:17:03,굿,0,긍정
유왓,4,2023-03-02 11:06:34,스토리 진행속도가 너무 느림 컨텐츠가 부족함,0,긍정
용식,5,2023-03-02 09:03:14,굿,0,긍정
Charlotte Bietris De Orlanne,5,2023-03-02 08:23:26,캐릭이 가챠인거 빼곤 모든면에서 만족스러움. 그래도 가챠도 뭘 많이 주는거같아서 재밌게 게임하고있음,1,긍정
한명규,5,2023-03-01 22:13:18,연출 넘 자주 나옴요.. -_-,0,긍정
김쫑자,5,2023-03-01 16:29:15,나름 재밌는거 같슴다 좀더ㅠ해보것슴다,0,긍정
mason kim,2,2023-03-01 13:58:25,성좌정보 오류코드 뜹니다 19202,0,부정
Your Account is mine,1,2023-03-01 10:51:30,게임은 잘만들었다 그러나 말딸 소송방어전등 과거는 반드시 반복될것 같다 안심하고 현질 할 수 없는 게임이기에 온전히 즐기지 못하는것에 안타까움을 느낀다,0,부정
김진옥,5,2023-03-01 08:24:48,재밌어요ㅋㅋㅋ,0,긍정
구정목,5,2023-03-01 01:56:01,인터넷 추천,0,긍정
악귀,1,2023-03-01 00:53:44,330뽑 홍란 0개 이게 맞냐? 확률이 무슨 리니지 변신카드 확률이네,1,부정
중환안,5,2023-03-01 00:20:52,재미로 깔았다가 신나게 하는중,0,긍정
장은석,4,2023-03-01 00:06:04,애니메이션을 보는듯한 스토리에 풀 더빙까지 있으니 몰입이 잘되서 좋네요.중요한 캐릭터들도 괜찮구요.전투는 그냥...방치형...,0,긍정
김태규,5,2023-02-28 22:55:44,잼나네요,0,긍정
Junsung LEE,5,2023-02-28 21:10:26,잼있어요,0,긍정
박상일,5,2023-02-28 17:56:53,"진짜 재밌고 다양한 이벤트,보상 등등 진짜 다 좋은데 저는 아직도..게임을 못하고 있습니다..다시한번 게시글 올려봅니다..제 안드로이드는 13 이고요,(7이상이니 괜찮죠?)폰은 갤럭시 점프입니다.저번에 폰 기종과 안드로이드 버전을 확인해 보시라고 하시길래 획인하고 다시 올립니다..지금 제가 에버소울에 접속하면 일단 처음 다운로드에서 84%~90%사이에서 튕깁니다. 어떻게 접속하면 일단 전체적으로 모든게 슬로우 모션으로 랙이 무지하게 걸리고요,여기서 전투를 하면 튕깁니다.뽑기를 해도 튕기고요,스토리를 감상하거나 영지에 들어가도 도중에 튕깁니다...이러니 밸런타인 이벤트도 못하고,퀘스트진행도 불가능 합니다.벨라나 업데이트 이후로 홍란 픽업종료가 1일 남은 지금까지 되는게 없네요.저만 그런건가요..? 제발 고쳐주세요...",1,긍정
***,4,2023-02-28 13:06:58,게임은 괜찮은데 하루에 해야 하는 일들이 너무 많아요... 하루 숙제가 조금 더 간단하면 좋을듯 합니다.,1,긍정
박창희,4,2023-02-28 12:58:15,중독성 강해요,1,긍정
김동욱,3,2023-02-28 07:19:28,사실 재미있는지는 잘 모르겠네요. 처음 깔았을때 바로 신캐 홍란이 나왔었고 뽑기할 수 있는 재화를 좀 많이줬어서 20회만에 홍란 뽑고 그 후로는 게임 접속해서 출석체크하고 홍란 얼굴보고 바로 겜 종료... 이짓만 맨날 반복....,0,중립
이전영,5,2023-02-28 02:47:38,제미있고 캐릭터들 도 에픽이 많이 나와요. 스토리 굿굿👍,1,긍정
강상호,5,2023-02-27 21:32:54,재미져 캐릭터도 독특하고 이뻐요,1,긍정
조한영,1,2023-02-27 17:24:00,하루만 할거 있고 할게없음 스토리 안깨져서 재미가없음 현질템 창렬이면서 가격비쌈 게임 쿠폰없음,1,부정
메시,3,2023-02-27 14:09:20,게임 재밌어요.그런데 함정이 있어요 승급자동으로 하시면 낭패봅니다.일부러 그렇게 만들고 고쳐주질 않아요.해보시면 꼭 당하십니다..전 환불할겁니다.,0,중립
이관수 02,5,2023-02-27 11:10:47,재미있어요,0,긍정
허남기,1,2023-02-27 11:10:00,일간 주간 월간 고정패키지만 100이 넘음 스테이지 뚫으면 한정 패키지 게이트 올리면 한정 패키지 정령승급시키면 한정 패키지 3주마다 신캐추가 그리고 패키지 업뎃마다 패키지 출시 50일기념 선물은 봤어도 출시기념 패키지 패키지 매출에 환장한 운영 서버오픈부터있는 버그 방치 유저 편의성 패치 매번 업뎃마다 하나도없음 게임사가 매출 올리는건 이해하지만 돈에 미쳐서 유저들 나가떨어지는 중,0,부정
감성팔레트,5,2023-02-27 08:42:28,오랜만에 할만한겜 찾은거같아요,0,긍정
박민준,1,2023-02-27 07:33:49,초반이후로 소환 확률주작급이네 350뽑에 픽업 2~3개 많으면 4개,1,부정
방과후티타임,4,2023-02-26 14:21:55,잼남,0,긍정
몬스터,1,2023-02-26 13:20:23,각종버그도 엄청 많고 렉도 걸리고 로딩도 오래 걸리고 제대로 고치지 못할지 망정 콧흘리개 초딩 주머니 털어갈 생각밖에 없는 운영진들 캐쉬템 과금유도하고 못팔아먹어서 안달난거 같네요 한심합니다,1,부정
Kwang-hun kim,5,2023-02-26 11:29:38,good,0,긍정
박태웅,3,2023-02-26 11:15:47,게임은 괜찮은데 요즘 나오는 모바일게임에 비해 캐릭 육성이 힘듬. 하루 퀘하고 막히면 하려 해도 할게 너무 없음.,1,중립
김유진,5,2023-02-26 03:07:28,"너무 재밌는데, 영지 맵을 크게 볼 때 360도로 볼 수 있게 바꿔주세요 ㅠㅠㅠㅠ 안 돌아가서 타일이 잘 바꼈나 모르겠어요",0,긍정
Jo리하는 남자,4,2023-02-25 18:23:55,발열이 조금 있어요,0,긍정
get some helper,5,2023-02-25 18:20:36,승급재료로 써야하는 픽업유닛을 재료로 사용되는 등급보다 더 높은 등급으로 승급시켰는데 낮은 등급으로 되돌릴 방법은 혹시 없나여..,0,긍정
Geon,1,2023-02-25 11:47:59,한국게임 수준 처참하다 처참해,0,부정
서한새,3,2023-02-25 10:37:38,여자구원자도만들어주세요ㅡㅡ,0,중립
오기식,5,2023-02-25 09:19:57,잼있어요 시간가는줄 모르겠음 장편애니보는거같아요,0,긍정
Dongjun Lee,5,2023-02-25 05:42:13,잘못 승급한 정령 되돌리는 기능 추가해주세요~!! 승급창 열때마다 눈물납니다 흑 ㅠ,0,긍정
김은주,5,2023-02-25 05:30:21,므ㅡ곽ㄷㅁㅈㅂㅊㅂ,0,긍정
김지현,1,2023-02-25 05:30:13,"소환 할 때마다 폰이 버벅거리면서 튕겨요 1달전에는 렉이 걸려도 이렇게 까지는 아니었는데 게임 진행을 할 수 없을 정도로 버벅거리고 튕겨요 .. 튕기는 것 좀 고쳐주세요..,,",1,부정
이용호,5,2023-02-25 04:47:26,좋아요,0,긍정
준초란,5,2023-02-25 02:48:20,확률 미 쵸 다,0,긍정
강가,2,2023-02-25 02:23:45,로딩느려서 못해먹겠음,0,부정
맑음,4,2023-02-25 01:37:50,재밌고 캐릭터 디자인도 예뻐요,3,긍정
김형진,5,2023-02-25 00:21:18,스토리 좋네요 잼남,0,긍정
김미루,2,2023-02-24 20:56:28,메모리 더럽게 먹는 느리고 렉있고 버그에 점점 느려지고 최적화 못하나?,1,부정
수산물협회장,5,2023-02-24 18:19:50,굿,0,긍정
이혜림,3,2023-02-24 16:43:11,방치형게임치고 수동컨텐츠가 넘 많음 ㅠ 지침..ㅠㅠ 재미는있음 할만함,0,중립
조인우,5,2023-02-24 16:25:03,무과금으로도 충분히 가능하고 일러도 이쁜완벽한 게임 대신 약간의 취향을 타는게임,1,긍정
김성수,3,2023-02-24 14:49:39,버그 갓겜 ㅋㅋ 돈잡아먹는갓겜,0,중립
김하늘,5,2023-02-24 13:51:16,재밌게 하고 있어요 :),0,긍정
진우박 (Gomi),5,2023-02-24 12:26:42,지금 너무 재밌어서 계속하네요 제발 오래해주세요.,0,긍정
ᆞ유키,3,2023-02-24 06:05:07,그냥할만한겜,0,중립
배승철,5,2023-02-23 23:53:59,구글플레이게임즈 PC로 하니 숙제하기 편하다,0,긍정
박차환,5,2023-02-23 19:06:49,잼나요,0,긍정
kingbear lee,5,2023-02-23 18:07:51,렉 좀 심하고 대사창 점멸하는 버그 있음. 그림체가 예쁜데 스토리때 차라리 라2d를 사용하는게 더 몰입감 있지 않았을까 하는 아쉬움. 재밋음,0,긍정
김성진,3,2023-02-23 15:06:43,캐릭터 인연스토리 노말엔딩 볼려고 이전 스토리들 다 봤는데 노말 안 풀리는데 이거 처음부터 스킵없이 끝까지 봐야하나요??,0,중립
이준석,4,2023-02-23 08:48:39,뽑기할때마다 튕기는데 이거 어떡하나요?,0,긍정
김지웅,5,2023-02-23 08:34:02,굿,0,긍정
김우진,5,2023-02-23 08:32:19,"서브게임으로 아주 할만함, 하루에 1시간정도면 모든 퀘스트를 끝낼수 있고 편하게 할수있음. 물론 아직 부족한 부분은 있지만 소통은 잘되는거 같아서 믿고 계속 플레이할 예정 기왕이면 오프라인 이벤트 같은거도 생각해주면 좋겠음",0,긍정
배진우,5,2023-02-23 06:40:38,다른캐릭터들도 많이 업데이트 해주세요~,0,긍정
wpdmd puen,1,2023-02-23 06:17:40,케릭터 소환할때마다 계속 끈어저요 조치 부탁드립니다,0,부정
원종만,5,2023-02-23 06:08:46,AFK류의 게임중에서 퀄리티도 좋고 전반적으로 재미있게 하는중입니다👍👍👍,0,긍정
유상근,5,2023-02-23 06:07:58,"낫배드, 그냥 버그가 좀 많긴 하지만 사료도 재깍재깍 줌",0,긍정
물음표,1,2023-02-23 03:21:58,할라고 들가는데 오류코드 1001뜨면서 안들어가지고 다시 깔아도 안들어가짐 똥겜,0,부정
송종경,4,2023-02-23 01:36:17,재밌어요,0,긍정
김원규,1,2023-02-23 00:58:53,길드채팅 길원이 글를 남기면 빨간점 표시좀 해주세요. 이기능은 오픈 초기때 있었던거 얼마 못가 사라졌습니다.한달 넘도록 없어졌는데 좀 고치세요,0,부정
Jinung Bae,4,2023-02-23 00:41:34,게임성 자체는 좋아요,0,긍정
Turtle KIM,5,2023-02-23 00:38:26,개존잼ㅎ,0,긍정
골드문,5,2023-02-22 22:15:11,"영지내에서 건물이나 나무, 벽 등 뒤로 케릭이나 몬스터가 들어가면 어디있는지 안보입니다. 영지 몬스터 잡을때마다 감으로 사냥합니다. 건물,나무,벽 뒤 등 뒤에 있을때에는 어디있는지 보이게 케릭이나 몬스터 외곽 형상이라도 보이게 개선해주세요.",1,긍정
조대영,2,2023-02-22 14:11:04,어려1네,0,부정
김태원,5,2023-02-22 13:14:48,갓겜,1,긍정
이기철,3,2023-02-22 12:45:18,긴가민가 과금중,0,중립
권세아,1,2023-02-22 12:40:10,이게임 뽑기할때 겁나 띵김 재설치해도 띵김 게임 4개만 설치해는데 심지어 이거 내핸드폰 출시 됀지 몇년 안돼폰임 2년반 된건데 이것도 내탓이냐? 뭐 또 데이터탓? 뻔하다. 그리고 요즘 버그 심하던데 ㅃㄹ 고쳐주세요,0,부정
박해성,5,2023-02-22 08:26:39,잘 만들었네요. 다만 중간중간 로딩시간이...ㅠㅠ,0,긍정
박지성,5,2023-02-22 06:41:34,홍란최고,0,긍정
크로tv,4,2023-02-22 06:02:42,재미따 콜라보같은거안하나?,0,긍정
이얀,5,2023-02-22 04:08:59,굿,0,긍정
연중모,5,2023-02-22 01:29:20,무고ㅓ금러도 줄길수 있어서 좋음,0,긍정
김재훈,5,2023-02-22 00:54:51,이런류의 게임은 처음이라 새롭네요. 운영진들이 계속 관리하면서 진행된다면 오래 재밌게 플레이 할 수 있을거같아요.,0,긍정
Kim Hoon,1,2023-02-22 00:29:28,무슨 패치 이후 소환만 하면 게임이 팅겨서 겜을 할수가 없네. 별한개도 아깝네요.,0,부정
이승우,5,2023-02-21 16:51:41,엄청뭘주세요 초반인데.넘잼잇어여,0,긍정
AK PerFecT,1,2023-02-21 16:49:56,연출은 많이신경썼지만막상 느낌이 연출:촤라라라락 졸라멋짐 현실:평타 띡 갭차이가너무커서 하다가 팍 식음 ㅋㅋ 추가로 신캐나와서 다시깔아봤는데 초기화되어있네 갓겜 ㅋㅋ,1,부정
양갈,1,2023-02-21 16:44:35,스킵권 돈주고 파는 방치형 게임,0,부정
붉은용,5,2023-02-21 16:24:15,잼잇어!!,0,긍정
최민혁,5,2023-02-21 16:05:59,재미있는 게임 이예요,0,긍정
RockWON KIM,5,2023-02-21 14:47:41,굿,0,긍정
신동원,5,2023-02-21 10:13:49,정령들이 이쁘고 귀엽네요 게임도 괜찮네요~,0,긍정
임재진,5,2023-02-21 09:22:06,재밓네요,0,긍정
김주노,5,2023-02-21 08:40:03,최고였어요ㅎ,0,긍정
이승민,5,2023-02-21 06:44:08,꾸르잼,0,긍정
하얀구름,5,2023-02-21 02:05:21,잼있다,0,긍정
Jongmin Kim,5,2023-02-21 00:39:09,캐릭터 뽑기가 다른겜보다 뽑기가 쉬워서 좋아요~,0,긍정
이수영,2,2023-02-20 23:54:09,아직은 재미있네요,0,부정
최승주,5,2023-02-20 15:55:24,재밌네여 ㅎ 소환도그렇고...할꺼두 많고요,0,긍정
정지윤,5,2023-02-20 14:50:55,걍할만혀요,0,긍정
인땅,5,2023-02-20 14:27:35,A23기종에선 검은화면만 뜨는 버그가있습니다. 언젠간 고쳐주실거라믿고 PC로 즐기겠습니다,0,긍정
신우식,5,2023-02-20 14:11:23,굿,0,긍정
hyuna11234박현아,1,2023-02-20 13:29:17,안돼요,0,부정
박정훈,5,2023-02-20 12:55:35,굿~^^,0,긍정
정ᄒ오노,4,2023-02-20 12:44:44,다 좋은데 소환을 할때마다 렉이걸리면서 자꾸 튕겨서 보상을 못받습니다,1,긍정
치이,3,2023-02-20 12:35:18,으..천장이 300이야 둠황챠~,0,중립
정혁진,5,2023-02-20 05:49:38,재미진다,0,긍정
울별,3,2023-02-20 05:12:57,재미있게 잘 하고 있는데 뽑기 중 튕김 현상이 너무 심합니다... 특히 스킵 버튼 누리면 10번에 9번은 다 튕깁니다...,0,중립
문정환,5,2023-02-20 04:38:50,잼남,0,긍정
이루디,4,2023-02-20 03:30:33,3일째 지금까지는 괸춘,0,긍정
김종현,5,2023-02-20 01:48:15,잼나요 추천합니다,0,긍정
김준,5,2023-02-20 00:06:33,좋아요,0,긍정
송승완,4,2023-02-19 23:56:07,아기자기하네요,0,긍정
신기봉,5,2023-02-19 17:34:55,이쁘네요,0,긍정
김건 (erting),1,2023-02-19 15:49:49,유물소환은 왜 네트워크 핑계되며 안되는거임?? 아니 버그 여기저기 발생하거나 최적화 안되는게 보이면 수정할 생각을 해야지 이거 계속 방치하는건가?? 추가적으로...이거 발열이 너무 심함...폰 맛탱이 가겠다,0,부정
sururung bbyong,5,2023-02-19 15:01:49,"소소하게 할만한 게임을 찾고 있었는데 지금까지는 대만족이네요, 앞으로 꾸준한 업데이트로 다양한 컨텐츠와 탄탄한 스토리를 구축해 나갔으면 좋겠습니다~!",0,긍정
박흥수,5,2023-02-19 13:44:00,GOOD,0,긍정
킬러우유,5,2023-02-19 13:29:44,오냐,0,긍정
김봉수,5,2023-02-19 08:36:11,good,0,긍정
이영준,4,2023-02-19 08:00:03,할만한데 보상이 짜네,0,긍정
kei k,5,2023-02-19 07:34:44,안녕하세여 에버소울 유저입니다 지금도에버소울열심히하고있고좋은정보도얻고좋습니다,0,긍정
황흥군,4,2023-02-19 07:33:53,그냥 했는데 아직,0,긍정
겨울봄의 이파리,5,2023-02-19 07:13:08,현질 뽑기는 안 팅기는데 무료뽑기는 팅기고 화면이 검정색 나오고 합니다,0,긍정
김종욱,4,2023-02-19 05:21:03,내가 아는 그 익숙한 맛이랄까? 수집형 가챠겜.,0,긍정
한준희,5,2023-02-19 04:49:43,굿,0,긍정
뿌꾸,5,2023-02-19 02:51:29,재밌어,0,긍정
INitialLEss Novelwriter,1,2023-02-19 02:17:12,"새 기능에 버그 수정 및 서비스 안정화 라고 게시 해두셨는데 제작진 및 운영진 여러분, 여러분이 하실 일 안 끝났습니다. 유물 소환 버그 났습니다. 위시리스트 설정해두고 유물 소환 하려하면 네트워크 환경이 원활치 않다면서 소환 자체가 안됩니다. 버그 수정이 제대로 되신건지 확실한 검사 및 패치 좀 부탁드립니다. 제발.",10,부정
방준석,3,2023-02-19 01:50:54,저는 하다가 접고 다시 깐 복귀유저인데요.처음에는 안그랬는데 정령 소환을 할때 스킵을 누르면 계속 튕기고 화면도 계속 끊겨서 플레이하기가 불편합니다 빨리 고쳐주셨으면 합니다,0,중립
뉴런 2024,5,2023-02-19 01:27:35,스킬이나케릭터가 마음들어요^^,0,긍정
김지환,5,2023-02-19 01:25:38,게임 자체는 나쁘지않은데 약간의 오류가 있음,0,긍정
김인우,5,2023-02-19 01:10:49,좋아요~~~~,0,긍정
옥수수털,5,2023-02-19 01:07:34,단순한 오덕게임이아니다..,0,긍정
이영희,5,2023-02-19 00:50:36,잼있음 ㅋ,0,긍정
치키니가좋아용,3,2023-02-19 00:06:33,갤럭시 탭 a7 8에서 시작안되는버그있습니다,0,중립
몽이,2,2023-02-18 20:41:26,진짜 버그 안 고칠거에요? 퀘스트가 유물소횐인데 오류뜨면 어쩌라는거에요..,0,부정
오아시스조아,5,2023-02-18 19:00:51,찐잼,0,긍정
Official 김무경P,3,2023-02-18 18:41:15,유물 문제 좀 해결해주세요. 소환하려고 할 때마다 네트워크가 원활하지 않다는 메시지만 뜹니다. 다시 와이파이 연결하거나 데이터 활성화해도 똑같아요. (코드: 1014),0,중립
김규섭,5,2023-02-18 18:11:14,잼있네요,0,긍정
고래,5,2023-02-18 15:22:12,"레벨77, 2주, 소과금 / 빡세게 할거 다 챙기면 과금러들 어느정도 따라갈 수 있는데 중요한건 이벤트 시스템 자체가 무조건 공격력이 쌔야 보상을 좋게 받는데 그럼 신규가 들어 올랑가 싶음 .신규유입 하려면 신규가 기존 유저따라 올수있게 해야지 이벤트가 어케 신규랑 기존유저 갭을 더 벌리는건지..과금 유도상 쌔야 이벤트 더 많이 받는다 그러니까 과금해 이런거 누구나 아는데 결국 신규유입 없으면 게임 망함 길게 보고 오래 갓으면 좋겟음",0,긍정
김자리,2,2023-02-18 15:14:45,유물소환 나만안됨?,0,부정
수달,5,2023-02-18 14:10:08,공들인 티가 남 운영 잘 하면 좋겠네.,0,긍정
김성태,4,2023-02-18 13:59:05,너무나 많은시간 투자가 아쉬우나 재미있는것 같아요,0,긍정
김계수,5,2023-02-18 13:56:46,캐릭터들이 너무 귀엽고 예쁘며 성우 목소리도 잘어울리고 스토리까지 탄탄해서 오래오래 함께하고 싶네요,0,긍정
지오,3,2023-02-18 13:02:27,정말 재미있는데 저만그런지는 잘모르겠지만 저장공간이 충분하고 프레임이나 화질을 다 낮음으로 해도 뽑기만 하면 게임이 나가지더라고요 그냥 폰이 않좋은건가 싶기는 합니다만 원래 잘되다가 안돼서 당황스러워요,0,중립
한문석,3,2023-02-18 12:36:41,정말 재밌게 하고있습니다 별 5점드리고싶은데 탈리아 인연스토리가 3에서 끊겼습니다 오륜인지 아닌지 모르겠어요.,0,중립
강종혁,2,2023-02-18 12:24:20,유물 뽑기하면 네트워크 에러 나네요.,0,부정
방과후티타임,5,2023-02-18 11:17:16,정말. 하나 하나 정성이. 깃들어있는 게임이네요. 앞으로 좋은 운영 부탁드림니다,0,긍정
천사,5,2023-02-18 09:24:51,심심풀이로 ㄱㅊ,0,긍정
유진호,5,2023-02-18 08:34:39,넘모재밋어용,0,긍정
임규상,5,2023-02-18 06:22:22,음 좋아요,0,긍정
하리보조아,1,2023-02-18 05:37:07,에픽이 4%? ㅋㅋㅋㅋㅋ 20번 뽑기( 200개 ) 해도 1개나와서 바로 지웠다 현질 실화냐,1,부정
김정호,5,2023-02-18 05:08:29,재미있게 잘 하고있어,0,긍정
송하길,1,2023-02-18 04:26:16,유물소환시 통신오류 1040이라 뜨고 뽑을수가 없네요.. 어떻게 해야나요?,0,부정
라아수,5,2023-02-18 03:13:40,일반 타입 ×10 2100 다이아 소환건에서 튕겨서 다이아 4200개 날아갔습니다. 복구해주십시요,1,긍정
김기웅,5,2023-02-18 02:37:22,굳,0,긍정
양규환,4,2023-02-18 02:25:18,재화를 많이 줘서 게임 하는데 용이하고 이벤트도 많아서 좋은데 뽑기를 하면 계속 튕기는 버그가 있는데 저의 핸드폰 사양이 문제인건가요?,0,긍정
이상민,2,2023-02-18 01:20:02,감사합니다,0,부정
김동건,2,2023-02-17 20:20:36,afk아레나와 완벽하게 같은게임 머 그게임은 잘만든겜이고 수익율도 좋았기에 후속작느낌으로 나온거같은데 같아도 너무 똑같음 게임 잔체적으로 좋은데 단점 2가지만 보완하면 좋을거같네요 첫째는 스킵좀 팍팍 넣어주세요 메인스토리도 느려서 루즈하고 클릭해도 그냥보는것보다 조금빠른수준이라 애니 열심히만든건 알겠는데 afk아레나와 비슷한 내용인데 굳이 다 봐야하나싶고 두번째로는 카메라가 너무 근접이라 갑갑함 멀리보기추가했으면,0,부정
손현수,4,2023-02-17 18:22:42,재미있네요,0,긍정
인도네시아주재원,5,2023-02-17 16:54:58,재밋음,0,긍정
팝미팝,5,2023-02-17 14:53:20,갤럭시 a23은 안되나요? 기종이 낮은지 모르겠어서,0,긍정
호속,5,2023-02-17 14:41:55,잼,0,긍정
손태윤,5,2023-02-17 13:47:16,생각외로 재밋음ㅋㅋㅋ,0,긍정
brice.2 kang,1,2023-02-17 13:23:22,Pixel7 에서 진행이 안되고 폰을 재부팅해야 할 정도로 시스템이 멈춰버립니다,0,부정
Gom Dol,5,2023-02-17 07:05:49,재밌어요 그래픽 스토리도 좋아요,0,긍정
종로로 갈까요,3,2023-02-17 06:51:05,잡버그가 좀 있는 편이고.. 무엇보다 그냥 재미가 없다.,0,중립
파스텔,4,2023-02-17 05:58:32,"길드컨텐츠 내놓기전에 길드 가입목록부터 잡아야하는거 아닌가요;;, 길드를 검색해도 백날 인원 꽉찬 길드만나오고 ㅋㅋㅋ 이미인원이 전부찬길드는 목록애서 제외시키고 활동은 하지만 인원이 적은 길드들을 살여야 길드컨텐츠가 돌아갈텐데... 운영진들은 이런문제를 알고있는건지 모르는건지... 아니면 알고도 고칠수있는 실력이 안돼는건지 모르겠네...",0,긍정
민트국수,5,2023-02-17 05:49:56,요즘 경기도 안좋은데 혜자겜이긴함,0,긍정
김정남,5,2023-02-17 03:54:47,렉이 잘걸리네요 그런데 재미는 있네요,0,긍정
녹차맛젤리,4,2023-02-16 21:50:08,'숙제'가 지나치게 많아요..수동으로 해야할 컨텐츠가 많습니다.,0,긍정
JunHo Hwang,1,2023-02-16 18:07:50,무슨 게임이 화면 회전이 안됨? 바로 삭제,0,부정
이희경,4,2023-02-16 17:23:56,저번 미공개전선 점검이후 1.영지원정할때 2.정령에게 말을걸기위해 대화버튼을 누를때 3.정령불러내기를 누를때 4.미궁할때 튕김현상이 심해져서 게임이 불가능합니다. +뽑기확률 이거맞아?,0,긍정
이준희,1,2023-02-16 16:09:41,3D 모델링을 이렇게 쓸거면 차라리 다 2D로 통일을 하던가 뭐 되도 안되는 3D 모델링을 끼워 넣고 그러는지 마감도 다 어색해서 볼 때마다 기분이 나쁨 이벤트고 뭐고 이거 살릴려면 그냥 개발팀 다 돌려서 그래픽부터 커버 쳐야됨 딱 5년 일찍 나왔으면 괜찮았겠지 이게 어떻게 2023년에 나오는 그래픽이냐? 그렇다고 또 다른건 괜찮나? 그것도 아님 스토리? 뭐 평범함 하지만 요즘 게임에서 스토리가 평범하다는건 진부하다는거임 스토리가 진부하면 당연히 게임이 지루한거고 그 외에 전투 영지 호감작 다 별로임 전투는 모션 하나하나가 전부 어색하며 보는맛도 안남 영지 역시도 어색한 모션에 불편한 조작 방식레다가 호감작도 열심히 만들었다는 생각은 들지 않음 그냥 전체적으로 완성도가 떨어지고 대충 만들었다는 느낌이 듦 이걸 칭찬하는 사람들은 대체 평소에 어떤 게임을 하면 이딴 게임을 참을 수 있는지 궁금함 이러니까 국산 게임이 중국한테 밀리지,0,부정
박현우,4,2023-02-16 15:41:58,재미는 있는데 뽑기하다가 팅기고 스토리 보다가 팅기고 로딩도 너무 안되지네요.. 해결좀 해주세요...,0,긍정
김흥선,5,2023-02-16 14:35:36,재잇어여,0,긍정
86종이학,1,2023-02-16 14:02:50,스토리를 진행하려면 캐릭터 레벨을 올려야 되는데 최대 레벨을 올리려면 3% 확률에서 약 30명의 캐릭터 중 같은 캐릭터를 뽑고 또 뽑고 해야되는 게임,0,부정
inha Lee,5,2023-02-16 13:35:19,갓겜,0,긍정
Asher,3,2023-02-16 12:42:25,업데이트 하고 난 후로 계속 게임 중 튕기네요.. 갤탭 s7입니다,0,중립
남현욱,5,2023-02-16 11:55:07,PC로 에버소울 즐기고 있는데 google play 게임즈 베타에서 업데이트를 어떻게 하나요? 접속만 하면 업데이트 하라고는 하는데 설정 창에 제거 기능 밖에 없어요. 알려주시면 감사하겠습니다.,0,긍정
ᅳᅳᅳ,5,2023-02-16 11:17:05,스토리도 좋고 심심할때 하기 나쁘지 않은 게임이에요!,0,긍정
이대준,4,2023-02-16 10:16:06,굿입니다,0,긍정
유정현 (아스필더),3,2023-02-16 09:21:02,벨라나 픽업 이상했습니다... 천장찍을동안 에픽이 안나온것은 아니지만 벨라나보다 다른 정령이 더 많이 나오고 천장치고도 몇만 에버스톤썻는데도 벨라나 하나 나오고 확률이 좀 이상한것 같아요..,0,중립
조경화,4,2023-02-16 08:59:30,오늘 정검하고 조금 하다가 껐는데 다시하려고하니 처음창에서 오류가발생하였습니다 500. 이거뜨곤 스타트버튼이안나와요ㅜㅜ 다시설치 해도 그러네요,0,긍정
하우스,5,2023-02-16 07:51:16,졸잼 큳ㅋㄴ딯ㄱㅅㄷㅂㄷㅅㄷ,0,긍정
NC팬,3,2023-02-16 07:21:35,게임 에서 뽑기 도 중 튕김 현상이 일어남 그거 말고는 다 좋음,0,중립
송한솔,5,2023-02-16 06:00:26,굿굿,0,긍정
warlock (OmegaWarlock),3,2023-02-16 05:37:17,구글플레이 게임즈 베타 업데이트가 안됨,0,중립
이진형,3,2023-02-16 05:36:01,업데이트 할때마다 한번씩은 멈춤,0,중립
ira Za,1,2023-02-16 04:00:13,"뽑기 재화도 많이 모아야 하는데 잘 뿌려주지도 않고, 확률도 낮고, 반복 피로도는 높고, 컨텐츠는 적고.. 에휴..",1,부정
정다현,4,2023-02-16 03:43:22,일러 같은건 괜찮긴한데 게임이 다만들어지기 전에 클로즈베타처럼 게임이 나옴 그냥 만들다가 그냥 오픈하고 하나씩 추가하자는 느끼오래할 게임은 아닌듯,0,긍정
바쁘다바빠현대사회,5,2023-02-16 03:28:37,천천히해,0,긍정
곽신상,2,2023-02-16 02:43:08,케릭 포지션 변경해도 큰차이가 없고 무슨 기준으로 공격하는지 모르겠음,2,부정
JH P,1,2023-02-16 00:20:00,캐릭터가 매력없고 스토리가 너무 재미 없고 UI디자인이 어설프고 캐릭터 디자인도 만들다만 느낌.,0,부정
김진규,5,2023-02-15 22:15:33,즐길만함,0,긍정
유기후,5,2023-02-15 18:46:40,굿,0,긍정
SU YUN KIM,1,2023-02-15 15:25:34,15일 오후부터 갑자기 게임이 실행되지 않습니다. 다시 삭제하고 깔아봐도 여전하네요. 자잘한 튕김이나 버그는 넘어갔는데 아예 게임이 실행되지 않는 것은 ... 네...,0,부정
신승우,4,2023-02-15 15:18:13,플레이 하는데 재밌긴 한데 전선 스테이지 다시 할수있게 업데이트 해주시면 좋겠습니다,0,긍정
김다한,3,2023-02-15 14:16:53,할건 많은데 할게 없음,0,중립
심동민,5,2023-02-15 12:33:34,할만해요,0,긍정
빼미리park,4,2023-02-15 11:25:52,간만에 재밌게 하구 있슴,0,긍정
Sim Hojun,4,2023-02-15 09:21:12,"방치형 게임이라 플레이타임이 적은 것도 좋구, 신경 쓸게 많이 없는 것도 좋은데요. 노가다성 플레이를 좋아하는 플레이어들을 위해 저효율 노가다 컨텐츠도 있었으면 좋을 거 같아요. 무한 던전 뺑뺑이라도 좋으니...",0,긍정
최재호,5,2023-02-15 07:49:04,오오오오오오오옹ㆍ우으,0,긍정
크리보,3,2023-02-15 07:35:48,"게임은 재밌지만, 무료 전투스킵이 없는게 너무 힘들어서 지웠습니다. 망겜이라는 니X도 던전/모험 전투에 노말 몬스터는 전투 스킵이 있는데 이건 너무 오래 걸리네요. 그 동안 잘 즐기고 갑니다.",0,중립
권주호,5,2023-02-15 05:12:37,재밌음,0,긍정
박상진,3,2023-02-15 03:55:36,소환×10 하고 스킵 하면 게임이 팅겨버립니다. 내 폰이 문제일까요?,0,중립
H,5,2023-02-15 01:25:14,재밌게 하는중,0,긍정
UgHyeon Seoung,5,2023-02-15 01:18:50,재미있어요 스토리도 독특하고요 꼭 한번 해보세요,0,긍정
김민성,1,2023-02-15 00:38:00,핸드폰을 바꿔서 깔려는데 검은화면만 나오고 안들어가지네요...,0,부정
오비니,1,2023-02-14 16:26:11,서버 관리 참 ㄹㅈㄷ ............,1,부정
진양철순한맛순양철,4,2023-02-14 16:06:38,시간가는줄모르고 집중하게되네요,0,긍정
엘루이안,4,2023-02-14 15:49:35,영지 꾸미가 왜 타일 위에 못 올리나요 ㅠ ㅠ 최근 업데이트 한 뒤로 계속 튕기네요 ㅠㅠ,0,긍정
이종현,2,2023-02-14 15:47:40,그럭저럭할만함,0,부정
김규호,1,2023-02-14 14:23:18,쟁나,0,부정
a k,5,2023-02-14 12:14:27,"정령들 속성 하고 세계관하고 너무 동떨어져있다고 느낌 불사형 인간형 요정형 짐승형이 있다고 치면 그 세계에 각자 뭉쳐 도시화를 이루어서 유독 요정족이 많은 마을, 혹은 짐승형이 많는 마을 그런식으로 도시별 스토리를 짜고 도시별로 갈등, 같은걸 스토리에 묻힐수있었을텐데 근데 이거 완전 블루아카네 근데 블루아카 스토리 따라해도 재미는 있을듯 오타쿠 게임는 그냥 이쁜 캐릭만 찍어낸다고 되는게 아니라 깊은 세계관 설정과 캐릭터 설정이 필요하다고 생각함 아무리 이쁜 캐릭터라도 스토리에 비중이 없다면 인기가 떨어지는것처럼 캐릭터 잘 팔고 싶으면 캐릭터에 맞는 스토리가 중요하다고 생각함 게임 개발사한테 씹덕 작가 뽑으라고 하셈 용하형 같은 씹덕이 있어야 씹덕 캐릭터 팔이 겜이 흥하는거임",0,긍정
sj k,5,2023-02-14 10:14:13,연출이쁨,0,긍정
이동혁,5,2023-02-14 08:34:01,굿,0,긍정
미스터우 (라인하트),5,2023-02-14 06:48:08,굿,0,긍정
윤호,5,2023-02-14 05:57:52,심심할때 깔았는데 재밌고 정령도 쉽게 모을수 있어서 방치형 좋아하는 사람도 한번쯤 할만합니다,0,긍정
Woo Chan Kim,4,2023-02-14 05:36:54,재미있어요,0,긍정
박범진,5,2023-02-14 05:06:59,재밋습니당,0,긍정
이지인,3,2023-02-14 04:04:31,이번 신규케릭 업데이트까지 1500원 짜리인가 구매하고 92렙까지 키우고 있습니다. 이번 업데이트로 인하여 엄청난 발열량과 렉이 생겼으며 무슨 버그가 시도 때도 없이 생긴다고 합니다. 길드광고는 커뮤니티 사이트 이용하지 않으면 게임내부에서 할수가 없습니다. 길드레이드 업데이트하면서 인게임에서 길드 초대기능이 있었으면 합니다,0,중립
참새님,5,2023-02-14 03:31:49,재밋어요~~~~~~,0,긍정
이대범,5,2023-02-14 02:30:49,뽑기부터 사냥은 다좋음 그러나 컨탠츠가 너무 빈약함 대략 한 두시간하고 나면 할게 없음 그리고 유저간 대화를 할 수있게 해주고 투력이 안되어서 접는사람 많은데 반복 자동 사냥 나왔음 좋겠음,0,긍정
정규식,1,2023-02-13 13:29:43,오픈 때부터 해온 유저인데요 업데이트 이후 전체적으로 렉이 많아졌어요.. 게임하기가 힘들정도로.. 핸폰 사양 따지기전에 최적화좀 어떻게 해보세요.. 5년된 갤9에서도 잘 돌아가던게 갑자기 이리 된건 업데이트 문제가 아닌가요? 렉 있다는 유저들 의견에 죄다 사양 따지는 답변만 하고있으니 참 답답하네요.,6,부정
김윤기,4,2023-02-13 13:05:56,생각보다 나쁘지않다,0,긍정
취미헌터,4,2023-02-13 10:19:52,뽑기 확률 나쁘지 않아네요,0,긍정
주니,5,2023-02-13 10:13:45,다운로드완료에650시간걸려요?,0,긍정
오공,1,2023-02-13 09:11:56,"잔 버그가 너무 많고 결제 오류, 핵 등 치명적인 결함이 꽤 자주 나옵니다 게임은 재밌지만 오류로 인한 스트레스는 매우 높은 편입니다",1,부정
MintChocoLove,2,2023-02-13 09:06:04,"업뎃 전만 해도 쾌적하게 돌아갔는데, 업뎃 이후 화면 버벅임이 심해지고 소리도 뚜둑 끊기네요.",1,부정
유현규,5,2023-02-13 08:42:02,천사형..확률..업....,0,긍정
오시항,4,2023-02-13 07:52:07,뽑기할 때마다 게임이 종료되요.,0,긍정
S H,4,2023-02-13 06:34:55,다 좋습니다. 확률도 괜찮고 할만한 게임입니다. 하지만 아레나를 자동전투가 아닌 직접 컨트롤하게 바꿔주셨으면 정말 괜찮을듯 합니다. 충분히 판을 뒤집을 수 있는 게임인데 자동전투로 인한 변수로 패배하는 경우가 허다합니다. 아레나를 직접 컨트롤하게 해주신다면 정말 좋은 게임일 듯 합니다.,0,긍정
이현행,5,2023-02-13 06:12:02,재밌음,0,긍정
전minsu,5,2023-02-13 04:29:16,다 재밌는데 이번 업데이트 후 가챠할때 자꾸 튕기네요 갤럭시 A32인데ㅠㅠ 다시 깔아도 그러는데 패치 해주세요ㅠㅠ,0,긍정
라이,4,2023-02-13 03:36:24,재미는 있는데 가챠할때 너무 많이 팅김,0,긍정
좀비뜷어,5,2023-02-13 01:54:33,전체적으로 다 좋습니다 전투신이나 캐릭터 성우들도 좋고요 컨텐츠도 꽤 많습니다 사전예약하고 기다린 보람이 있다는 생각이 들어요 다만 이번 업데이트 후 최저사양으로 돌려도 툭하면 튕김니다 곧 수정될거라 믿고 기다리겠슴다 제 폰이 삼성 A31인가 그런데 혹시나 제 폰이 안좋아서 안돌아가는걸수도 있으니 이점은 망설이지마시고 제 폰 문제면 말해주세요.,1,긍정
도깨비혼령,5,2023-02-13 01:06:21,그래픽도 좋고 스토리 보는 재미도 있어요!,0,긍정
JH “Ragnos” K,3,2023-02-12 21:11:39,다른건 다 좋은데 캐릭터에 맞는 성우로 목소리를 땄어야 한다는 아쉬움이 크네요. 3~4명 성우로 톤만 대충 바꿔서 30캐릭터이상을 맞춘거 같이 다 비슷비슷.... 암만 한국성우 인재풀이 얇다지만 모게임 처럼 캐릭마다 성우 배정은 못하드라도 그래도 인원은 어느정도 맞춰야 하지 않나 싶네요.,0,중립
조영길,5,2023-02-12 20:12:29,시간가는줄. 모르고 계속하게. 됍니다 ㄱ ㄱㅇ,0,긍정
엔서,5,2023-02-12 18:37:35,좋음,0,긍정
Wask Eunice,5,2023-02-12 17:29:04,밸런타인데이 업데이트 이후에 랙이 너무 심해요ㅠㅠㅠㅠㅠㅠㅠ 살려주세요ㅠㅠㅠㅠㅠㅠ,0,긍정
김대현,1,2023-02-12 16:26:08,메인스토리 2-7 별이잠드는동굴에서 비비안을 저지하는 퀘스트가 비비안을 저지해도 채워지지않고 이후 비비안 근처에가면 어떠한 상호작용없이 스토리진행이 불가한상태입니다. 메인스토리 밀기귀찮은데 초기화해야하는겁니까?,0,부정
김주현,5,2023-02-12 16:13:15,다른 게임보다 재미있음,0,긍정
Google 사용자,5,2023-02-12 15:08:10,초반인데 재미잇요.에픽도 생각보다 잘나오고,0,긍정
less.JOCKER,4,2023-02-12 15:05:47,재밌게 하고있어요,0,긍정
min Jung,4,2023-02-12 14:26:36,보상도 후하고 컨텐츠가 많아 할만하네요,0,긍정
guerra fermanos,4,2023-02-12 13:27:20,아주 재미있게 겜 하고 있습니다. 아직 초보라 잘은 모르지만 게임플레이도 재미 있고 더 하고 싶은 마음이 들어요. 다만 소환 할 때 갑자기 앱이 튕기는 현상이 자주 있어 불편한 점은 있습니다. 그리고 겜 lagg 걸릴 때도 있어요.. 근데 저만 그런것 같아요,0,긍정
가수노래,4,2023-02-12 11:46:44,무과금으로도 편하게 할 수 있고 가볍게 할 수 있네요,0,긍정
주론,2,2023-02-12 07:50:52,자꾸 팅기고 넘느려여 특히 영지에서 나들이 가기하면 그냥 꺼지내요 ..,0,부정
이신미,5,2023-02-12 03:07:59,초반에는 모지 하는데 할수록 재밌는게임!!!,0,긍정
김태현 (영웅),5,2023-02-12 02:40:53,정말 완성도가 높은 게임이지만 그 저만 해당되는진 몰라도 뽑기를하면 갑자기 에버소울이 강제종료 되거나 전원이 꺼지거나 하는 현상이 생겨서 이 버그좀 고쳐주시면 좋을거같습니다.,0,긍정
윤지혜,5,2023-02-12 02:08:08,캐릭터와 기술이 괜찮고 게임이 재미있다.,0,긍정
ᅵᅵᅵᅵᅵᅵ,5,2023-02-12 01:35:30,샛ㄱㅇㅂ딕뵤다대밌ㅇ님신어오ㅡㄱㄹㄱ디,0,긍정
전주엽,5,2023-02-11 22:11:34,꽤재밌음,0,긍정
도형주,5,2023-02-11 20:36:06,"재미는잇는데 버그 넘많음 부계정 던전만 들어가려고하면 아무것도클릭안된채로 멈추고 영지버그는 그대로,, 업뎃후 렉걸리고 발열에;;",0,긍정
데실리안 (DeshilRiahn),2,2023-02-11 18:16:43,안드로이드인데 가챠 할때마다 게임이 팅기는데 저만 그러는지 모르겠네요,0,부정
고동수,5,2023-02-11 18:01:55,잼나네요~^^,0,긍정
su jin choi,4,2023-02-11 16:50:46,나쁘지 않은 퀄리티의 분재겜,0,긍정
정선호,5,2023-02-11 16:50:24,스킬쓸때 멈추는거좀 어떻게 안될까요 답답하네여....얼티메이트 스킬 쓸때 영상 나오는거도 끄고 킬수있게 해주세여,0,긍정
이성욱,1,2023-02-11 15:07:53,몆백단위로 박을거 아니면 손대지마요 :(,0,부정
임명곤,5,2023-02-11 14:21:52,재밌네요,0,긍정
최준영,4,2023-02-11 13:49:28,이번 이벤트 플레이 중에 불편한 점이 있어 글을 쓰는데요 권장 전투력이 26만이라 써놓고 왜 적의 전투력은 무른 35만인지 이해가 안가는데 이거 난이도 조절이 필요하다고 생각이 들고 보상은 난이도에 비해 너무 적고 살 수 있는 것도 별로 없는것이 플레이하는 것에 블편이 있네여 쨋든 지금 제가 이벤트를 5단계 플레이 중인데 아직 도전을 1번밖에 못 썻는데 어려워서 깨지도 못하고 나마지 도전도 못 쓰는게 이건 아닌 것 같습니다 이렇게 난이도가 어려우면 친구 정령을 쓸 수 있게라도 하단가 이건 뭐 이도저도 아닌 이벤트인 것 같아서 이렇게 글을 ㅆ는데 만약 이 글을 보신다면 패치를 하든지 해서 이런 불편 사항을 반영해 더 나은 게임이 될 수 있도록 부탁드려요,0,긍정
에스티SeeYa,4,2023-02-11 10:09:49,굿,0,긍정
정세훈,5,2023-02-11 10:08:45,굳,0,긍정
JINHONG PIAO,5,2023-02-11 09:11:01,코스튬이 더 많아지면 좋겠네요.,0,긍정
크레,5,2023-02-11 09:02:59,시작한지 얼마 안되서 컨텐츠 숫자는 적지만 재미있게 잘 만든 게임! 전체적으로 로딩이 좀 느리다!,0,긍정
벤큐,5,2023-02-11 07:40:53,생각보다 재밌네요,0,긍정
조은영,1,2023-02-11 06:08:11,게임을 깔고 플레이 하려는데 게속 기다려도 검은색 화면임..,0,부정
최준영,5,2023-02-11 04:38:10,재미 넘쳐요bb,0,긍정
박원석,2,2023-02-11 04:20:14,왜 소환만하면 팅기나요 자꾸 팅겨지는데 서비스안정화 한거 맞나요??,0,부정
비니,5,2023-02-11 02:38:07,"뽑기, 수급, 연출, 컨텐츠 그저 갓ㅡ겜",0,긍정
바늘고슴도치,4,2023-02-11 02:26:23,게임이 재밌는데요.....이상한게 최근부터 소환만하면 팅겨요! 원래 안그랬는데 갑자기 이러네요.......,0,긍정
박지훈 (JihoonPark),1,2023-02-11 02:19:28,업데이트 또하냐,1,부정
임경주,2,2023-02-11 01:59:40,업데이트이후로 뽑기에서 계속 팅기는건 수정 좀해주세요,0,부정
장공,1,2023-02-11 01:56:47,소환하면 게임 팅기면서 휴대폰화면이 검게 변해요 왜그런거죠?,0,부정
강길원,1,2023-02-11 01:40:16,"점검 잔뜩, 업데이트 잔뜩 망겜임인가?",0,부정
김세훈,2,2023-02-10 22:50:08,시작한지 72시간 중 26시간 점검으로 게임을 즐기지 못했어요. 강제 방치형 게임인듯,0,부정
김선우,2,2023-02-10 22:37:15,아니 먼 모바일게임이 렉도 심해 버퍼도 심해 뭐하번 할라그러면 몇초를 기다려야하고 팅기고 처음 접속도 안될때가 많고 서버관리 안하세요??,0,부정
개인취미 (오씨네축산),1,2023-02-10 21:30:59,역시 카카오 무한 점검,1,부정
조용,4,2023-02-10 19:03:15,별 기대 없이 시작했는데 재밌음 피드백도 빠르고 무난하게 하루 남는 시간에 하기 좋음 요즘 할 게임이 없었는데 잘 하고 있습니다,0,긍정
Master Mission,3,2023-02-10 18:53:17,버그가 상당히많은편이고 일단 계속 같은거만 반복하디보니 좀 지루한편 가챠자체는 후하긴해요,0,중립
조지훈,5,2023-02-10 18:51:01,재미나게 하고있어요,0,긍정
용용,5,2023-02-10 18:35:40,모든 캐릭터가 매력있고 이런류의 RPG를 좋아하는 사람이라 상당히 재밌습니다. 이벤트도 상당히 많이하고 보상도 좋고 개성넘치고 매력있는 게임이라고 생각합니다.,0,긍정
하리보,5,2023-02-10 17:59:46,살면서 하는 모바일게임중 제일 오래하고있음,0,긍정
하하하하핰,5,2023-02-10 17:49:47,굳,0,긍정
turtter,5,2023-02-10 17:48:55,☆☆☆☆☆,0,긍정
이시아,4,2023-02-10 17:23:55,"정말 재밌게 즐기고 있었는데 업데이트 이후에 갑작스럽게 렉과 모션 끊김, 버그가 동시에 증가한 느낌… 하지만 구원자 공속은 ㄹㅇ 갓패치 인정해야한다고 봄. 영지퀘 하는맛이 생김 ㄹㅇㅋㅋ",0,긍정
황근하,5,2023-02-10 16:48:21,에버소울을 플레이하면서 일상에 소소한 행복이 되고있습니다.,0,긍정
김민철,1,2023-02-10 15:35:29,업데이트하면서 게임 이상해짐,1,부정
gisik hahm,5,2023-02-10 14:50:00,좋은 별점은 드리겠습니다만.. 이번 점검은 너무 심한거 아니오~!!,0,긍정
HK Baek,4,2023-02-10 14:35:58,재밌긴한데 게임이 좀 지루함 스킵안되는것도 많고 자잘하게 그냥 터치하나로 넘어가면 좋겠다 싶은것들 기다려야 하는게 많음 그래도 할만한거같아거 5개 주려고 했는데 점검 좀 선넘네,0,긍정
머랭머랭이머랭,1,2023-02-10 13:07:48,70명의 디자인팀을 두었지만 캐릭터3d 디자이너는 한명인가? 면상이 평면도 아닌데 정면 면상에만 그 어떤 그림자도 존재 하지 않아 홍조도 없어 일러랑 비교되는 못생긴 면상 . 스킨 얻으면 좀 프로필 이미지라도 바꿔줘라 유료로 팔아도 사니까 스킨 바꿔주는 재미도 없고 차마 스킬 이펙트도 바뀌는 타게임이랑 비교까지는 바라지도 않음 영지는 꾸며봣자 바닥과 오브젝트가 구분도 안돼어 잇어서 나중엔 따로따로 선택 하기도 힘들거니와 영지꾸미기 메뉴가 존재하지않아 꾸밀수가 없음 그냥 구색을 갖추기 위해 존재하는 시스템일 뿐인 컨텐츠 딱 하나 잘한건 열려버린 내용들에 빠른 업데이트 대처 그 이상 그 이하도 아니라서 같이 시작한 지인 4명은 이미 다 접음 부디 리뷰가 삭제 되지 않고 나중에 더 많은 업뎃을 해서 위의 내용들이 다 바뀌기를 (업뎃한다던 캐릭터 그대로인게 레전드),1,부정
우기,3,2023-02-10 12:54:24,업데이트 할 때마다 서버가 너무 끊기는데 시간을 늘려서라도 안정화 다 시키는 방향으로 가면 좋을 거 같아요 흐름이 너무 끊겨서 한번 업데이트 하고 말 걸 여러번 하면 서로 손해잖아요,1,중립
남우진,4,2023-02-10 10:37:47,게임은 진짜 재밌는데 업데이트후 자꾸 튕기네요 튕기는건만 수정하면 완벽한것 같네요,1,긍정
김태성,5,2023-02-10 09:50:40,괜찬네요 시간도 잘가고 그래픽도 괜찬고 천천히 즐기믄서 하는겜 ㅋ,0,긍정
박종태,5,2023-02-10 09:15:47,굿,0,긍정
차진만,2,2023-02-10 08:28:41,뽑기 확율좀 올려주세요,1,부정
행운,2,2023-02-10 08:14:51,"초반 스토리가 너무 길고, 스토리 스킵 기능이 있었으면 좋겠다",1,부정
김꽃게,5,2023-02-10 07:50:49,잼있어요,0,긍정
김대성,5,2023-02-10 06:31:31,굿,0,긍정
SUPER SHOTGUN,1,2023-02-10 06:20:50,컨텐츠는 많은데 강제또는숙제 느낌 으로하는것뿐들이고 자유롭게 하는 겜이 아님;;; 접속하면 벌써부터 졸리고피곤함,1,부정
ᄅᄂᄉ,3,2023-02-10 05:29:34,나름 재밌는데 겜이 좀 자주 튕기고 버그가 많은 편이네요 특히 업데이트 이후 뽑기 스킵만 눌렀다하면 튕김....,1,중립
『크로스파이어』『CrossFire』,5,2023-02-10 05:03:58,재미가 좋아요 픽업으로 뽑기도 괜찮고 게임 재미도 좋고 제 스타일 게임이네요,0,긍정
캣온 Cat On,5,2023-02-10 04:28:51,10연 뽑기 할떼 게임이 튕겨서 재 접속했는데... 다이아만 먹었어요 ㅠㅠ 버그좀 수정해 주세요 ㅠㅠ,1,긍정
이동산,1,2023-02-10 04:02:37,👍,0,부정
리니,5,2023-02-10 03:55:54,할만함,0,긍정
피엔나,5,2023-02-10 03:55:01,잼,0,긍정
이우엽,5,2023-02-10 03:09:50,방치형 좋아하면 재밋음,0,긍정
s동훈,5,2023-02-10 02:51:51,발렌타인 업데이트이후 잔 렉이 너무 심해졌어요 ㅠ,1,긍정
김경미,3,2023-02-10 01:56:37,뽑기 스킵하면 튕기고 방금도 나들이 가려고 했다가 튕겼습니다. 그리고 너무 심하게 렉이 걸려요.,1,중립
김만기,1,2023-02-10 01:51:45,최적화 로딩 개선좀해요 발열이렇게심하나 화면넘어가면 무조건 로딩인더 시간도김,2,부정
빈,1,2023-02-10 01:37:31,자...이제 에버소울은 지우고 헤븐 번즈 레드를 하러 가자!!! 국산게임은 답이 없다...에버소울에 현질한 호구들이나 열심히 하라구 ㅋㅋ,2,부정
김태연김태연,5,2023-02-09 23:55:42,할만함,0,긍정
김성훈,5,2023-02-09 23:43:29,재미 있네요,0,긍정
통솔자,3,2023-02-09 23:04:49,게임은 잘 만드셨고 엄청 좋은 편인데 렉이 너무 심해요. 하루에도 몇십번이 튕겨져서 게임이 나가진다고요.. 서버렉좀 줄여주세요. 소환할 때나 나들이 갈 때 자꾸 렉때문에 튕겨져요.,2,중립
킴탠,2,2023-02-09 22:13:27,업데이트 할수록 게임이 느려지는중...,2,부정
유장필,4,2023-02-09 22:05:29,업데이트하고 갤22로 플레이하기 힘드네요..,2,긍정
김진아,2,2023-02-09 21:58:27,한창 할때도 화면 전환시에 로당이 길어서 불편했는데. 어제 업데이트 이후로 로비화면부터 버벅거리고. 팅기고. 핸드폰 재부팅까지 시키더라구요... 최적화가 완전 최악이에요. 제 폰이 망가질까봐 무서워서 지웠습니다. 재화는 넉넉하게 잘 줘서 별 2개 줍니다.,1,부정
하쿠,5,2023-02-09 21:01:46,꿀잼,0,긍정
이은주,2,2023-02-09 20:50:42,재미있게 하는 중인데 머가 이렇게 팅기는지 소환하고 나면 겜이 꺼지네요 제거하고 다시 설치해도 같은 현상 임 사양 낮게 했는데도 벅벅거림 오래 하고 싶은데 고쳐주면 안 되나요,2,부정
신우석,4,2023-02-09 19:42:53,캐릭터성이 아쉬워오,0,긍정
SE B,3,2023-02-09 17:54:16,전부 스테이지가 정말 쓸데없이 길다. 답답하고 먹먹해진다,0,중립
최수환,2,2023-02-09 17:40:43,"호감도9 인데 어떻게 하면 10으로 될 수 있을까요? 3000인데 미션,퀘가 안뜨네요.",0,부정
이석규,5,2023-02-09 17:24:57,자꾸 기대하게 되네요,0,긍정
장승하,2,2023-02-09 16:24:31,발렌타인 업데이트 이후 게임 실행 10분뒤 렉이 너무 심해집니다. 처음 10분간 렉없이 잘진행되다가 꼭 10분만 딱 지나면 거짓말같이 렉이 엄청 심해집니다. 폴드4 쓰는데 다른게임들은 안그러는데 에버소울만 발렌타인 업데이트 이후로 렉이 너무 심합니다,1,부정
에기르 (KMS Ägir),5,2023-02-09 16:11:52,캐릭터들이 대부분 매력적이라서 좋다 이말입니다,0,긍정
조성빈,5,2023-02-09 14:25:47,노래 맛집,0,긍정
김우진,3,2023-02-09 13:35:42,이번 업데이트 이후로 계속 튕기고 설정에서 프레임 낮음을 설정을했는데 안되네요,1,중립
저작동,3,2023-02-09 13:05:28,이번에 업데이트 하니까 게임이 계속 팅기던데 잠시 접습니다 안정화 될때 까지 기다리겠습니다,1,중립
Lucky Hamster,5,2023-02-09 11:47:18,"그럭저럭 괜찮은것 같다. 영지 시스템이 마음에 들지만 좀 불편한 점이 많다. 모서리 타일이나 모서리 벽이 없다거나, 설치를 해야 효과가 적용되는 부분들 때문에 제약이 좀 있다",0,긍정
정윤성,5,2023-02-09 10:38:49,"중과금 유저 (오픈후 대략 한달 좀 넘는 시간동안 60씀) 겜은 재밌음 운영진들도 소통하려는 모습도 보임. 과금모델도 충분히 이해가능한 선이고, 이벤트도 자주함. 밸런싱 및 신캐출시 정도만 꾸준히해서 질리지않게 해준다면 충분히 오래갈 게임. +)카페유저들보면 ㄹㅇ불편러들이 많음 억까 굉장히 심하다고 생각함... 이런 반응에 휘둘릴까봐 걱정될 따름",0,긍정
한별,3,2023-02-09 06:20:22,아이패드 9세대는 왜 업뎃 한후로 계속 잘플레이하다가도 중간중간에 왜 튕기나여?...,0,중립
hyojeong kim,2,2023-02-09 06:08:47,게임화면이 깜빡임 심합니다,0,부정
김원섭,5,2023-02-09 05:41:24,잼있어요,0,긍정
ᄋᄋ,3,2023-02-09 05:24:51,업데이트 하니간 게임을 못할정도록 렉이 심해짐,0,중립
배성원,2,2023-02-09 05:14:27,그냥저냥인 게임 돈지른게 아깝,0,부정
반포,5,2023-02-09 05:00:50,할만함,0,긍정
맥모닝,5,2023-02-09 04:17:57,국산 서브컬쳐 게임 중에서는 잘만든 축에 속하는 웰메이드 겜은 맞는듯. 다만 2%씩 부족한 느낌이 있긴한데 개선도 은근 빠른 편이고 업데이트도 항상 기대되는 편,0,긍정
허건,5,2023-02-09 03:34:22,업데이트 후 게임 동작안하고 튕기네요,0,긍정
문준호,5,2023-02-09 00:39:57,유저친화적 게임이라 너무 좋다...국산겜이라 기대 1도 안했는데 최근해본 가챠겜 중에서 가히 갓겜이라 생각함...아직 버그나 고쳐야할 점도 있지만 운영진이 피드백이 빠른 편이라 믿고 플레이 함. 원래 모바일겜에 과금 절대 안하는데 이건 소과금 하면서 플레이 중. 물론 무과금 해도 천천히 즐기면 차이가 나도 어느정도는 따라잡을 수 있는 시스템임.,21,긍정
정신,5,2023-02-08 19:58:59,굿,0,긍정
Ho ryong Jang,4,2023-02-08 15:51:21,"그럭저럭 할 만은 합니다. 단, 이후에 서비스를 방치하지는 않았으면 합니다. 많은 게임들이 처음에는 잘나가다가 그렇게 망하는 경우를 많이 봤습니다.",0,긍정
딸라일러,4,2023-02-08 15:42:54,재밋네여,0,긍정
srty,1,2023-02-08 14:56:47,밸런스 망겜임 아레나 시간은 짧아가지고 방어덱만 하면 이기고 전투력은 믿을게 못 되고 어떻게 된게 아레나에서 전투력 2만 이상 낮은 애한테 지고 린지는 스킬이 안 맞고 디버프나 그런건 데미지 들어가면서 타격 스킬들은 데미지가 들어가지 않을 때가 많고 무슨 전투력 2만 이상 차이가 나도 상대 유닛을 보고 싸움 걸어야 되는 점에서 전투력이 믿을게 못 됨 캐릭터 끼리에 밸런스도 안 맞음 레벨업에는 자원이나 조각이 많이 들어가는데 자원은 많이 나오지도 않고 따로 자원이 많이 나오는 일일 던전이나 그런것도 없고 그렇다고 자원이 방치해서 많이 나오는 것도 아니고 강화부터 레벨업에 승급까지 자원 겁나 많이 필요하고 현질 안하고 할려했는데 현질을 할 수 밖에 없게 만듬 현질 안 하고 플레이 하고 싶은 사람은 안 하는게 맞음 디펜더 유닛은 하라는 방어는 안 하고 방어를 해도 금방 죽고 솔직히 디펜더 보다 딜러가 더 탱커 같다. 밸런스가 그대로 망한 게임임,5,부정
RS J,4,2023-02-08 14:30:12,현질 좀 해야함,0,긍정
이혁준 (Gracias),5,2023-02-08 10:31:18,ㅈ92ㅏ둔,0,긍정
얼음별,5,2023-02-08 09:16:37,순이0티어로 만들어주세요 ㅠㅠ,0,긍정
김명수,4,2023-02-08 08:39:33,단점:버그가 많음. 장점:이벤트를 많이한다.캐릭터들이 예뻐서 눈으로도 즐길수 있다. 이중에 버그좀 제발 고처주세요.빨리빨리 버그 고치면 불만없이 즐길 수 있을겁니다.캐릭터는 말할것도 없으니 버그좀 ㅜㅜ,1,긍정
SG Jeon,1,2023-02-08 08:36:53,버그난무 후우 한달넘게 하다가 꼬접함,0,부정
윤상배,5,2023-02-08 04:45:50,굿,0,긍정
GC 수석 (승호뿌잇),5,2023-02-08 03:58:24,갓겜,0,긍정
김대훈,5,2023-02-08 03:36:46,굿잼,0,긍정
김현수,5,2023-02-07 23:57:32,굿,0,긍정
조우현,4,2023-02-07 23:40:48,즐겁게 게임하고 있어요,0,긍정
jin chun,5,2023-02-07 23:36:13,잼나네!,0,긍정
박철희 (철철),3,2023-02-07 19:58:16,로딩이너무김.배터리너무닳음.발열.뽑기쓰렉.,0,중립
dd aa,5,2023-02-07 18:30:49,재밌음,0,긍정
재민,5,2023-02-07 16:48:07,좋아요,0,긍정
장현빈,5,2023-02-07 14:31:08,여러가지면으로 매우만족합니다. 하지만 플레이하다보니 수집 방치형게임인데 여러화면으로 넘어가는 로딩시간이나 게임중 일일이 하나하나 스테이지를 밀어야된다는부분에서 불편한것같습니다 스토리 자동 진행이나 게이트자동진행을 만들어주시면 편할것같습니다.,5,긍정
쪼꼬낭자,5,2023-02-07 13:22:45,메인스토리 보는맛ㅈ이 있군요,0,긍정
권현민,1,2023-02-07 13:01:44,스토리와 전투에 관해서는 잘모르겠음.매번 나오는 폰게임이랑 별반 차이가 없어서 특별하다 느껴지지않음.대략 10만원 가까이 현질을 한거 같은데 느낌은 돈이 아깝다라는 생각뿐..게다가 영지 컨텐츠를 만들꺼면 제대로 만들던가..그냥 형식상의 느낌이 강함.처음 영지를 받으면 좀 넓다라는 느낌이였는데 건물 몇개 세우면 어느새 꽉차있고 거기다 영지 일퀘를 할려다보면 건축물이나 기타 오브제때문에 방해 받기에 아무것도 없는게 더 좋을 때가 많음.거기다 영지 아래쪽은 성벽때문에 시야를 방해받아 회전을 해서 보고 싶은데 그럴수도 없음.일단 일퀘나 좀 어떻게 해줬으면....잡는 몹을 줄이던가 했으면 좋겠음..근데 상식적으로 영지에 몹 10마리나 들어오면 그 영지는 초토화 돼있는게 맞는거 아님..? 좀 허용이 될만한 퀘스트를 내주던가 없애던가 했으면 좋겠음.,0,부정
이럴수가,5,2023-02-07 12:51:50,굿,0,긍정
슈프라켄1,1,2023-02-07 12:15:02,버그가 난무하며 재화관련된 게임에직접적인 영향을 끼치는버그도 인지하고있지만 방치하고 냅두는 방치형게임에 운영도 방치형 운영을하는 cbt를 돈내고하게되는게임...,1,부정
LYSB I,1,2023-02-07 12:06:12,버그 악용도 방치 결제 오류도 방치 걍 모든걸 방치만 하는 레전드 게임인듯 괜히 for kakao가 붙은게 아니야 ㄷㄷ,1,부정
白丙皓,5,2023-02-07 08:12:24,프리코네 하다가 넘어왔는데 더 재밌습니다. 컨텐츠도 더 많고. 현질도 심하게 안 해도 되고요. 반복 노가다를 좀 줄이고 컨텐츠를 더 늘리면 더 재밌을 것 같습니다.,0,긍정
강창현,5,2023-02-07 02:57:01,재밌어용,0,긍정
김현기,5,2023-02-07 00:54:29,맘에 드는겜인거같네요,0,긍정
Zach Lee,5,2023-02-06 23:14:23,"추가 컨텐츠 절실함... 이제 거의 모든 컨텐츠 소진 됐어요... 추가 컨텐츠 아직인가요? 제가 게임만 35년차 인데요. 다 좋은데 핵과금러들 내가 낸데 할 수 있는 컨텐츠 보완, 동일한 게임류의 컨텐츠만 가져오지말고 창의적인 사고를 하시고, 그래픽이 좋은 애들은 좋은데 산으로 가는 애들이 있네요. 인원 보강이 필요하면 어서 하시고.. 물들어 올때 노 열심히 저으시면 대박 날 듯 합니다.",1,긍정
이성은,5,2023-02-06 21:47:20,좋다,0,긍정
권호진,5,2023-02-06 17:21:06,잼있어요,0,긍정
뚫훐뚫,5,2023-02-06 15:43:00,아주굿베리굿,0,긍정
lee Strange,1,2023-02-06 13:57:05,시대 착오적인 게임 시스템과 더불어 국어책 읽는듯한 메인 캐릭터 성우 연기들 때문에 도저히 못하겠음,0,부정
조준혁,4,2023-02-06 13:04:38,굿,0,긍정
박성진,4,2023-02-06 12:51:08,좀더 해봄,0,긍정
오충훈,5,2023-02-06 12:12:52,재밌게 잘 하고 있어요,0,긍정
이재현,5,2023-02-06 11:30:25,굿,0,긍정
이규환,5,2023-02-06 09:45:13,굿,0,긍정
Sorry next,5,2023-02-06 05:56:37,인연Lv9 업적 오류좀 고쳐주세요..ㅠ,0,긍정
한인호,5,2023-02-06 03:03:29,게임을 상당히 디테일하게 신경써서 만든게 딱 보여집니다 그저그런 양산형게임보다 백배낫습니다 잘만든게임입니다!!!!,0,긍정
김건효,1,2023-02-06 01:26:14,작업이 끝날때마다 connecting 뜨면서 시간을 잡아 먹으니 게임을 즐길수가 없습니다. 추신 : 이제는 그만하렵니다. 성질만 버리는거 같네요. 제발 게임이 되도록은 해줘야지요. 접속불량 너무 심합니다. 와이파이건 lte건 시도때도없이 connecting 인데 사용자탓을하네요.,10,부정
정승혁,1,2023-02-06 00:29:42,"5점이었으나 버그 방치로인해 수정함 1.영지 알바버그가 유저마다 랜덤으로 걸림 2.문제점을 파악하고 있음에도 방관하는 태도 3.결국 오픈 한달차가 돼서야 2월 9일쯤 고친다는데, 시스템상 유저마다 다르게 손해가 누적되기 때문에 느긋하게 고칠 정도의 버그는 아니라고 봄 4. 심지어 현시점 알바 코인 2배이벤트라 유저마다 2배씩 갈라지는중",31,부정
내가그린기린(susu_su),2,2023-02-05 22:50:11,"Afk라기에는 할일이 너무너무 많고, 전투 스킵안되는게 많아서 시간이 너무 오래걸려요. 잔 버그는 왜이리 많은지 ㅠㅠ 픽업뽑기.. 하 진짜 극악의 확률. 설마했지만 역시나. 별두개. 그냥 저냥무과금으로 즐기십시요.",1,부정
박창언,5,2023-02-05 22:48:09,진짜재밌음,0,긍정
권선징악,5,2023-02-05 21:32:07,몃일전처럼 예장 모드에서도 정령들 터치 반응하게 해 주세요.. 아무런 말 없이 언제 잠수함 패치를 했나요? 이런 말없는 패치들 너무 합니다,0,긍정
빼다라치,5,2023-02-05 18:07:38,good,0,긍정
두니,1,2023-02-05 15:34:49,로딩시간이 4분이 걸리네 ㅋㅋㅋ 로딩으로 시간 다 잡아먹겠다 ㅋㅋ 게임이름 바꿔라 로딩소울로 ㅋㅋ,0,부정
진성정,5,2023-02-05 15:27:36,이 게임은 영지 꾸미는게 찐 재밌는듯해요ㅋㅋ,0,긍정
Dogi Jang,4,2023-02-05 15:25:08,잘부탁드립니다,0,긍정
daehong kim,3,2023-02-05 10:34:37,가로고,0,중립
로키,3,2023-02-05 10:17:20,다른게임보다 발열량이세네요 잠간했는데 배터리 반이 없어지네요 그외는 괘안네요,0,중립
SANGWON LEE,3,2023-02-05 10:12:32,"그래픽과 스토리, 컨셉, 콘텐츠 등 운영측에서 얼마나 많은 노력을 했는 지 알 수 있습니다. 그러나 저 같은 경우에는 시간이 있든 없든, 시간이 너무 지체 되는 것을 별로 좋아하지 않습니다..스토리 있는 부분은 남되, 기억의 회랑이나 조각난 차원 던전 같은 경우의 전투씬은 스킵 버튼이 있었으면 합니다.. 시간을 너무 잡아먹습니다.. 내가 시간도 많고 할 것이 이게임 밖에 없다 싶으면 상관없습니다..저는",26,중립
박홍혁,3,2023-02-05 09:41:31,우선게임자체는 잼있는데 에피소드가 너무 많고 적이 너무강하고 던전 자체가 좀힘들고 좀간소화 시켰으면합니다 렙업도 힘들어요,0,중립
이성원,4,2023-02-05 07:03:22,굿,0,긍정
유선홍,5,2023-02-05 06:37:25,"게임 정성준내있게 만들었네,,,",0,긍정
JinYeop Kim,1,2023-02-05 05:40:59,야랄났네 진짜,0,부정
ddd123 1,5,2023-02-05 04:22:57,얍얍,0,긍정
신장군신장군님,5,2023-02-05 03:19:23,왜인지 모르겠으나 은근 만족하며 하게됨,0,긍정
김평종,5,2023-02-04 14:36:29,굿,0,긍정
와그작와그작,5,2023-02-04 13:28:58,전체적으로 퀄리티가 좋고 가챠확률도 나쁘지 않습니다 스토리 재미없다는 분들 조금 있으신데 저는 이정도면 재밌다고 생각합니다,0,긍정
잼므,5,2023-02-04 11:17:18,한국유저들은 재밌는건 둘째치고 컨텐츠의 시간단축이 필요해요,0,긍정
김주호,2,2023-02-04 08:31:35,전투 스킵 기능필요,0,부정
L M,1,2023-02-04 07:23:36,사료도 없음 방치형인데 귀찮은게 많음 픽업 천장이 없기 때문에 150뽑 0마리 이런거 흔합니다. 일반뽑 제외 (필요한 편의성 수급방안 개선 하라고 문의를 했지만 상품으로 팔아버리기) 운영도 아름답게 해줍니다 과금 열심히 해주세요^^,1,부정
박규태,5,2023-02-04 04:24:01,즐기고있어요,0,긍정
정석환,1,2023-02-04 02:45:01,한번 해보려다 삭제함 다운 오래걸려.,0,부정
박문수,5,2023-02-04 01:26:09,재미있다,0,긍정
복실복실,2,2023-02-04 01:18:51,전체적으로 많이 어설픈 연출 스토리... 전투씬도 그닥 애매한 그래픽에 캐릭터 개성도 없음 많이 아쉽네,0,부정
K.h Ryu,4,2023-02-04 00:50:13,과금유도가 어마어마...,0,긍정
B B,5,2023-02-03 22:57:49,미안하다 디얍콘만 받아서 잘쓰고있다...,0,긍정
이기훈,5,2023-02-03 19:43:32,재밋어요,0,긍정
일레븐하라맨이야,4,2023-02-03 17:00:56,찌지,0,긍정
골드스파,5,2023-02-03 15:13:05,안녕하세요,0,긍정
김현우,5,2023-02-03 14:13:06,좋아,0,긍정
윤승찬,5,2023-02-03 13:08:42,캐릭터 이쁨 움직임도 자연스러움,0,긍정
마다,2,2023-02-03 12:40:56,할 것은 많지만 중반부가면 루즈해짐 그래서 접속을 잘 안 하게됨 그려면 게임을 지우게됨,1,부정
정종두,4,2023-02-03 10:12:27,좋아용,0,긍정
코비코비,5,2023-02-03 08:42:37,재밌네요,0,긍정
eunik ko,5,2023-02-03 08:03:42,의외로 재미있음,0,긍정
조성원,4,2023-02-03 06:18:59,굳,0,긍정
정치훈 (시크한훈이),5,2023-02-03 05:25:36,귀엽네요ㅎ,0,긍정
오솔길,5,2023-02-03 00:48:20,잼나게 하고 있어요.,0,긍정
AstæNya,3,2023-02-02 23:10:26,지루함,0,중립
이상준,5,2023-02-02 22:41:18,good,0,긍정
Ji min Jung,5,2023-02-02 19:39:25,퀄리티 나쁘지 않고 뽑기도 좋은듯,0,긍정
노현석,5,2023-02-02 16:15:41,S23은 실행이 안되서 아쉽군요,0,긍정
송정훈,3,2023-02-02 16:11:27,보상을 너무 줄엿슴 좀더 푸세용,0,중립
조인성,4,2023-02-02 15:54:24,재밌는데 일퀘가 너무 지루하고 너무김 다른 모바일 겜들은 일퀘하는데 15분도 안걸리는데 이게임은 일퀘하는데 30분은 더걸림 일퀘만 빠르게 할수만 있다면 더재밌을듯,1,긍정
빡민,2,2023-02-02 15:20:29,화면 전환이 안돼요.. 충전기 꽂고 쓸때 충전기 방향 불편해 죽겠음,0,부정
김하겸,5,2023-02-02 15:13:20,오 나이스,0,긍정
박성홍,1,2023-02-02 14:15:48,벨레나 쓰레기만들어놓고 지들맘대로 성능 개뵹신으로 만들고 쓰레기게임입니다 밸런스 패치라면서 쓰레기로 만들어버리네요 토나옵니다 절대 이겜하지마세요,0,부정
꼬야,5,2023-02-02 13:53:48,재미있습니다,0,긍정
s초코머핀,4,2023-02-02 13:47:11,"게임은 재밌는데 화면점멸 , 깨짐, 늦은로딩 등 기술적문제가 심합니다",0,긍정
야야,5,2023-02-02 12:51:57,아이런,0,긍정
Jin He,4,2023-02-02 10:36:13,성장패키지 결제할때 오류떠서 결제는 되고 상품지급이 안 되고 있는데 문의도 남겼는데 언제 상품 지급 되나요??;; 몇번을 재접속 해도 안 되네요 다른 상품은 바로 지급 되는데,0,긍정
Dun터리,1,2023-02-02 09:43:41,증명할순없지만 지금껏 많은뽑기게임을 통해 익힌 감각이 저에게 말해줍니다 이게임 뽑기확률 조작이 심하다고요 과금상품 효율도 않좋네요 소울패스나 샤링팩 마농팩같은거 사봤자 무과금이랑 별차이도 안나요 저는 물 조금 부어보고 밑빠진 장독 인것이 확인되면 더이상 지갑 안엽니다. 컨텐츠는 미흡한데 픽업주기는 짧고 소환확률은 낮고 마일리지 충족조건은 높고 안그래도 슬슬 꼬접각이 나오던참이였는데 신캐팔아먹으려는 노골적인태도가 결정타가 되어 이렇게 지능탈출을 합니다 이젠 국산게임이 중국게임보다 수준떨어지네요 마음 한켠이 씁쓸합니다,1,부정
그림자,4,2023-02-02 07:53:56,깔고 이후부터 잘하고 있는데 1월30일 오늘 갑자기 안 들어가져요 약 8시부터 3시30분인 지금까지도요/더는 못 하는건가요?/다음날에는 들어갔어요. 딱 1월30일만 안들어가진 이유가 뭘까요?,0,긍정
레쿠제,5,2023-02-02 06:49:34,굿!!,0,긍정
이동희,2,2023-02-02 06:25:39,정말 할껀 많은데 재미가 없습니다. 특히 캐릭터들이 스킬 쓸때마다 게임 흐름 끊기는건 정말 최악입니다.,0,부정
Sia Choi,3,2023-02-02 06:09:15,탈리아패키지 구매했는데 보상수령이 안됬어요 확인부탁드려요,0,중립
김규성,3,2023-02-02 05:51:27,23년 2월 2일 업데이트 하는중 아직도 안접은나 대단하다,0,중립
icewaffle,4,2023-02-02 05:49:22,"스토리라인이 읽기 힘들 정도로 뭣같음. 그냥 애들한테 읽어주는 전례동화 수준의 스토리를 넣어놨는데, 그 원*도 이것보단 스토리가 흥미로움. 거긴 국가적 차원에서 스토리라인에 제약을 많이 거니까 그렇다치지만 우리나라 게임이 이러니까 그냥 재패니메이션 냄새나는 향수 좀 뿌리고 오타쿠 유인해서 돈 빼먹겠다는 심보가 노골적으로 느껴짐. 그러나 이 외에 것에서는 단점을 그닥 찾진 못했음. 굳이 더 꼽아보라면, 리*지에서나 볼법한 가챠확률 극악의 초희귀 종족 천사/악마같은걸 넣어서 없는 사람은 두고두고 꼽게 만든다는 점, 영지 내에서 버그가 시도때도 없이 일어나서 그날 먹을 수 있던 가챠재화를 버그 때문에 못먹는다는 점을 꼽을 수 있겠음. 그러나 천사/악마 종족은 성능이 좋긴해도 일반 네 종족에 비해 마구마구 좋은성능이라고 말하기는 어렵고, 영지 버그는 인지하고 고치는 중에 있다니까 믿고 기다리는 중에 있음. 나쁜 게임은 아니나 남에게 선뜻 추천하기는 힘든 게임임.",0,긍정
김기원,5,2023-02-02 04:58:02,간만에 할만한 게임 등장,0,긍정
박민주,5,2023-02-02 04:33:40,재미있어요,0,긍정
국산유저,4,2023-02-02 03:59:23,조준하는것 쉽게 해주세요,0,긍정
문현삼,2,2023-02-02 03:52:43,Afk아레나와 다른점을 모르겠음. 일러정도??,0,부정
박시현,1,2023-02-02 03:25:42,재밌을뻔 했지만 운영도 개같이 하고 업뎃 할때 300 소울 찔러주는건 뭐 어따가 쓰라는거임?,0,부정
김유진,5,2023-02-02 03:24:24,아주 대만족입니다 더욱더 업그레이드 글구 아바타 모션 너무너무 만족합니다,0,긍정
Ryuusung Rune,3,2023-02-02 03:06:27,"진짜 열심히 잘만들었지만 게임 자체가 CBT를 안거쳤고 미완성인채로 출시한게 문제. 메인스토리도 준비안되있고 호감도 시스템도 만들어놓고 스토리가 준비안되있고 BGM도 문제,...월정액 BM은 왜 가격은 경쟁 게임들에 비해 너무 높게 책정되있는건지 게임을 출시할땐 알파,베타테스트 거치고 출시해야하는데 왜 준비도 안된채 출시한건지 SD캐릭터 모델링이나 마을 가꾸기 시스템은 감탄했지만 여러모로 아쉬운겜.",7,중립
성윤호,5,2023-02-02 02:31:44,쿠폰좀줘여,0,긍정
박재일,3,2023-02-02 02:30:23,없는 정령케릭도 인연스토리 되나요? 버그아닌가요? 게임 그럭저럭 할만한데,0,중립
호야,5,2023-02-02 02:27:46,개꿀잼,0,긍정
스프링,1,2023-02-02 02:24:35,"카카오게임즈답게 말딸절차 밟아가고있음 탈리아, 지호 픽업때는 그래도 좀 나오더니 신캐 벨리나 270뽑(5만다이아 이상) 픽업캐릭 안나옴 잠수함 패치 하고 유저 다떠나고 평점 1점 되봐야 외양간 고칠듯",1,부정
정승욱,5,2023-02-02 02:24:15,요정형좀 주세요...,0,긍정
솜사탕,1,2023-02-02 02:16:32,현질 유도가 심해요,0,부정
이승용,5,2023-02-02 02:05:51,잼쓰요,0,긍정
시로유키,5,2023-02-02 01:49:18,지금은 너무 재미잇게 합니다!,0,긍정
빙도르,5,2023-02-02 01:45:27,재미 있다 다만 하드한 유저에게는 마나더스트 골드 크리스탈이 너무 부족하다. (방치로 하면 정돈 아닐듯?) 길드 컨텐츠의 추가가 필요해 보이고 영지가 있는 김에 길드 원들이 모이는 성같은것도 있으면 재미있을듯하다,0,긍정
ys꽃혜,5,2023-02-02 01:44:01,게임이 넘 제취향이에요 요새취향저격게임이없엇는데 완전 맘에듬!! 간략하고 숙제도 적당히잇고 무엇보다 캐릭터들이 넘 귀엽 한복입은아이들 더 많이 나왓음좋겟어요!! 인연작 넘 재밋어요ㅎ코스튬 대환영!!! 메인스토리도 언능 다음꺼 만들어주세요ㅜㅜㅜㅜ 거기서끊는게어딧어요,0,긍정
임찬영,5,2023-02-02 01:37:56,댕꿀잼,0,긍정
수노밍쿠,5,2023-02-02 01:37:03,굉장한 게임이다. 한국 모바일의 장점과 글로벌 게임들의 장점을 절묘하게 믹스해서 명작이 나왔다고 생각 됨,0,긍정
스위트러블,5,2023-02-02 01:33:32,인연스토리 개선좀...,0,긍정
박경훈짱,5,2023-02-02 01:32:30,굿,0,긍정
남채민,5,2023-02-02 00:25:10,리뷰 수정합니다. 재미있고 개성미기 넘치고 좋습니다만 자꾸 튕길때가 많네요 이 버그 고쳐주시면 감사하겠습니다,0,긍정
곰길이,1,2023-02-01 23:35:29,방치형게임이라더니 버그도 방치하는 망겜,0,부정
윤지훈,5,2023-02-01 23:03:53,너무 재밌음,0,긍정
시여니,5,2023-02-01 18:08:02,재미씀,0,긍정
콩시기,5,2023-02-01 11:41:22,무난하게 잘하고일ㅆ는거같아용 움.... 그냥 무난하게 잘하고있네용 좀더 성장지원이 잘되었으면좋깄어용,0,긍정
ź ò,1,2023-02-01 11:30:49,그냥 그냥 그래요 ㅎ,0,부정
이서현,5,2023-02-01 10:40:58,"애버소울은 초창기 때부터 애정을 가지고 했던 게임입니다. 처음에는 재화도 많이 주고 할 요소도 많은 게임인줄 알고 아무 생각없이 애버소울만 했던거 같습니다 나온지 얼마 안된 게임이라 몇개는 넘기고 계속 했지만 문제가 되는게 좀 많습니다 일단 첫번째로 할게 많아보이지만 할게 적습니다 무슨 말이냐면 스테이지가 많아보이지만 바뀌는건 없는 계속되는 싸움, 또 스토리도 재미가 딱히.. 없습니다.. 영지는 버그가 너무 많고, 인간형이니 뭐니 결국 현질하고 강해져서 딜찍누하면 그만이고,전투 씬도 너무 깁니다 뽑기도 하다보면 다 뽑은거라 뽑는 재미도 없어지더라고요.. 결국 노가다 아님 현질인데 노가다가 재밌는 사람이 어디있습니까.. 카카오게임 치고는 소재도 좋고 잘 만든거 같지만 차라리 한가지를 좀 잘 만들어서 재미있게 게임의 방향을 바꿔보면 좋겠습니다. 그래도 정말 재밌게 플레이한 게임이기 때문에 별 5개 드리겠습니다 감사합니다",0,긍정
박광민,5,2023-02-01 10:32:02,이게임은정말재미가있습니다 그리고 정말잘만든게임입니다,0,긍정
차차기두,5,2023-02-01 07:15:31,갓겜 생각해요,0,긍정
현준호,5,2023-02-01 04:50:12,개인적으로 할만한 게임이다,0,긍정
송지훈,5,2023-02-01 01:39:16,😀,0,긍정
문성수,5,2023-01-31 23:39:05,재밌네요,0,긍정
조용민,5,2023-01-31 16:39:52,뽑기 개잘됨. 갓겜. 근데 하다보면 렌더링저하있음,0,긍정
컨트롤러,3,2023-01-31 14:24:35,취향 맞아서 다 좋은데 가슴 터치에 반응하는 거 기분 나쁨,0,중립
문준우,4,2023-01-31 13:53:18,뽑기기 ㅠㅠ,0,긍정
날마다허풍,3,2023-01-31 13:06:30,👍흥은 얼마 못 갔다..,0,중립
김경훈,4,2023-01-31 12:56:46,1달후기 게임 자체는 조합 이리저리 바꿔가며 머리쓰는 재미가 있네요 다만 캐릭터 개성이 너무 부족하고 스토리가 빈약해서 생각보다 게임에 몰입하기 어렵네요 아직까지는 운영이 준수해서 하루 1시간정도 가볍게 즐기기 좋은 게임같네요,1,긍정
김회장s,4,2023-01-31 11:47:52,난 조금 조잡하다는 생각이 드네 ㅋ,0,긍정
이정환,5,2023-01-31 11:46:40,오랜만에 잼나는게임 찾았네요~~긋~~,0,긍정
류석종,5,2023-01-31 09:14:25,굿,0,긍정
민사삼,5,2023-01-31 08:59:38,잼나요,0,긍정
최명섭,1,2023-01-31 08:29:56,현질 괜히 햇다 픽업 잘주지도 않고,0,부정
해찬들Haccp,5,2023-01-31 06:59:54,방치형이 아니고 컨텐츠가 방대하네요... 휴대폰을 놓지 못하게 하는 악마의 겜 ㅋㅋ,1,긍정
가온아빠,5,2023-01-31 06:20:58,굿,0,긍정
신재호,5,2023-01-31 05:31:37,갓겜,0,긍정
임주희,2,2023-01-31 03:12:43,"점검을 할때마다, (오후)9시부터 11시30분 까지이나 아님 12시까지 하니 출석을 못함",0,부정
드고아,5,2023-01-31 01:55:32,재미있네요,0,긍정
최종혁,5,2023-01-30 23:31:28,좋라요,0,긍정
박세룡(코카콜라주세용),3,2023-01-30 17:15:37,((장점) 캐릭터 잘 만들었음. 더빙 잘 됨) ((단점) 스토리가 너무 재미없음. 전투가 너무 지루함),0,중립
라냥시 (라냥시),1,2023-01-30 16:30:08,뭔가 씹덕이고싶은사람이 만든듯한 어정쩡한 씹덕겜 완성도가 미묘함,0,부정
대타,1,2023-01-30 16:10:58,작정하고 막아놓은 스테이지들 만날 때마다 혈압오름.,0,부정
민민TV,5,2023-01-30 15:28:37,적당히 한다면 무과금 아니면 진짜 소과금 유저도 충분히 즐길 수 있을거라 생각됨. 너무 한번에 진행한다는 생각말고 천천히 진행한다는 느낌으로.,0,긍정
김억근,5,2023-01-30 14:50:56,ㄱ ㅅ굿,0,긍정
외국제품,5,2023-01-30 13:58:25,재밌네요 추천합니다!!,0,긍정
박성재,4,2023-01-30 13:54:28,잼있어요^^,0,긍정
한서형,1,2023-01-30 13:34:39,게임 참 ㅈ 같네 결제도 그렇고 걍 망겜,0,부정
이대성,5,2023-01-30 13:16:34,이펙트가 이뻐요,0,긍정
하재구,5,2023-01-30 11:17:18,굿 좋아,0,긍정
수시아,5,2023-01-30 11:08:53,게임하기가 재미가있고 쉽게 진행이되는거 같아서 좋네요,0,긍정
김광일,5,2023-01-30 10:51:32,넘 재미있습니더,0,긍정
이봉철,5,2023-01-30 09:53:30,good.....,0,긍정
송병찬,3,2023-01-30 06:34:04,"전반적으로 시스템이 난해하고 복잡하게 보일 순 있겠지만 적응하면 할거리가 많게 느껴지는 게임 다만 자원수집이 힘들고,아레나의 벨런스 문제가 많이 있는 것이 불만이다 예)린지의 공업 효과와 뒷라인 딜러를 잘라먹는 스킬이 너무 강해서 합류전에 녹음 그리고 린지 특성상 공격력이 높은 적을 공격하기에 딜러 키우는 것보다 암살자 네명 키우는 게 더 좋을 것 같다고 생각",0,중립
달팽이,5,2023-01-30 04:46:46,재밌습니다,0,긍정
누더기 (강아지손수건),1,2023-01-30 04:03:59,소환확률 장난질해놔서 천장말고는 나오지를않네요 하지마세요 쓰레기겜임,0,부정
민씨,5,2023-01-30 03:15:26,탈리아 인연 코스튬 입은 상태에서 대전 후 승리 컷신 보여주는데 짤려있어요.. 탈리아가 묻혔습니다 ㅠㅠ 수정 부탁드림,0,긍정
이민호,5,2023-01-30 02:17:01,재밋네요?,0,긍정
김제헌,1,2023-01-29 21:49:11,댓글알바 디기 많네요 여러가지 게임 다짬뽕해놓은 게임 인거같아요 진짜 재미없네요 확률도 극악입니다 댓글 평점에 현혹되지마세요..,3,부정
이재영,5,2023-01-29 17:01:43,good,0,긍정
붉도부,4,2023-01-29 16:15:54,던전 꿀잼,0,긍정
Joon Yeon Hwang,5,2023-01-29 15:43:02,처음엔 이게 뭔가 싶다가 계속 하니 빠져나올 수가 없네요. 재미요소를 여기저기 다 흩어뿌려놓은 느낌입니다.,0,긍정
가나다,5,2023-01-29 13:33:35,절대 메인스토리 버그를 고치지마,0,긍정
Dong gil Lee,5,2023-01-29 12:50:52,재미있어요!!,0,긍정
한고조,5,2023-01-29 12:36:57,잘 만들었습니다. 특히 한국어 풀더빙과 한국적 느낌이면서 이쁜 캐릭터들이 있어서 맘에 듭니다. 다만 메인 컨텐츠와 스토리가 좀더 흥미진진했으면 더 좋았겠네요,0,긍정
푸른혜성,5,2023-01-29 12:12:40,재밌네요,0,긍정
안중열,4,2023-01-29 10:49:25,잼나네요,0,긍정
김덕겸,5,2023-01-29 10:38:09,잼있어요,0,긍정
이종한,5,2023-01-29 10:35:14,아직 과금을 1도 않았지만 충분히 재밌게 하고 있습니다. 전 확실함을 갖는다면 과감하게 과금을 할 생각입니다. 멋진 운영 드립니다!,0,긍정
민원기,5,2023-01-29 10:27:17,해보세요,0,긍정
천재민,1,2023-01-29 08:40:18,게임이 안켜지네요 들어가서 검은화면만 뜨고 아무것도 안뜹니다,1,부정
찬민,3,2023-01-29 08:22:19,인연퀘 오류좀 고쳐주셈,0,중립
그리핀,1,2023-01-29 08:21:52,망겜임 그냥 양산형으로 던져준 게임인듯 스토리성 1도 없고 현질해서 쎄지라고 유저 던져놓는 거나 다름 없고 뽑기도 그닥 공카는 카페 관리 알바가 부계로 계정 몇백개씩 돌리면서 리세해서 계정팔이하는것도 아니고 광고글들 정지도 안시키고 그거 뭐라하는 유저는 그 즉시 제재 및 카페 부계로 비하발언 댓글 몇십개씩 느닷없이 달림 운영진은 앞으로 업데이트될 내용이 사전에 유출된게 내부 관계자와 해당이 없다는데 운영은 전혀 그렇지가 않네 무과금으로 적당히 즐기다 발빼셈 일반유저 눈팅러 분들께 권장 손 대지 말고 딴겜하는것도 좋을듯,1,부정
박경배,5,2023-01-29 05:11:16,잼나네요,0,긍정
이유준,5,2023-01-29 04:18:15,굿!!,0,긍정
은해,2,2023-01-29 02:45:36,다좋은데 로딩시간에 겜하는시간과 흡사할정도.. Pvp도아니고 pve를 하는건데 로딩시간이왜케길어,0,부정
서동욱,5,2023-01-29 02:33:01,굿,0,긍정
NANA KIM,5,2023-01-29 02:24:09,굳 빨리ㅡ더 업데이트ㅡ되라,0,긍정
Vidia N (Nvidia),5,2023-01-29 01:36:46,재밌어요,0,긍정
이태양,5,2023-01-29 00:06:56,ㅣ재미나요,0,긍정
Fortes42 P,1,2023-01-28 20:37:21,이거 왜 도감이 없죠,0,부정
JH P,1,2023-01-28 18:08:04,전형적인 페이투윈 쓰레기 겜 ㅋ,1,부정
양원철,5,2023-01-28 16:27:24,잼나네,0,긍정
지운,5,2023-01-28 16:18:17,잼씀,0,긍정
박선우,5,2023-01-28 15:35:54,카카오 왜 서비스 잘 하는데;;... 불안하게,0,긍정
민이홍,5,2023-01-28 15:24:17,출석으로 좋은걸 많이줘서 과금을 않해도 쉽게 고수가 될 수있어요.,0,긍정
HA YOU,1,2023-01-28 15:11:08,"중국+일본 합작같은 게임 / 설지나고 나온 가온국 출신 캐릭터들도 딱히 한국 느낌 안들고 가온국 자체 배경도 중국에 가까워서 또 공정인가? 싶음. 전투 스킵 기능도 아레나밖에 없고, 매일 갱신되는 퀘스트의 허들도 많고. 영지에서까지 전투하고. 심지어 좋아보이고 인기있는 컨텐츠는 죄다 몰아넣어서 그런가 피로도만 높아짐.. 별 하나는 무과금도 즐긴만 해서 줌.",3,부정
윤현선,5,2023-01-28 14:35:40,공격하고싶은 적을 점사기능 추가해 주세요~,0,긍정
밍이밍이,5,2023-01-28 14:28:40,그래픽도 좋고 여러가지 재밌는 요소들이 많네요 계속 손이 갑니다,0,긍정
시민이,5,2023-01-28 13:32:47,재밌 효,0,긍정
박병찬,5,2023-01-28 12:02:26,재밌어요,0,긍정
검냥,3,2023-01-28 11:15:16,이게임저게임에서 다 따와서 만든 짜집기 짬뽕게임,0,중립
diskgaja,5,2023-01-28 10:21:57,할만합니다 ㅎㅎ,0,긍정
박동원,5,2023-01-28 08:47:45,스토리도좋구다괜찮이요,0,긍정
Z A,5,2023-01-28 07:18:55,컷씬들이 멋지네요,0,긍정
박재현,5,2023-01-28 07:01:57,재밌음,0,긍정
울엄마과메기,5,2023-01-28 04:43:25,재밋음 소과금으로 즐기기충분,0,긍정
jiwoung Oh,4,2023-01-28 01:55:06,수집형알피지,0,긍정
박정우,5,2023-01-28 01:46:05,처음으로 현질,0,긍정
김경천,5,2023-01-28 00:14:33,게임 스토리도 탄탄하고 여러 인연 스토리도 있어서 더욱 재미있다.,0,긍정
장범진,5,2023-01-27 23:39:25,재밌어요,0,긍정
리동그,5,2023-01-27 16:08:09,잼,0,긍정
브라운더스트2,5,2023-01-27 15:51:58,다른게임보다 뿌리는것도 많고 무 소과금도 쉽게할수있습니다!,0,긍정
쌤SW,5,2023-01-27 14:26:37,너무 재밌습니다,0,긍정
이준범2,4,2023-01-27 14:03:49,즐겁다,0,긍정
Rui Zhang,5,2023-01-27 13:52:56,에버 소울 사랑해 요,0,긍정
박주현,5,2023-01-27 13:49:08,재미있는게임,0,긍정
iu po,1,2023-01-27 13:04:56,한달 해 보고 느낀점. 스킵 기능이 없어서 진짜 개 불편..가장 큰 단점. 아레나 및 스테이지 밸런스 개판. 아레나 같은 경우 1~2만 하위 전투력에도 개발리는 경우가 있고 오히려 레벨 동기화로 있는 자리만 차지하고 있는 투력도 낮은 얘들로 똑같은 애들 다시 매칭시 이기는 경우 허다함.스테이지는 더 심하고..친구정령 빌려서 밀면 된다 하는데 그것도 투력 차이가 진짜 심하게 나지 않는 이상 빌리나 마나임.. 진짜 스킵 기능과 밸러스가 쓰레기라 그냥 접음.. 아 .한가지 더 정령 아르바이트 보내는 것도 밸런스 개판임..삭제 한다. 에휴..그냥 검사나 해야지,5,부정
김은아,5,2023-01-27 11:39:25,굿 잼나요,0,긍정
박윤수,5,2023-01-27 11:28:08,여태껏 많은 게임을 해봣지만 이만큼 잘만든 폰게임은 처음이네요... 대박입니다 진짜,0,긍정
크리스,5,2023-01-27 10:48:06,재밌네ㅎ,0,긍정
채세훈,5,2023-01-27 09:54:10,재미있네요.,0,긍정
김영철,5,2023-01-27 09:11:19,굿,0,긍정
D K,4,2023-01-27 08:03:15,숙제 너무 심해서 접었습니다 이벤트 클로이 수동 다섯판 강제한거 너무힘드네요,2,긍정
한재윤,4,2023-01-27 07:37:13,메피가 성벽에서 있어서 인연도랑 일을 못 시킴니다,0,긍정
권혁주,5,2023-01-27 06:25:55,굳,0,긍정
박영배,5,2023-01-27 04:53:42,재밌어요,1,긍정
정조이,5,2023-01-27 04:26:12,재미있게 잘 놀아요 ㅎㅎ,0,긍정
황승민,5,2023-01-27 03:59:39,대박,0,긍정
이대우,3,2023-01-27 02:07:38,재미는있는데 할게 별로없어요,1,중립
마림love,3,2023-01-27 01:38:30,그럭저럭,0,중립
김종빈,5,2023-01-27 00:59:55,갓겜,0,긍정
제임스,1,2023-01-27 00:28:55,케시결제했는데 아이템지급안해줌 사기게임임ㅋㅋ고객센터문의해도 해결안됨ㅋ,1,부정
YuBi Gwon,1,2023-01-26 23:44:25,아.. 튜토리얼 따라가다 터치도 안되고 아무 작동을 할수가 없어서 지울거임 그지같네 문의글 답도 없음 ㅃㄴㅇ1,1,부정
김철수,1,2023-01-26 21:22:55,로딩으로 사람을 죽일려고...,2,부정
행복하지마요,5,2023-01-26 19:48:04,재밋네요 ㅎㅎ,0,긍정
Seungkyu Jung,5,2023-01-26 18:15:44,잼있습니다,0,긍정
경용문,5,2023-01-26 15:11:31,갓겜 맞네요,0,긍정
SJHR o,5,2023-01-26 14:57:50,재밋게하고갑니다,0,긍정
ZeraphimKR,1,2023-01-26 14:48:19,또이에프케이 아레나,0,부정
황원용,4,2023-01-26 13:48:40,재미있네요,0,긍정
최계해,5,2023-01-26 12:45:18,그냥 잠깐해보려고 시작했는데 재미있네요 !추천,0,긍정
S.JUNIE LEE,5,2023-01-26 11:55:46,굿굿,0,긍정
Kiho J,5,2023-01-26 11:45:14,굿나잇,0,긍정
강승열,5,2023-01-26 11:16:12,재미와 이벤트 그리고 재화도 좋은데 다양한 조합을 구상하는게 재일이네요,0,긍정
Happoe,4,2023-01-26 10:46:06,재미있음,0,긍정
jungmin kim,5,2023-01-26 10:29:35,정말 오랜만에 과금했어요. 재미도 있고 이 게임이 오래 오래 서비스 되기를 바라는 맘에서..ㅎㅎㅎ 에버소울 넘넘 재미있어요. 같은 계열 5명이 모이면 버프를 받는게 너무 강력해서 다른 계열을 섞을 엄두가 잘 안나네요. ㅎㅎ,0,긍정
가을의검,5,2023-01-26 10:18:16,굿,0,긍정
장상진,5,2023-01-26 09:36:21,굿,0,긍정
ula,5,2023-01-26 08:46:32,잼슴,0,긍정
고병수,5,2023-01-26 06:26:49,할께 넘 많네 ㅋㅋ,0,긍정
이정규,4,2023-01-26 05:08:55,할만해요,0,긍정
HANI KIKI,5,2023-01-26 03:37:02,잼씨염,0,긍정
owl수알치,1,2023-01-26 03:31:31,"딱히 뭐가 없고 그냥 노잼이었음 사전예약했었고, 하다보면 재밌어지겠지 하고 버텨봤는데 여기까지인듯 재미도 감동도 없는 단순양산형",2,부정
Yuri,5,2023-01-26 02:47:04,굿,0,긍정
류지호,5,2023-01-26 02:26:55,잼나게 잘하고 있어요,0,긍정
양상진,5,2023-01-26 02:04:37,잼나게 놀고 있어요,0,긍정
UG K (KUG),5,2023-01-26 01:53:05,일러 이쁘네요,0,긍정
최기훈,2,2023-01-26 01:13:35,게임이 너무 과하다... 무슨 게임에 카톡도 있는지 내가 무슨게임을 하고있는지 도무지 알수가 없다 애니(스토리)도 너무 많고 게임하나에 너무 많은걸 담을려고 한다. 캐릭터들 하고 1.카톡도 해야 하고 2.만난서 인연도 쌓아야 하고 3.영지도 꾸며야 하고 4.영지 청소도 해야 하고 5.스토리도 진행해야 하고 6.전선돌파(이게 메인인거 같은데)도 해야하고 7.게이트도 돌파 해야 하고 8.전선돌파때마다 스토리 애니도 너무 많고 9.게임로딩도 생각보다 조금 있다. 10.기록보관소에서 스토리 애니도 봐야하고(보상) 이거 게임이 너무 과하다 이것저것 너무 많다 상당히 피곤한 게임이다 중간 중간 너무 많이 흐름을 끊는다. 그것도 너무 많이 끊는다.,1,부정
신기보,5,2023-01-26 00:57:20,잘만들었어요,0,긍정
백효범,5,2023-01-26 00:46:45,안녕하세요 에버소울을 즐기고있는 유져입니다 항상 재밌는 게임을 위해 노력하시는 운영자님들께 감사합니다 아야메 챕터4 인과의 죄 인연스토리 진행중에 게임이 저절로 꺼지는 현상이 발생합니다 개선 부탁드립니다 ㅠㅠ,0,긍정
김규호,5,2023-01-25 23:44:06,미미미,0,긍정
노주현,5,2023-01-25 22:39:33,볼거리가 많아서 좋네요,0,긍정
Maro. T,5,2023-01-25 18:40:07,음 일단 플레이해본결과 생각보다 한계점에 금방 부딪힙니다 게임은 굉장히 재밌는데 너무 빨리 빨리는 재화..주기적으로 파밍할수있는것도 기다리는것밖에없고 에피소드는 한번깨면 끝이라 솔직히 조금 아쉽긴 합니다만 주기적으로 상위등급 정령도 얻을수있고 아직 초창기라 더 두고봐야 알겠지만 일단은 5점주고싶습니다,0,긍정
유현종,5,2023-01-25 17:56:23,재밌어요,0,긍정
공이아빠,1,2023-01-25 17:40:18,졸려,1,부정
임정완,5,2023-01-25 16:23:42,good,0,긍정
전피엘,4,2023-01-25 16:06:15,무난하게 있을 건 다 있습니다,0,긍정
Kim Yuna-JJang,1,2023-01-25 15:20:41,갤럭시 울트라 20 기종인디..중간중간 로딩이 기오..숨넘어가것네. 심지어 클릭이 먹통..ㅋㅋㅋㅋ connecting...... 길드 가입 요청 후 해당 길드에서 승인을 안하면 다른곳 가입 신청도 불가함.. 이거 언제까지 오류 뜨면서 길드 가입 신청도 못해야함??? 지금까지 플레이 후기...하지마. 다른거해.,4,부정
SUNGJIN PARK,5,2023-01-25 15:02:10,잼있네요~~할수록,0,긍정
가나요,3,2023-01-25 13:12:27,엔진이 안좋은거지 모르겠지만. 폴드4인데도 로딩은 그렇다치고 버벅거림이 심하네요,0,중립
사람,5,2023-01-25 12:55:32,재밌음,0,긍정
꽹이,5,2023-01-25 12:35:42,개잼슴...,0,긍정
Hong여름,5,2023-01-25 12:11:51,재밌다,0,긍정
JH Smile,1,2023-01-25 12:10:17,살다살다 이런 게임 진짜 처음본다 현질 안하면 진행자체가 불가 ㅆㄹㄱㄱㅇ,2,부정
김서진,5,2023-01-25 12:08:22,재밌음,0,긍정
ᄋ,5,2023-01-25 11:39:05,"재밌어요. 캐릭터 3d모델링이 처음에는 허술하다 생각했는데, 지금은 오히려 그게 하찮은 귀여움이 있네요. 클라라 같은 애들이 그래요.. 너무 귀엽습니다. 미니 캐릭터들이 꼬치 구워먹고 그러는 거 멍하니 보고있는 재미도 있고요.. 더 많은 모션이 있어도 좋을 것 같아요. 앞으로 재미있는 이벤트 콘텐츠 기대합니다!",1,긍정
오늘의교주,5,2023-01-25 11:24:03,할만함,0,긍정
jinsung park,5,2023-01-25 10:38:59,좋네요,0,긍정
유에,5,2023-01-25 10:13:13,넌 올라가라,0,긍정
::슈쿤::,5,2023-01-25 09:56:54,잼나용,0,긍정
가야백,1,2023-01-25 09:29:52,플레이어 정보에 문제가 발생 했다고 접속도 안되고ᆢ계속 95%에서 더이상 안넘어가요ㅜㅜ하ᆢ진짜 답답해 죽겠네요ㅜㅜ 빨리 처리좀 해주세요ᆢ결제도 하고 오픈날부터 지금 한창 하고 있는데ㅡㅡ답변주세요ㅡㅜㅜ,0,부정
이명권,5,2023-01-25 09:01:05,소소하니 재밋네요,0,긍정
김진우,5,2023-01-25 08:51:01,잼있습니다,0,긍정
Sygnamu Wonderful life,5,2023-01-25 06:13:41,좋아요 잼나요,0,긍정
신규진,1,2023-01-25 04:53:13,WOW!세상에 이런 게임은 처음 봤습니다. 어찌 이런게임을 만들까라는 생각을 했어요.!! 게임이 계속 튕기는게 정상인가요? 내가 이게임 드러워서 안합니다.,2,부정
뭐요,5,2023-01-25 04:47:09,개꿀잼,0,긍정
김태중 (율아빠),5,2023-01-25 03:33:40,굿,0,긍정
김대광,5,2023-01-25 02:16:06,하하하,0,긍정
최홍신,4,2023-01-25 00:48:51,스토리 지루한거 빼면 나머진 괜찮은듯,0,긍정
이화빈,5,2023-01-25 00:44:37,뽑기도 스토리도 꿀잼,0,긍정
4582 y,5,2023-01-24 23:17:48,과금유도도 적고 괜찮음,0,긍정
꼬북이,5,2023-01-24 21:59:08,재밋ㅇㅅ어요,0,긍정
ᆞᆞ,5,2023-01-24 19:34:28,다른사람하고하는컨텐츠좀내주세요,0,긍정
당당한씹덕,5,2023-01-24 17:41:47,오류 수정이 빠르네요 정상 접속 가능합니다. 1/25(수) 02:40 오류발견 에버톡 화면 제이드 프로필 이미지가 스크롤 시 에버톡 글자 위로 지나감.,1,긍정
??????????????????,5,2023-01-24 16:23:08,메피가 귀엽네요,0,긍정
차재훈,5,2023-01-24 16:12:47,재미있게 하고 있어요,0,긍정
김승준,5,2023-01-24 15:50:47,오덕십덕게임 스킵없었으면 항마력부족 시스템은 재밋음,0,긍정
이상명,5,2023-01-24 15:50:15,잼,0,긍정
권호원,5,2023-01-24 15:28:21,"주인공 구원자와 정령들의 사랑과 유대와 교감이 세상을 구한다. 재미있습니다. 즐길 것도 많고요. 전투도 전투지만, 인연 스토리는 더욱 흥미롭습니다.",0,긍정
미냥 (냥미센세),2,2023-01-24 14:39:39,음 딱히 재밌는게임도 아니고 스테이지를 깨야만 스토리가 나와서 할 컨텐츠가 없어요...;;,1,부정
tasty hill,5,2023-01-24 14:22:44,메피쨩..♡,0,긍정
박지애,4,2023-01-24 13:33:53,"재미있게 하고 있는데, 정령 미카가 영지에 계속 끼어있어서 호감도를 올리기가 좀 곤란하네요. 이거 버그인것 같은데 이번 업데이트에 반영이 안되서 좀 그랬어요.",0,긍정
김태성,5,2023-01-24 13:20:24,조아따..,0,긍정
ᅳ.,5,2023-01-24 13:13:42,진짜 재밌네요 무과금도 이렇게 대우해주면 과금하고 싶어질듯,0,긍정
남임동균,5,2023-01-24 12:29:39,굿,0,긍정
이그녕,5,2023-01-24 12:07:50,고퀄 재밌음,0,긍정
하하하하,5,2023-01-24 11:14:45,굿,0,긍정
hs w,4,2023-01-24 10:54:58,어리벙벙,0,긍정
김정훈,5,2023-01-24 10:51:47,좋아요,0,긍정
별,4,2023-01-24 10:45:51,재미있어 요,0,긍정
이영원,4,2023-01-24 10:15:32,소소함,0,긍정
김창현,5,2023-01-24 09:12:40,훌륭한 게임 해볼만한 게임 임다,0,긍정
종선장,4,2023-01-24 08:23:21,캐릭터는 예쁜데 컨트롤해야할 컨텐츠가 너무 많다,0,긍정
띨꾸왕꾸왕꾸왕,5,2023-01-24 08:15:40,굿,0,긍정
랑그죠,5,2023-01-24 08:02:10,재미있어요 일러도 이쁘고,0,긍정
이우,5,2023-01-24 07:52:37,오랜만에 재밌게 함,0,긍정
HN엘리,5,2023-01-24 07:20:50,"뽑기,가챠 스트레스로 지친 자들을위한 힐링가챠게임",0,긍정
박종웅,4,2023-01-24 06:43:31,재미,0,긍정
고석영,5,2023-01-24 06:36:32,인생게임,0,긍정
mlskkd aa,5,2023-01-24 06:36:16,skekememe,0,긍정
크아앙,5,2023-01-24 05:43:50,카카오게임즈 주식 좀 올라라ㅜㅜ얼마안되는 제산 반토막 났다ㅜㅜ,0,긍정
성재현,5,2023-01-24 05:13:30,저는 개인적으로 시간 가는줄 모르고 재미있게 하고 있습니다 ㅎㅎ,0,긍정
매신,5,2023-01-24 04:52:03,굿,0,긍정
이경헌,5,2023-01-24 04:50:02,재밌어요,0,긍정
펭돌이,1,2023-01-24 04:47:47,게임 평가고 뭐고간에 일단 접속이 아예 안됨. 첫 로딩화면에서 start 누르면 그냥 프로그램 강제 종료됨. 오류 먼저 고치고 서비스 런칭 해야할듯,1,부정
종현김,5,2023-01-24 04:44:28,재밋음,0,긍정
희별,5,2023-01-24 04:17:37,이대로만 해주십쇼 사용자들의 말을 잘 들어주시면서 빠른 패치 감사합니다.,0,긍정
;ᄉ;,5,2023-01-24 04:07:55,중간에 막혀도 꾸준히 재화수급이 가능해서 과금 크게 안해도 플레이가 가능해서 좋아요,0,긍정
김지훈,5,2023-01-24 04:05:11,잼써용,0,긍정
농노노노니,5,2023-01-24 03:31:18,재밌네요,0,긍정
장한길,5,2023-01-24 03:31:12,"엄청난 갓겜임, 액션, 연애, 스토리, 마을 만들기, 어드벤처를 즐길수있음",0,긍정
정대섭,5,2023-01-24 03:30:37,카겜 갓갓갓,0,긍정
jjs8520 jjs,5,2023-01-24 03:28:40,잼있네요 ㅎ,0,긍정
Bebop Blues,5,2023-01-24 03:13:24,꼭해라 갓겜이다,0,긍정
전태준,5,2023-01-24 02:43:39,"게임 재밌게 하고 있습니다. 근데 컨텐츠 깨기가 많이 빡세네요 차원의 미궁 적들 스펙 너프하고, 주간 퀘스트 아레나 15회 승리를 15회 참가로 바꿔줬으면 좋겠습니다. 타겜과 다르게, 주간 퀘스트 100점 채우기가 너무 힘드네요",0,긍정
sejin Jeon,5,2023-01-24 02:14:21,캐릭터 이쁨,0,긍정
양준렬,3,2023-01-24 01:53:00,연출이 좀 아쉽네요,0,중립
of world Top,4,2023-01-24 01:13:08,게임 자체는 정말 재밌습니다. 메인스토리 제2장 에피소드1 누르면 렉이 걸려 넘어가질 않네요. (여러차례 시도함) 버그같은데 수정 부탁드립니다. 앞으로도 꾸준한 개발 부탁드려요.,0,긍정
차립,5,2023-01-24 00:30:44,강추,0,긍정
Jaeoh Choi,2,2023-01-23 23:47:38,8-35는 깨라는거냐 깨지말라는거냐. 8-35깨기위해 결국 돈을 쓰든 노가다를 한달학든... 죽일만하면 무적버프쓰는 몬스터 처음봄... 때려도 피가 안줄고 힐러가주는 힐러 피채워짐,0,부정
모키,2,2023-01-23 23:32:10,뭐 이게 재밌으면 안재밌는 게임이 어딨겠나 부럽다,0,부정
화루임,5,2023-01-23 23:00:12,갓겜,0,긍정
최희정,2,2023-01-23 18:24:03,굿,0,부정
안현민,5,2023-01-23 16:55:58,재미있게하고있어요 그런데 상점에 샤링상호작용 모션이 서로 바뀐것 같은데 맞나요?,0,긍정
양현욱,5,2023-01-23 16:52:05,재밌음,0,긍정
문봉기,5,2023-01-23 16:03:48,초반 천천히하면 할만은 한데 좀더 해봐야겠음....,0,긍정
노학래,5,2023-01-23 15:44:54,개꿀잼,0,긍정
최병흥,3,2023-01-23 15:29:31,할만함,0,중립
조정흠,5,2023-01-23 15:09:44,생각보다 재밌는걸? 좀더해바야지 ㅎㅎ,0,긍정
루나니머스,5,2023-01-23 14:42:42,생각보다 재밌다. 아기자기한 맛도 있고 중간중간 나오는 캐릭터 보이스도 맘에든다.,0,긍정
ff d,5,2023-01-23 14:36:49,"재밌긴한데 뭔가 성우 돌려쓰기했다는 느낌이 강해서 재미가 반감이됨.(비슷한 목소리 성우가 있어서 돌려쓰는 기분?인데 기분탓인가?? 예를들면 린지하고 캐서린, 그리고 3장1절에나오는 마을소녀 목소리가 비슷하게 들림) 그래도 풀더빙이라는거에 만족함! +메피가 매우 커엽고 목소리도 좋으니 4점, 풀더빙이 좋으니 2점추가에 비슷한 목소리가 자꾸 출현해 스토리 몰입이 떨어져 -1점으로 5점드림. 결론 메피 짱짱",0,긍정
유앤더슨,1,2023-01-23 14:23:25,노잼,0,부정
Min Gyu kim,4,2023-01-23 13:45:43,so so,0,긍정
지리산원천징수,5,2023-01-23 13:24:07,최곱니가,0,긍정
김경필,5,2023-01-23 12:58:31,이런 게임은 처음인데 잼나네요,0,긍정
정한진,5,2023-01-23 12:43:50,잼,0,긍정
가요무대,4,2023-01-23 12:34:51,다 좋은데 로딩 기네요,0,긍정
정주현,5,2023-01-23 12:10:53,호감도에따른 터치 감정표현 추가점,0,긍정
백신후,5,2023-01-23 11:32:54,잼네,0,긍정
김준수,5,2023-01-23 11:24:13,재미있어요,0,긍정
옴냠,4,2023-01-23 10:44:13,재미있어요,0,긍정
sung yeol lee,5,2023-01-23 10:24:21,굿,0,긍정
KJH,5,2023-01-23 10:08:39,재밌네요,0,긍정
DJ_Ceos “Crizzy”,1,2023-01-23 09:25:44,"확율진짜,,,역시",1,부정
양현진,5,2023-01-23 08:40:46,재밌어요,0,긍정
오그링,3,2023-01-23 08:16:30,전반적으로 다 괜찮다. 구성 갖추는데 많은 공을 들인건 알것 같다. 그래서 그런지 다른 화면으로 넘어갈때 로딩시간이 길다. 치명적인 단점은 1. 스토리가 재미없다. 쓸데없는 말이 너무 많다. 2. 전투가 너무너무 지루하다. 기본 전투시간을 다 채우는 경우가 많다. 각 케릭들이 궁쓸때마다 모션화면 때문에 전투 맥이 자주 끊긴다.(모션화면을 꺼도 몇초씩 멈춰서 기술쓰는거 보여줌) 때문에 1분30초의 전투시간도 실제는 2분 넘는다. 궁이 miss 뜸. 대환장함. 점사가 안됨. 전부 개핀데 잡지를 못함. 힐은 잘들어가서 개피들 조금 있다보면 만피되어 있음. 아직은 할만함.... 근데... 계속 할지는 모르겠음... 그나마 재화등 이것저것 잘 줘서 하고는 있음.,91,중립
졸키 (온다지),5,2023-01-23 07:35:10,잼있네요 다만 중간급 요정들이 있었으면 좋겠는데 그게 아쉽네요,0,긍정
이철민 (2lcm),4,2023-01-23 07:24:08,버그 수정해주세요,0,긍정
띠루거,5,2023-01-23 06:54:18,잼나요,0,긍정
HJ,2,2023-01-23 04:54:09,현질없이 재밌게했는데 막히는스테이지가 몇일을해도 밀어지지않아 떠납니다ㅠㅠ,0,부정
이승환,5,2023-01-23 04:09:30,굿,0,긍정
정용흠,4,2023-01-23 04:06:46,시간가는줄 모르고 게임하네요,0,긍정
김정곤,5,2023-01-23 03:52:40,게임도 재밌고 그래픽도 좋고 케릭터도 너무 이뻐요. 월등이 요새나온 게임중 가장 나은거 같에요 케릭터 빨리 키우려면 캐시가 필요하나 소과금 무과금도 방치형으로 꾸준이하면 따라갈수 있게 만들어놨어요. 꾸준한 업데이트 기대합니다 ♥,1,긍정
불타는감자,1,2023-01-23 03:32:10,일단 해보고ㅡㅡ,0,부정
Youza Bro,5,2023-01-23 03:31:50,재밋음,0,긍정
암흑집정관,5,2023-01-23 02:37:53,케릭이 마음에듬,0,긍정
김재관,5,2023-01-23 02:17:53,우리 용호가 참 재밋게 합니다,0,긍정
이정혁 (고블린 남작),5,2023-01-23 01:13:01,귀엽고 재미있다!,0,긍정
염석현,5,2023-01-23 01:11:41,굳,0,긍정
최정현,5,2023-01-23 01:09:06,"캐릭터 육성 편하고 조합, 매니징은 최고~",0,긍정
최양준,4,2023-01-23 01:06:09,굿,0,긍정
lottobagi로또배기,5,2023-01-23 00:59:42,혜자게임!!,0,긍정
향기를,5,2023-01-23 00:18:39,대박입니다,0,긍정
기용현,5,2023-01-22 23:54:56,재밌네요,0,긍정
임승준,1,2023-01-22 23:26:17,양산형,0,부정
노현준,5,2023-01-22 23:07:43,굿,0,긍정
이재연,5,2023-01-22 20:37:05,일러스트와 스토리 보는 재미가 있네요,0,긍정
SY밀루,5,2023-01-22 17:38:47,오오,0,긍정
So SO,5,2023-01-22 15:10:14,재밌습니다,0,긍정
박희찬,1,2023-01-22 15:06:19,아니 검정화면 고쳐줘요 ㅠ,0,부정
김기수,5,2023-01-22 15:05:19,굳,0,긍정
DaeHeon Park,5,2023-01-22 15:02:02,게임도 쉽고 무과금도 어느정도 가능한 준수한 게임입니다 굿굿,0,긍정
오대근,5,2023-01-22 14:24:46,굿,0,긍정
배주환,5,2023-01-22 14:04:33,아직잘모르겠어요,0,긍정
coro bini,1,2023-01-22 13:49:48,뭔가 특이 시스템도 없고...그냥 그럼 ㅇ용량만 많은..,1,부정
박경성,3,2023-01-22 13:41:51,운영자님 버그 있어요. 메인 퀘스트 별이 잠드는 동굴이 안깨져요.,0,중립
chung-lip Kim,4,2023-01-22 13:23:10,즐잼,0,긍정
MyungSung Ko,4,2023-01-22 13:17:25,결제 오류났습니다. 해결 부탁드립니다. 오류번호 34105,0,긍정
손희상,5,2023-01-22 13:05:15,괜찮은 게임인것 같네요,0,긍정
양현성,5,2023-01-22 12:47:51,굿,0,긍정
김민범,5,2023-01-22 12:44:50,굿굿,0,긍정
정승화,5,2023-01-22 12:37:50,재미있습니다. 스토리만 즐겨도 충분하고요. 근데 손 엄청많이갑니다 ㅎㅎ,0,긍정
삼태극,3,2023-01-22 10:54:43,그럭저럭?,0,중립
샴발라,5,2023-01-22 09:43:07,완전 몰입해서 하루종일 하고있어요,0,긍정
hey yotu,5,2023-01-22 09:35:25,무과금 게임,0,긍정
김륜우,5,2023-01-22 08:00:57,재밋어요,0,긍정
김순현,3,2023-01-22 07:28:26,게임은 좋습니다 문제는 소환할때마다 몇번 팅기는 현상있습니다 이거빼고는 좋습니다,0,중립
이혜리,5,2023-01-22 07:06:49,제가여자라 게임주인공이 여자래서좋고 게임재밋게잘하고잇습니다,0,긍정
star후르츠,4,2023-01-22 06:55:29,일단 일러스트도 괜찮고 사료량도 괜찮은데 전투 모션이랑 스토리 모션이 조금더 깔끔했으면 좋겠다 한국겜 중에 아직 괜찮은겜 못 찾겠던데 에버소울이 괜찮은겜에 속하는듯 싶네 일단은 추천,0,긍정
백종엽,5,2023-01-22 06:04:31,"캐릭터 디자인, 스토리, 컨텐츠. 뭐 하나 부족한게없는 게임이네요 :)",0,긍정
woowangkgoodk,1,2023-01-22 05:29:13,설차 하다가 삭제함,0,부정
김장군,5,2023-01-22 05:03:03,아주 재미있게 하고 있어요,0,긍정
최현영,5,2023-01-22 03:59:09,"장점1. 캐릭터를 키우기 쉬움 초반에 원하는 캐릭을 얻기 쉬워 즐거움 또한 크다 장점2. 대부분의 게임과는 달리 꾸미기, 수집형, 각 정령들의 이야기 등 여러 형식의 게임이 합쳐저 있다면 한 요소는 재미가 없는게 정상이지만 이 게임은 어떠한 요소도 빠짐없이 재미있다 단점. 1뽑기를 30번 하면 에픽 확정이기는 하나 30번 60번등등 보상을 단계별로 나누고 가각 보상을 다르게 한다면 뽑기를 위해서라도 더욱 열심히 할 것 같다. 단점2. 가장 중요한 문제인데 영지 꾸미기를 기존 캐릭터가 건물을 움직여 설치하는 형식이 아니라손으로 건물을 끌어서 옮기는 형식으로 바뀌어야 함 그리고 건물 등을 철거할 때 한 번에 초기화나 손으로 누르면 바로 철거되는 형식이 추가되어야 한다",13,긍정
이휘빈,5,2023-01-22 03:49:15,굿,0,긍정
